,orb_phase,norm_flux
0,0.43836497532328167,1.000096
1,0.4401839775131293,0.999885
2,0.44209392982730833,1.00006
3,0.4439129320172128,1.0002
4,0.4458228842890435,1.000094
5,0.44764188647889114,0.999882
6,0.44955183879307015,0.999965
7,0.4513708409829178,0.999855
8,0.45318984317276545,1.000027
9,0.4550997954445961,0.999899
10,0.4569187976345006,0.999904
11,0.4588287499486796,0.999947
12,0.46064775213852727,0.999908
13,0.46255770441035793,1.0001
14,0.4643767066002056,0.999961
15,0.46619570879005323,1.000056
16,0.46810566110423224,0.999988
17,0.46992466329413674,1.000047
18,0.47365361775581505,1.000135
19,0.47556357006999406,1.000145
20,0.4773825722598417,1.000075
21,0.47920157444968936,0.99996
22,0.48111152676386837,1.000048
23,0.48293052895377286,0.999995
24,0.4848404812256035,0.999781
25,0.4866594834154512,1.000082
26,0.4885694357296302,0.999999
27,0.49038843791947784,0.999958
28,0.4922074401093255,0.999926
29,0.49593639457106065,0.999996
30,0.49784634688523965,1.000018
31,0.4996653490750873,1.000019
32,-0.49842469865308203,1.000072
33,-0.4966056964632344,1.000065
34,-0.49478669427338673,1.000023
35,-0.4928767419592077,1.000024
36,-0.4910577397693032,1.000043
37,-0.4891477874551242,1.000092
38,-0.4873287853076249,0.999867
39,-0.4854188329934459,0.999913
40,-0.48359983080359825,0.99982
41,-0.48168987848941924,1.000048
42,-0.4798708762995716,0.999938
43,-0.4780518741096671,0.999975
44,-0.47614192183783643,1.000002
45,-0.4743229196479888,1.000069
46,-0.4724129673338098,0.999986
47,-0.4705939651439621,1.000091
48,-0.46868401287213146,1.000059
49,-0.4668650106822838,0.999989
50,-0.4650460084923793,1.000047
51,-0.4631360561782003,0.999868
52,-0.459407101716522,0.999997
53,-0.45758809952667434,0.999987
54,-0.45567814721249533,1.000122
55,-0.4538591450226477,1.000038
56,-0.4520401428327432,0.999978
57,-0.4501301905185642,0.999921
58,-0.4483111883710649,0.999939
59,-0.44640123605688586,0.999969
60,-0.4445822338670382,1.000086
61,-0.4426722815528592,1.000052
62,-0.44085327936301155,0.999987
63,-0.43903427717310706,0.999994
64,-0.43712432490133324,0.999881
65,-0.43530532271142874,1.000032
66,-0.43339537039724974,0.999938
67,-0.4315763682074021,1.000084
68,-0.4296664159355714,0.999862
69,-0.42784741374572377,1.00016
70,-0.4260284115558761,0.999872
71,-0.4241184592416971,0.999936
72,-0.4222994570517926,1.000036
73,-0.42038950477996195,1.000044
74,-0.4185705025901143,0.999888
75,-0.41484154808608764,1.000088
76,-0.41293159577190863,1.000126
77,-0.41111259358200414,1.000045
78,-0.40929359143450483,1.000125
79,-0.4073836391203258,0.999967
80,-0.4055646369304782,1.000091
81,-0.40365468461629916,1.000039
82,-0.4018356824264515,0.999845
83,-0.39992573015462085,1.000012
84,-0.3981067279647732,1.000056
85,-0.3962877257748687,1.000037
86,-0.3943777734606897,0.999943
87,-0.39255877127084204,0.99988
88,-0.3906488189990114,1.00002
89,-0.38882981680916373,1.00013
90,-0.3869198644949847,1.000121
91,-0.38510086230513707,0.999689
92,-0.3832818601152326,0.999988
93,-0.3813719078434019,0.999927
94,-0.37955290565355426,1.00002
95,-0.37764295333937525,1.000056
96,-0.3758239511495276,1.000018
97,-0.3739139988353486,1.000074
98,-0.3702759944979448,0.999901
99,-0.3683660421837658,1.000046
100,-0.36654703999391813,0.999937
101,-0.3646370876797391,0.999917
102,-0.3628180854898915,0.999968
103,-0.3609081332180608,1.000024
104,-0.35908913102821316,0.999935
105,-0.35727012883830866,0.999982
106,-0.35536017652412966,1.000073
107,-0.353541174334282,1.000025
108,-0.35163122206245134,1.000116
109,-0.3498122198726037,0.999931
110,-0.3479022675584247,0.999905
111,-0.34608326536857703,1.000036
112,-0.34426426317867254,1.000199
113,-0.3423543109068419,1.000023
114,-0.3405353087169942,0.999944
115,-0.3386253564028152,0.999964
116,-0.33680635421296756,1.000117
117,-0.33489640189878855,1.000017
118,-0.33307739975128925,1.00014
119,-0.33116744743711024,0.99992
120,-0.32934844524720575,1.000013
121,-0.3256194907431791,0.999998
122,-0.32380048855333143,0.99983
123,-0.32189053628150077,1.000051
124,-0.3200715340916531,0.999908
125,-0.3181615817774741,0.99991
126,-0.3163425795875696,1.000009
127,-0.31452357739772197,0.999972
128,-0.3126136251258913,0.999958
129,-0.31079462293604365,1.000042
130,-0.30888467062186464,1.00006
131,-0.307065668432017,0.999988
132,-0.30515571616018633,0.999995
133,-0.30333671397028183,0.999977
134,-0.3015177117804342,0.999949
135,-0.2996077594662552,1.00007
136,-0.2977887572764075,1.000045
137,-0.2958788049622285,1.00003
138,-0.2940598028147292,1.000034
139,-0.2921498505005502,1.000109
140,-0.2903308483106457,0.99997
141,-0.28851184612079805,0.99993
142,-0.28660189380661905,0.999936
143,-0.2847828916167714,1.000159
144,-0.2810539371550931,0.999842
145,-0.2791439848409141,0.999861
146,-0.2773249826510096,1.000182
147,-0.2755059804611619,1.000033
148,-0.27359602818933126,0.999987
149,-0.2717770259994836,0.999842
150,-0.2698670736853046,0.999955
151,-0.26804807149545695,1.000134
152,-0.2661381192236263,1.000163
153,-0.26431911703377864,1.000097
154,-0.26240916471959963,0.999983
155,-0.2587711603398475,0.999993
156,-0.2568612080256685,0.999863
157,-0.25504220587816917,0.999984
158,-0.25313225356399016,0.999997
159,-0.2513132513741425,1.000008
160,-0.2494032990599635,1.000003
161,-0.247584296870059,0.999924
162,-0.24576529468021135,0.999995
163,-0.2438553424083807,1.000037
164,-0.24203634021853304,1.000045
165,-0.24012638790435403,1.000039
166,-0.23639743344267572,1.000095
167,-0.23457843125277122,0.999843
168,-0.23275942906292357,1.000023
169,-0.23084947674874456,1.00005
170,-0.2290304745588969,0.999892
171,-0.22712052228706625,1.000022
172,-0.2253015200972186,0.999966
173,-0.2233915677830396,0.999798
174,-0.2215725655931351,1.000066
175,-0.21975356340328744,0.999999
176,-0.21784361108910844,0.999815
177,-0.21602460894160913,1.000111
178,-0.21411465662743012,1.000072
179,-0.21229565443758247,1.00001
180,-0.21038570212340346,0.999968
181,-0.20856669993349897,0.999675
182,-0.20674769774365132,1.000086
183,-0.20483774547182065,1.000024
184,-0.203018743281973,1.000067
185,-0.201108790967794,1.000059
186,-0.19928978877794634,1.000005
187,-0.19737983650611568,1.000044
188,-0.19556083431621119,0.999902
189,-0.19183187981218452,1.00024
190,-0.19001287762233687,0.99999
191,-0.1881029253505062,1.000238
192,-0.18628392316065856,1.000061
193,-0.18437397084647955,1.000107
194,-0.18255496865657506,1.000087
195,-0.1770070120050491,0.999993
196,-0.17509705969087008,0.999964
197,-0.17327805750102243,0.999868
198,-0.17136810518684342,0.99987
199,-0.16954910299693893,0.99988
200,-0.16763915072510827,0.999987
201,-0.16582014853526061,1.000009
202,-0.16400114634541296,1.000015
203,-0.16209119403123395,1.000002
204,-0.1602721918413863,1.000184
205,-0.15836223956955564,1.000067
206,-0.15654323737965115,0.999876
207,-0.15463328506547214,0.999971
208,-0.15281428287562449,1.000014
209,-0.15099528068577683,0.999983
210,-0.14908532841394617,0.999872
211,-0.14726632622409852,0.999939
212,-0.1453563739099195,1.000072
213,-0.14353737172001502,1.00004
214,-0.141627419405836,1.000023
215,-0.1398084172583367,0.999964
216,-0.13798941506848905,1.000144
217,-0.13607946275431004,0.999982
218,-0.1342604605644624,0.999867
219,-0.13235050825028338,0.999934
220,-0.1305315060603789,0.999956
221,-0.12862155378854823,1.000191
222,-0.12498354940885292,0.999976
223,-0.12307359709467391,0.999884
224,-0.12125459490482626,0.999854
225,-0.1193446426329956,1.000191
226,-0.1175256404430911,0.999911
227,-0.1156156881289121,1.000022
228,-0.11379668593906445,1.000107
229,-0.11188673366723378,0.999973
230,-0.10824872928753848,1.000047
231,-0.10633877697335947,0.99994
232,-0.10451977478345498,1.000093
233,-0.10260982246927597,0.999833
234,-0.10079082032177666,1.000114
235,-0.09888086800759766,0.999939
236,-0.09706186581775,1.00008
237,-0.09524286362790235,0.999923
238,-0.09333291131372334,0.999899
239,-0.09151390912381885,0.999949
240,-0.08960395685204503,1.000122
241,-0.08778495466214054,0.999862
242,-0.08587500234796153,1.00012
243,-0.08405600015811387,0.999932
244,-0.08223699796826622,0.99996
245,-0.08032704569643556,1.000064
246,-0.07850804350658791,1.000048
247,-0.0765980911924089,0.999948
248,-0.0747790890025044,0.999941
249,-0.07286913673067374,0.999989
250,-0.0710501345408261,0.999994
251,-0.06923113235097844,1.000054
252,-0.06732118003679943,1.000103
253,-0.06550217784695178,1.000011
254,-0.06359222553277277,1.000038
255,-0.061773223385216625,1.000051
256,-0.058044268881189964,1.000178
257,-0.05622526669134231,0.99993
258,-0.054315314377163304,0.999856
259,-0.05249631218731565,1.000029
260,-0.05058635991548499,0.99995
261,-0.048767357725580496,1.000041
262,-0.04685740541140149,1.000006
263,-0.045038403221553835,1.000032
264,-0.043219401031706184,1.000098
265,-0.04130944875987552,1.00011
266,-0.03949044657002787,1.000018
267,-0.03576149206594437,0.999902
268,-0.033851539794113705,1.000137
269,-0.032032537604266054,1.000032
270,-0.030122585290087045,0.999971
271,-0.028303583100239393,1.000006
272,-0.026484580910391742,0.999904
273,-0.024574628596212733,0.999966
274,-0.022755626448656585,0.999688
275,-0.020845674134477576,1.000048
276,-0.019026671944629925,1.000019
277,-0.017116719630450916,0.999889
278,-0.015297717440603265,1.000081
279,-0.013478715250755613,0.999974
280,-0.011568762978924951,0.999884
281,-0.009749760789020456,0.999952
282,-0.007839808474841448,0.999516
283,-0.006020806284993796,0.999129
284,-0.004110854013163134,0.9989
285,-0.0022918518233154828,0.999037
286,-0.00047284963346783115,0.998995
287,0.0014371026807111775,0.999086
288,0.0032561048706156726,0.999034
289,0.005166057142446334,0.999116
290,0.006985059332293986,0.999155
291,0.008895011646472994,0.9999
292,0.010714013836320646,0.999993
293,0.012533016026168298,1.000151
294,0.01444296829799896,1.00001
295,0.016261970487903454,1.000038
296,0.018171922802082463,1.000082
297,0.019990924991930115,1.000071
298,0.021900877306109123,1.000194
299,0.023719879495956775,1.00004
300,0.025538881685804427,1.000107
301,0.027448833957635088,0.999788
302,0.029267836147539583,1.000048
303,0.031177788461718592,0.999955
304,0.03299679065156624,1.000029
305,0.034906742923396905,1.000138
306,0.03672574511324456,0.999968
307,0.03854474730309221,0.999883
308,0.04045469961727122,0.999958
309,0.04227370180717571,0.999856
310,0.044183654079006374,1.000021
311,0.046002656268854025,1.000053
312,0.047912608583033034,1.000158
313,0.049731610772880686,1.000095
314,0.051641563087059694,0.999893
315,0.053460565234559,1.000086
316,0.055279567424463494,0.999943
317,0.0571895197386425,0.999976
318,0.059008521928490154,1.000016
319,0.06091847424266916,0.999978
320,0.06273747643251681,1.000181
321,0.06464742870434748,0.999821
322,0.06646643089419513,0.999907
323,0.06828543308409962,1.000029
324,0.07019538539827863,0.999931
325,0.07201438758812628,0.999919
326,0.07392433985995694,1.000026
327,0.0757433420498046,0.999965
328,0.0776532943639836,0.999911
329,0.07947229655383126,1.000014
330,0.08129129874373575,0.999977
331,0.08320125101550957,1.000123
332,0.08502025320541406,0.999993
333,0.08693020551959307,0.999944
334,0.08874920770944073,0.99993
335,0.09065916002361973,1.00008
336,0.09247816217111904,0.999923
337,0.09429716436096669,1.000039
338,0.0980261188650502,1.000116
339,0.0999360711792292,0.999903
340,0.10175507336907685,1.000054
341,0.10366502564090752,1.000037
342,0.10548402783075517,0.999885
343,0.10730303002060282,1.000017
344,0.10921298233478183,1.000156
345,0.11103198452468632,1.000128
346,0.11294193679651698,0.999961
347,0.11476093898636464,0.999906
348,0.11667089130054364,0.999928
349,0.12039984576222196,0.999682
350,0.12221884795206961,1.000019
351,0.1240378501419741,0.999794
352,0.1259478024561531,1.000078
353,0.12776680464600076,1.000112
354,0.12967675696017977,1.000098
355,0.13149575910767908,0.999989
356,0.1334057114218581,1.00006
357,0.13522471361170574,1.000002
358,0.13704371580161023,1.00016
359,0.13895366811578924,1.00001
360,0.14268262257746755,0.999911
361,0.1445016247673152,1.000168
362,0.14641157708149422,0.999968
363,0.14823057927134187,0.999921
364,0.15004958146124636,0.999812
365,0.15195953373307702,1.000098
366,0.15377853592292468,1.000058
367,0.15568848823710368,0.999954
368,0.15750749042695134,1.000177
369,0.159417442698782,1.000057
370,0.16123644488862965,0.999972
371,0.16305544707853414,0.999912
372,0.16496539939271315,0.999852
373,0.1667844015825608,1.000258
374,0.1686943538967398,1.000168
375,0.17051335604423912,0.999959
376,0.17242330835841813,0.999952
377,0.17424231054826578,1.000093
378,0.17606131273817027,0.999877
379,0.17797126505234928,0.999988
380,0.17979026724219693,0.999891
381,0.1817002195140276,1.00008
382,0.18351922170387525,0.999902
383,0.18542917401805425,1.00007
384,0.1872481762079019,1.000028
385,0.1890671783978064,1.000095
386,0.19097713066963706,0.999984
387,0.19279613285948471,1.000042
388,0.19470608517366372,0.99996
389,0.19652508736351137,1.000008
390,0.19843503963534204,0.999952
391,0.2002540418251897,0.999897
392,0.2021639941393687,0.999964
393,0.2039829963292732,1.000018
394,0.20580199851912084,0.999971
395,0.2077119507909515,1.000007
396,0.20953095298079916,0.999952
397,0.21144090529497817,1.000088
398,0.21325990748482582,1.000061
399,0.21516985979900483,1.000046
400,0.21698886198890932,0.999926
401,0.21880786417875697,1.000062
402,0.22071781645058763,1.000014
403,0.22253681864043529,0.999908
404,0.2244467709546143,0.999842
405,0.22626577314446195,0.999967
406,0.2281757254162926,0.999833
407,0.2299947276061971,0.999745
408,0.23181372979604475,1.000093
409,0.23372368211022376,1.000191
410,0.23554268430007141,1.000093
411,0.23745263657190208,0.999939
412,0.23927163876174973,1.000012
413,0.24118159107592874,0.999925
414,0.24300059326583323,1.00022
415,0.24481959545568088,1.000158
416,0.24672954772751154,0.999833
417,0.2485485499173592,1.000027
418,0.2504585022315382,1.00005
419,0.25227750442138586,0.999847
420,0.25418745673556487,1.000087
421,0.25600645892546936,0.999935
422,0.257825461115317,1.000056
423,0.2597354133871477,1.00003
424,0.2615544155769953,0.999898
425,0.26346436789117433,0.999888
426,0.265283370081022,1.000054
427,0.26719332235285265,1.000181
428,0.2690123245427003,1.000099
429,0.2708313267326048,0.999934
430,0.2727412790467838,1.000091
431,0.27456028123663145,0.999977
432,0.2764702335084621,0.999984
433,0.27828923569830977,0.999992
434,0.2801991880124888,1.000087
435,0.2820181902023364,1.000033
436,0.28392814251651544,1.000072
437,0.2857471446640716,0.999997
438,0.28756614685391924,0.999852
439,0.28947609916809824,0.999922
440,0.2912951013579459,1.000068
441,0.2932050536721249,1.000126
442,0.29502405586197256,0.999913
443,0.30057201251355536,0.999957
444,0.3024819648277344,0.999946
445,0.304300967017582,0.999945
446,0.3062109192894127,0.999939
447,0.30802992147926034,0.999941
448,0.30993987379343935,1.000029
449,0.31175887598334384,0.999915
450,0.3135778781731915,0.999955
451,0.31548783044502215,1.000003
452,0.3173068326348698,1.000025
453,0.3192167849490488,1.000247
454,0.32103578713889647,0.999882
455,0.3229457394530755,1.000059
456,0.3247647416006316,0.999965
457,0.3265837437904793,1.000087
458,0.3284936961046583,0.99992
459,0.33031269829450594,0.999943
460,0.33222265060868494,1.000038
461,0.3340416527985326,1.000123
462,0.33595160507036326,1.000053
463,0.33777060726026775,0.999999
464,0.3395896094501154,0.999896
465,0.3414995617642944,0.999974
466,0.34331856395414206,1.000122
467,0.3507764729199039,0.99999
468,0.35259547510975153,1.000038
469,0.3545054273815822,1.000004
470,0.35632442957142985,0.999928
471,0.35823438188560885,0.999945
472,0.3600533840754565,1.000217
473,0.3619633363896355,1.000017
474,0.36378233853719166,0.999934
475,0.36569229085137067,1.000095
476,0.3675112930412183,0.999917
477,0.369330295231066,1.000083
478,0.371240247545245,0.999801
479,0.37305924973509264,0.999986
480,0.3749692020069233,1.00002
481,0.3767882041968278,0.999829
482,0.3786981565110068,0.999982
483,0.38051715870085445,0.999899
484,0.3823361608907021,0.999939
485,0.38424611316253277,1.000094
486,0.3860651153523804,0.999917
487,0.3879750676665594,0.999934
488,0.3897940698564639,1.000038
489,0.3917040221282946,0.999874
490,0.39352302431814223,1.000019
491,0.3953420265079899,1.000158
492,0.3972519788221689,1.000203
493,0.39907098101201655,0.999962
494,0.4009809332838472,1.000082
495,0.4027999354737517,1.000069
496,0.4047098877879307,0.999944
497,0.40652888997777836,1.000105
498,0.408347892167626,0.999893
499,0.410257844481805,1.000016
500,0.4120768466716527,1.000086
501,0.41398679894348334,0.999901
502,0.41580580113338783,1.000057
503,0.41771575344756684,1.000023
504,0.4195347556374145,0.99992
505,0.42135375782726214,0.999884
506,0.4232637100990928,1.000071
507,0.42508271228894046,1.000017
508,0.42699266460311947,0.999948
509,0.42881166679302396,0.999947
510,0.4307216190647978,1.000329
511,0.4325406212547023,1.000116
512,0.4344505735688813,1.000079
513,0.43626957575872893,1.000077
514,0.4380885779485766,0.999933
515,0.43999853022040725,0.999994
516,0.4418175324102549,0.999779
517,0.4437274847244339,0.999867
518,0.4455464869143384,0.999914
519,0.4474564392285174,0.999943
520,0.44927544141836506,0.99999
521,0.4510944436082127,0.999864
522,0.4530043958800434,1.000063
523,0.454823398069891,0.999975
524,0.45673335038407004,0.999819
525,0.45855235257397453,1.00013
526,0.4604623048458052,1.000132
527,0.46228130703565284,1.000011
528,0.4641003092255005,1.000204
529,0.4660102615396795,1.000057
530,0.46782926372952716,0.99985
531,0.4697392160013578,0.999979
532,0.4715582181912623,0.999936
533,0.4734681705054413,0.999932
534,0.4771061748851366,1.000106
535,0.4790161271569673,1.000184
536,0.48083512934681494,1.000065
537,0.48274508166099395,0.999818
538,0.48456408385089844,1.000008
539,0.48647403616507745,0.999921
540,0.4882930383549251,0.999951
541,0.49011204054477275,0.999967
542,0.4920219928166034,0.999954
543,0.49384099500645107,1.000091
544,0.4957509473206301,1.000056
545,0.49756994951053457,1.000019
546,0.49947990178236523,0.999889
547,-0.4987010960277871,1.000008
548,-0.49688209383793946,0.999988
549,-0.49497214152376046,1.000008
550,-0.4931531393339128,1.000121
551,-0.49124318706208214,0.999931
552,-0.48942418487217765,0.999996
553,-0.48751423255799864,0.999959
554,-0.485695230368151,1.000076
555,-0.483785278053972,0.99994
556,-0.4819662759064727,1.000027
557,-0.480147273716625,1.000045
558,-0.478237321402446,1.000133
559,-0.4764183192125415,1.00002
560,-0.4745083668983625,1.000032
561,-0.47268936470851486,1.000113
562,-0.4707794124366842,0.999991
563,-0.46896041024683655,0.999904
564,-0.4671414080569889,0.999904
565,-0.4652314557428099,1.000085
566,-0.4634124535529054,0.999855
567,-0.46150250128107473,1.000037
568,-0.4596834990912271,1.000145
569,-0.45777354677704807,1.000068
570,-0.4559545445872004,1.000053
571,-0.45413554239735276,0.999968
572,-0.4504065879356176,0.999851
573,-0.4484966356214386,1.000076
574,-0.44667763343159095,0.999843
575,-0.44476768111741194,0.99989
576,-0.44294867896991263,1.000179
577,-0.441129676780065,0.999808
578,-0.439219724465886,0.999781
579,-0.4374007222759815,0.999934
580,-0.4336717677719548,1.000206
581,-0.43176181550012416,1.000009
582,-0.4299428133102765,1.000007
583,-0.42812381112042885,1.000094
584,-0.42621385880624985,0.999817
585,-0.42439485661634535,0.999973
586,-0.4224849043445147,0.99997
587,-0.42066590215466704,0.999819
588,-0.41875594984048803,1.000062
589,-0.4169369476506404,1.000028
590,-0.4151179454607927,0.999989
591,-0.41138899099905757,1.000071
592,-0.40947903868487856,1.000059
593,-0.4076600364950309,1.000158
594,-0.40575008422320025,0.999991
595,-0.4039310820333526,1.000105
596,-0.4020211297191736,1.000093
597,-0.40020212752932594,0.999944
598,-0.39838312533942144,1.000027
599,-0.39647317302524243,1.000015
600,-0.3946541708353948,1.000118
601,-0.3927442185635641,0.999943
602,-0.39092521637371647,1.000071
603,-0.38901526405953746,1.000026
604,-0.3871962618696898,1.000156
605,-0.3853772596797853,1.000012
606,-0.3834673074080115,0.999969
607,-0.381648305218107,1.000151
608,-0.379738352903928,1.000004
609,-0.37791935071408034,1.000065
610,-0.3760093984422497,0.999938
611,-0.374190396252402,1.00002
612,-0.3723713940625544,1.000077
613,-0.37046144174837536,0.99974
614,-0.3667324872866402,0.999877
615,-0.36491348509679256,1.000076
616,-0.36300353278261355,0.999884
617,-0.3611845305927659,1.000044
618,-0.35936552840291824,0.999782
619,-0.35745557608873924,0.999902
620,-0.35563657389883474,0.999983
621,-0.3537266216270041,0.999865
622,-0.3519076194371564,0.999819
623,-0.3499976671229774,0.999954
624,-0.34817866493312977,0.999983
625,-0.34444971047145145,0.999985
626,-0.34263070828154696,1.000063
627,-0.34072075596736795,1.000145
628,-0.3389017537775203,1.000009
629,-0.33699180150568964,0.999994
630,-0.335172799315842,0.999959
631,-0.33335379712599433,1.000159
632,-0.3314438448118153,0.999995
633,-0.32962484262191083,0.999924
634,-0.32771489035008017,0.999869
635,-0.3258958881602325,1.000068
636,-0.32216693365620586,0.999972
637,-0.32025698134202685,0.99979
638,-0.3184379791521792,0.999927
639,-0.3166189769622747,0.999981
640,-0.31470902469044404,1.000171
641,-0.3128900225005964,1.000026
642,-0.3109800701864174,0.999997
643,-0.3091610679965697,1.00014
644,-0.30725111572473907,1.000099
645,-0.3054321135348914,1.000111
646,-0.3036131113449869,1.000018
647,-0.29988415684096026,1.000101
648,-0.2979742045691296,1.000002
649,-0.29615520237928195,1.00016
650,-0.29424525006510294,0.999988
651,-0.2924262478752553,0.999901
652,-0.2906072456853508,1.000155
653,-0.28869729341352013,1.000073
654,-0.2868782912236725,1.000119
655,-0.28496833890949347,1.000022
656,-0.2831493367196458,1.000143
657,-0.2812393844054668,0.999883
658,-0.27760138002571466,1.000085
659,-0.275691427753884,1.000002
660,-0.27387242556403635,0.999914
661,-0.27196247324985734,0.999831
662,-0.2701434710600097,0.9999
663,-0.268233518788179,0.999948
664,-0.2664145165983314,0.999996
665,-0.2645955144084269,0.999867
666,-0.26268556209424787,0.999979
667,-0.2608665599044002,0.999967
668,-0.25895660763256956,1.000163
669,-0.25340865093869525,1.000069
670,-0.25158964874879075,0.99988
671,-0.2496796964769601,0.999985
672,-0.24786069428711244,0.999999
673,-0.24595074197293343,0.999958
674,-0.24413173978308578,0.999916
675,-0.24222178746890677,0.999799
676,-0.24040278527905912,1.000074
677,-0.23849283300722846,0.999994
678,-0.23667383081732396,1.000039
679,-0.2348548286274763,0.99994
680,-0.2329448763132973,1.000019
681,-0.23112587412344965,0.999883
682,-0.229215921851619,1.000012
683,-0.22739691966177134,1.000071
684,-0.22548696734759233,0.999968
685,-0.22366796515768783,0.99983
686,-0.22184896296784018,1.000102
687,-0.21993901069600952,1.000097
688,-0.21812000850616187,0.999994
689,-0.21621005619198286,0.999992
690,-0.2143910540021352,0.999905
691,-0.21248110173030454,1.000019
692,-0.2106620995404569,0.999921
693,-0.2088430973505524,1.000039
694,-0.2069331450363734,1.000088
695,-0.20511414284652574,1.000034
696,-0.20320419053234673,1.000134
697,-0.20138518834249908,1.000069
698,-0.19947523607066842,1.000113
699,-0.19765623388082076,1.000252
700,-0.19583723169091627,1.000263
701,-0.19392727937673726,0.999839
702,-0.1921082771868896,1.000093
703,-0.1883793227252113,0.999759
704,-0.1864693704110323,0.999917
705,-0.18465036822118464,0.999984
706,-0.18283136603128014,0.999967
707,-0.18092141375944948,0.999753
708,-0.17910241156960183,1.000085
709,-0.17719245925542282,1.00006
710,-0.17537345706557517,0.999994
711,-0.1734635047937445,1.000002
712,-0.17164450260389685,1.000056
713,-0.16982550041399236,1.000099
714,-0.1660965459099657,0.999942
715,-0.1641865935957867,0.999986
716,-0.16236759140593904,0.99992
717,-0.16045763913410838,1.000076
718,-0.15863863694426072,1.000054
719,-0.15672868463008172,0.999916
720,-0.15490968244017722,1.000018
721,-0.15309068025032957,0.999883
722,-0.1511807279784989,0.999824
723,-0.14936172578865126,0.999961
724,-0.14745177347447225,0.999969
725,-0.1456327712846246,0.999989
726,-0.14372281901279393,0.999854
727,-0.14190381682288944,1.000056
728,-0.1400848146330418,0.999973
729,-0.13817486231886278,0.999957
730,-0.13635586012901513,1.00004
731,-0.13444590785718447,1.000006
732,-0.13262690566733681,1.000144
733,-0.1307169533531578,1.0001
734,-0.1288979511632533,1.00009
735,-0.12707894897340566,1.000003
736,-0.12516899665922665,1.000029
737,-0.12144004219754834,0.999967
738,-0.11962104000770069,0.999953
739,-0.11771108769352168,0.999917
740,-0.11589208550361718,1.000036
741,-0.11407308331376953,0.99991
742,-0.11216313104193887,1.000185
743,-0.11034412885209122,1.000192
744,-0.10843417653791221,0.999891
745,-0.10661517434806456,1.000194
746,-0.1047052220762339,0.999988
747,-0.1028862198863294,1.000083
748,-0.10106721769648175,0.999978
749,-0.09915726538230274,0.999931
750,-0.09733826319245509,1.000089
751,-0.09542831092062443,1.00005
752,-0.09360930873077677,1.000074
753,-0.09169935641659777,0.99983
754,-0.08988035422669327,0.999974
755,-0.08806135203684562,0.999977
756,-0.08615139972266661,0.999917
757,-0.08433239753281896,0.999922
758,-0.0824224452609883,0.999912
759,-0.07687448856705714,0.99993
760,-0.07496453629522648,1.000072
761,-0.07314553410537883,1.000074
762,-0.07132653191553118,0.999861
763,-0.06941657960135217,0.999941
764,-0.06759757741150452,1.000092
765,-0.06568762513967386,0.999858
766,-0.06386862294976936,1.000007
767,-0.06195867063559035,0.999962
768,-0.0601396684457427,0.999765
769,-0.05832066625589505,1.000051
770,-0.054591711794216735,1.00017
771,-0.052681759480037726,1.000079
772,-0.05086275729013323,0.999927
773,-0.04895280497595422,1.000118
774,-0.04713380278610657,1.000074
775,-0.04340484832442826,0.999953
776,-0.041585846134580606,1.000188
777,-0.0396758938204016,1.000057
778,-0.0378568916304971,0.999935
779,-0.035946939358723284,0.999961
780,-0.03412793716881879,1.000121
781,-0.03230893497897114,1.000079
782,-0.03039898266479213,1.000073
783,-0.028579980474944477,1.00007
784,-0.026670028203113816,0.999746
785,-0.024851026013266164,0.999955
786,-0.022941073699087156,0.999962
787,-0.02112207150918266,1.000025
788,-0.01930306931933501,0.999942
789,-0.017393117047504347,1.000098
790,-0.015574114857656696,0.999905
791,-0.013664162543477687,0.99992
792,-0.011845160353630035,0.999941
793,-0.009935208039451027,1.000123
794,-0.008116205849546532,0.999614
795,-0.00629720365969888,0.999214
796,-0.0043872513878682184,0.999054
797,-0.002568249198020567,0.999008
798,-0.0006582968838415582,0.999052
799,0.0011607053060060935,0.998869
800,0.003070657577836755,0.999148
801,0.00488965976774125,0.99903
802,0.006799612081920259,0.999239
803,0.00861861427176791,0.99973
804,0.012347568733446224,1.000122
805,0.014166570923293875,0.999944
806,0.016076523237472884,1.000018
807,0.01789552542737738,0.999958
808,0.01980547769920804,0.999858
809,0.021624479889055692,0.999955
810,0.023443482078903344,0.999941
811,0.025353434393082352,1.00004
812,0.027172436582930004,1.000063
813,0.029082388897109013,1.000044
814,0.030901391087013508,0.999906
815,0.03463034554869182,0.999859
816,0.03644934773853947,1.000056
817,0.03835930005271848,1.000031
818,0.04017830224256613,1.000043
819,0.042088254514396795,1.000166
820,0.04390725670430129,0.999846
821,0.0458172090184803,1.000095
822,0.04763621120832795,0.999986
823,0.0494552133981756,1.00013
824,0.05136516567000626,1.000065
825,0.053184167859853915,0.999944
826,0.05691312236393742,1.000124
827,0.05882307463576808,0.999939
828,0.06064207682561573,0.999966
829,0.06246107901546338,0.999988
830,0.06437103132964239,0.99994
831,0.06619003351949004,1.00012
832,0.06809998583366905,1.000005
833,0.06991898802357355,0.999995
834,0.07182894029540421,1.000049
835,0.07364794248525186,0.999834
836,0.07546694467509951,0.999981
837,0.07737689698927852,0.999961
838,0.07919589917912617,0.99988
839,0.08110585145095683,1.000282
840,0.08292485364086133,0.999943
841,0.08483480595504034,0.999927
842,0.08665380814488799,0.999944
843,0.08856376041671865,1.00017
844,0.0903827626065663,1.000087
845,0.09220176479641395,0.999992
846,0.09411171711059296,0.999799
847,0.09593071930049746,0.999973
848,0.09784067157232812,1.000109
849,0.09965967376217577,0.999886
850,0.10156962607635478,0.999937
851,0.10338862826620243,1.000077
852,0.10520763045605008,0.999986
853,0.10711758277022909,1.000019
854,0.10893658496013359,1.000033
855,0.11084653723196425,0.999828
856,0.1126655394218119,1.000131
857,0.11457549173599091,0.999928
858,0.11639449392583856,1.000023
859,0.11821349611568621,1.000015
860,0.12012344838751687,1.000057
861,0.12385240289160038,0.999919
862,0.12567140508144803,1.000066
863,0.1275813573532787,0.999976
864,0.12940035954312634,0.999976
865,0.131219361732974,0.999934
866,0.133129314047153,0.99994
867,0.1349483162370575,1.000157
868,0.13685826850883132,0.999975
869,0.1386772706987358,1.000035
870,0.14058722301291482,0.999974
871,0.14240622520276247,1.000162
872,0.14613517970678913,1.000055
873,0.14795418189669363,0.999878
874,0.14986413416846744,0.999976
875,0.15168313635837194,0.999857
876,0.15359308867255095,0.999987
877,0.1554120908623986,0.999889
878,0.15723109305224625,1.000179
879,0.1591410453240769,0.999916
880,0.16096004751392456,0.999941
881,0.16286999982810357,1.000047
882,0.16468900201800807,0.999942
883,0.16659895428983873,1.000066
884,0.16841795647968638,0.999974
885,0.1703279087938654,1.000189
886,0.17214691098371304,1.000145
887,0.1739659131735607,1.000173
888,0.17587586544539136,1.00011
889,0.17769486763529585,0.999948
890,0.17960481994947486,1.000107
891,0.1814238221393225,0.999938
892,0.18333377445350152,1.000041
893,0.18515277664334917,0.99981
894,0.18697177883319682,0.99996
895,0.19070073329493198,0.999884
896,0.192610685609111,1.000122
897,0.19442968779895864,0.99993
898,0.1963396400707893,0.999903
899,0.19815864226063695,0.999908
900,0.1999776444504846,0.999937
901,0.2018875967646636,0.999996
902,0.2037065989545681,1.000144
903,0.20561655122639877,0.999804
904,0.20743555341624642,1.00003
905,0.20934550573042543,0.999853
906,0.21116450792027308,1.000032
907,0.21298351011012073,0.999799
908,0.2148934623819514,1.0001
909,0.2167124645718559,0.999942
910,0.2186224168860349,1.000255
911,0.22044141907588255,0.999989
912,0.22235137139006156,0.999905
913,0.2241703735799092,1.000048
914,0.22598937576975686,1.000014
915,0.22789932804158752,0.99999
916,0.22971833023149202,0.99987
917,0.23162828254567103,1.000264
918,0.23344728473551868,1.000103
919,0.23535723700734934,0.999948
920,0.237176239197197,0.999961
921,0.23899524138704464,0.999876
922,0.24090519370122365,0.999866
923,0.24272419589112815,0.999983
924,0.2446341481629588,1.000185
925,0.24645315035280646,0.999871
926,0.24836310266698547,0.999931
927,0.2501821048568331,1.000077
928,0.2520011070466808,1.000145
929,0.25391105931851143,1.000106
930,0.25764001382259494,1.000011
931,0.2594590160124426,0.999947
932,0.2613689683266216,1.000059
933,0.26318797051646925,0.999925
934,0.2650979227882999,0.99997
935,0.26691692497814756,1.000005
936,0.26873592716805206,1.000242
937,0.27064587948223107,1.000159
938,0.2724648816720787,0.999834
939,0.2743748339439094,1.000169
940,0.2799227906377837,1.000043
941,0.2817417928276882,1.000085
942,0.28365174509951885,0.999918
943,0.2854707472893665,1.000129
944,0.2873806996035455,0.999889
945,0.28919970179339316,1.000004
946,0.2911096540652238,0.999953
947,0.2929286562550715,0.999908
948,0.29474765844497597,0.999958
949,0.296657610759155,0.999797
950,0.29847661294900263,0.999941
951,0.3022055674530293,0.999951
952,0.30411551972485995,1.000008
953,0.3059345219147076,1.000075
954,0.3077535241046121,1.000066
955,0.3096634764187911,0.999899
956,0.3133924308804694,1.000009
957,0.31521143307031707,0.99997
958,0.3171213853844961,1.00011
959,0.31894038757434373,0.999928
960,0.3207593897642482,1.000001
961,0.32266934203602204,0.999916
962,0.32448834422592654,0.999984
963,0.32639829654010555,1.000027
964,0.3282172987299532,1.000079
965,0.33012725100178386,0.999869
966,0.3319462531916315,0.999948
967,0.33376525538147916,0.999936
968,0.3356752076956582,0.999968
969,0.33749420988556267,1.000124
970,0.3394041621997417,0.99997
971,0.34122316438958933,1.000052
972,0.34313311666142,1.000062
973,0.34495211885126764,1.000102
974,0.34686207116544665,0.999876
975,0.3486810733552943,0.999955
976,0.3505000755451988,1.000055
977,0.35241002781702946,1.000067
978,0.3542290300068771,0.999836
979,0.3561389823210561,0.99998
980,0.35795798451090377,0.999951
981,0.35986793678273443,1.000228
982,0.3616869389725821,0.999929
983,0.3654158934766656,1.0
984,0.3691448479383439,1.000057
985,0.37096385012819155,1.000052
986,0.37287380244237056,1.000162
987,0.3746928046322182,0.999975
988,0.3765118068221227,1.000056
989,0.3784217591363017,0.999982
990,0.38024076132614937,1.000177
991,0.38215071359798003,1.000018
992,0.3839697157878277,0.999845
993,0.3858796681020067,1.000036
994,0.38769867029185434,0.999844
995,0.3914276247535895,1.000009
996,0.39324662694343715,0.999862
997,0.39515657925761616,0.999884
998,0.3969755814474638,1.000085
999,0.39888553371929447,1.000012
1000,0.4007045359091421,1.000013
1001,0.4025235380990466,0.999999
1002,0.4044334904132256,0.999936
1003,0.4062524926030733,1.000079
1004,0.40816244487490394,1.000029
1005,0.4099814470647516,0.999882
1006,0.41371040156877825,0.999976
1007,0.41552940375868275,1.000056
1008,0.41743935607286176,1.000043
1009,0.4192583582627094,1.000159
1010,0.42116831053454007,1.000081
1011,0.4229873127243877,0.99993
1012,0.42489726503856673,1.000098
1013,0.4267162672284144,0.999913
1014,0.42862621950024504,0.999925
1015,0.43044522169014954,1.000128
1016,0.4322642238799972,1.000117
1017,0.4341741761941762,0.999865
1018,0.43599317838402385,0.999877
1019,0.4379031306558545,0.999969
1020,0.43972213284570216,1.000012
1021,0.44163208515988117,1.00011
1022,0.44345108734978567,1.00002
1023,0.4452700895396333,0.999821
1024,0.447180041811464,0.99994
1025,0.44899904400131163,0.999865
1026,0.45090899631549064,1.000102
1027,0.4527279985053383,0.999787
1028,0.4546379508195173,1.000118
1029,0.4582759551569211,0.999937
1030,0.4601859074711001,1.000109
1031,0.46200490966094776,1.000031
1032,0.46391486197512677,1.000029
1033,0.4657338641649744,1.000099
1034,0.4676438164368051,1.000061
1035,0.4694628186267096,1.000037
1036,0.47128182081655723,0.999922
1037,0.47319177313073624,0.999867
1038,0.4750107753205839,1.000078
1039,0.47692072759241455,1.000014
1040,0.4787397297822622,0.999887
1041,0.4806496820964412,1.000036
1042,0.4824686842863457,0.999931
1043,0.48428768647619336,1.000019
1044,0.486197638748024,1.00002
1045,0.48801664093787167,1.000091
1046,0.4899265932520507,1.000014
1047,0.49174559544189833,0.999998
1048,0.49365554775607734,1.00013
1049,0.49547454994598183,1.000044
1050,0.49729355209348114,1.000034
1051,0.49920350440766015,1.000112
1052,-0.4970675410883132,0.999924
1053,-0.49524853889846554,1.000045
1054,-0.4933385866266349,0.999969
1055,-0.4915195844367872,1.000081
1056,-0.4896096321226082,0.99992
1057,-0.4877906299327037,0.999997
1058,-0.48597162774285607,0.999885
1059,-0.4840616754710254,0.999938
1060,-0.48224267328117776,0.999955
1061,-0.48033272096699875,0.999971
1062,-0.4785137187771511,1.000043
1063,-0.47660376650532044,1.000032
1064,-0.47478476431541594,1.000077
1065,-0.4729657621255683,0.999994
1066,-0.4710558098113893,0.999794
1067,-0.46923680762154163,0.999933
1068,-0.4673268553073626,1.000088
1069,-0.46550785311751497,0.999989
1070,-0.4635979008456843,1.000036
1071,-0.4617788986557798,0.999911
1072,-0.45995989646593216,1.000004
1073,-0.45804994415175315,0.999991
1074,-0.4562309419619055,1.000034
1075,-0.4525019875002272,0.999983
1076,-0.4505920351860482,1.000098
1077,-0.4487730329961437,0.99995
1078,-0.44695403080629603,1.000096
1079,-0.44504407853446537,0.999879
1080,-0.4432250763446177,1.000121
1081,-0.4413151240304387,1.000036
1082,-0.43949612184059106,1.000104
1083,-0.4375861695687604,1.000067
1084,-0.4357671673788559,0.999923
1085,-0.43394816518900825,0.999892
1086,-0.43203821287482924,0.999822
1087,-0.4302192106849816,0.999876
1088,-0.4283092583708026,0.999913
1089,-0.42649025618095493,1.000036
1090,-0.42458030390912427,0.999942
1091,-0.4227613017192198,0.999944
1092,-0.4209422995293721,1.000094
1093,-0.4190323472151931,1.000007
1094,-0.41721334502534546,0.999992
1095,-0.4153033927535148,1.0001
1096,-0.41348439056366715,1.000104
1097,-0.41157443824948814,0.999866
1098,-0.407845483787753,1.000166
1099,-0.40602648159790533,1.000002
1100,-0.4042074794080577,0.999921
1101,-0.40229752709387867,1.000209
1102,-0.400478524904031,1.000105
1103,-0.39856857263220036,1.000129
1104,-0.39674957044229586,0.999975
1105,-0.39483961812811685,0.999924
1106,-0.3930206159382692,1.0
1107,-0.39120161374842155,1.000145
1108,-0.38929166143424254,0.999918
1109,-0.38556270697256423,0.99986
1110,-0.38374370478265973,0.99999
1111,-0.3818337524684807,0.999973
1112,-0.3800147502786331,1.00009
1113,-0.3781957480887854,0.999973
1114,-0.37628579581695476,1.0
1115,-0.3744667936271071,1.000047
1116,-0.3725568413129281,0.999829
1117,-0.3707378391230236,1.000093
1118,-0.36882788685119294,1.000065
1119,-0.3670088846613453,0.999857
1120,-0.36518988247149764,1.000063
1121,-0.36327993015731863,1.000056
1122,-0.361460927967471,1.000056
1123,-0.3595509756956403,1.000079
1124,-0.3577319735057358,0.999849
1125,-0.3558220211915568,0.999966
1126,-0.35400301900170916,1.000088
1127,-0.3521840168118615,1.000011
1128,-0.3502740644976825,1.000184
1129,-0.3484550623501832,0.999988
1130,-0.3465451100360042,1.000012
1131,-0.3447261078460997,0.999849
1132,-0.34099715334207303,0.99993
1133,-0.3391781511522254,0.99977
1134,-0.3372681988803947,0.999913
1135,-0.33544919669054707,1.000037
1136,-0.33353924437636806,0.999857
1137,-0.33172024218646357,0.999985
1138,-0.32981028991468975,1.000054
1139,-0.32799128772478525,0.999903
1140,-0.3261722855349376,1.000033
1141,-0.3242623332207586,1.00012
1142,-0.32244333103091094,0.999906
1143,-0.3205333787590803,0.999821
1144,-0.3187143765692326,1.000011
1145,-0.3168044242550536,1.000075
1146,-0.3149854220651491,0.999963
1147,-0.3130754697509701,1.000181
1148,-0.31125646756112246,1.000107
1149,-0.30943746541362316,1.000139
1150,-0.30752751309944415,1.000052
1151,-0.3057085109095965,0.999967
1152,-0.3037985585954175,0.999942
1153,-0.301979556405513,1.000048
1154,-0.30006960413368233,0.999856
1155,-0.29643159975398703,0.999972
1156,-0.294521647439808,1.0001
1157,-0.29270264524996037,0.999985
1158,-0.2907926929781297,1.000041
1159,-0.2889736907882252,1.000148
1160,-0.2870637384740462,1.000037
1161,-0.28524473628419855,1.000011
1162,-0.2834257340943509,1.000054
1163,-0.28151578182252024,0.999926
1164,-0.2796967796326726,0.999826
1165,-0.2777868273184936,1.00001
1166,-0.2722388706245624,0.999988
1167,-0.2704198684770631,1.000047
1168,-0.2685099161628841,0.999997
1169,-0.26669091397303646,0.999941
1170,-0.26478096165885745,1.000175
1171,-0.26296195946895295,1.00009
1172,-0.2610520071971223,1.000073
1173,-0.25923300500727464,0.999911
1174,-0.257414002817427,0.999967
1175,-0.255504050503248,0.999805
1176,-0.25368504831340033,0.999953
1177,-0.25177509604156967,1.000059
1178,-0.24995609385166517,1.000022
1179,-0.24804614153748616,1.000144
1180,-0.2462271393476385,1.000044
1181,-0.24440813715779086,1.000043
1182,-0.2424981848859602,0.999863
1183,-0.24067918269611255,0.99985
1184,-0.23876923038193354,0.999883
1185,-0.23695022819202904,0.999925
1186,-0.23504027587785004,1.000128
1187,-0.23322127368800238,0.999954
1188,-0.23131132141617172,1.000008
1189,-0.22949231922632407,1.000054
1190,-0.22767331703647642,0.99995
1191,-0.2257633647222974,0.999993
1192,-0.22394436253239292,1.000076
1193,-0.22203441026056225,1.000013
1194,-0.2202154080707146,1.000034
1195,-0.2183054557565356,0.999814
1196,-0.21648645356668794,1.00012
1197,-0.2146674513768403,0.999933
1198,-0.21275749910500963,1.000094
1199,-0.21093849691510513,0.999899
1200,-0.20720954241107847,1.00006
1201,-0.2052995901392478,0.999964
1202,-0.20348058794940016,1.000103
1203,-0.2016615857595525,0.999901
1204,-0.1997516334453735,0.999992
1205,-0.197932631255469,1.00006
1206,-0.19602267894129,1.000104
1207,-0.19420367675144234,0.999862
1208,-0.19229372447961168,0.999956
1209,-0.19047472228976403,1.000099
1210,-0.18865572009991638,1.000036
1211,-0.18674576778573737,1.000049
1212,-0.18492676559583288,0.999967
1213,-0.18301681332400221,1.000068
1214,-0.18119781113415456,1.000075
1215,-0.17928785881997555,1.000013
1216,-0.1774688566301279,1.000157
1217,-0.17564985444028025,0.999946
1218,-0.1737399021684496,1.000023
1219,-0.1719208999785451,0.999974
1220,-0.17001094766436609,0.999975
1221,-0.16819194547451843,0.999945
1222,-0.16628199320268777,0.999905
1223,-0.16446299101284012,1.000049
1224,-0.16264398882299247,0.999951
1225,-0.16073403650881346,0.999963
1226,-0.15891503431890897,1.00006
1227,-0.15700508200472996,1.000025
1228,-0.15518607985723065,1.000073
1229,-0.15327612754305164,0.999857
1230,-0.151457125353204,0.999808
1231,-0.14954717303902498,1.000012
1232,-0.14772817084917733,0.999932
1233,-0.14590916865927284,1.000066
1234,-0.14027026188341551,1.000071
1235,-0.13845125969356786,1.00001
1236,-0.1365413074217372,0.999897
1237,-0.13472230523188955,1.000133
1238,-0.1329033030420419,1.000001
1239,-0.1309933507278629,0.9999
1240,-0.1291743485379584,0.99991
1241,-0.12726439626612773,1.000156
1242,-0.12544539407628008,0.999994
1243,-0.12353544176210107,1.000021
1244,-0.12171643957225342,1.000024
1245,-0.11989743738240577,1.000151
1246,-0.11798748506822676,0.999928
1247,-0.11616848292067061,1.000091
1248,-0.1142585306064916,0.999829
1249,-0.11243952841664395,1.000109
1250,-0.11052957610246494,0.999945
1251,-0.10871057391261729,0.999863
1252,-0.10689157172276964,1.000002
1253,-0.10498161945093898,1.000019
1254,-0.10316261726103448,1.000006
1255,-0.10125266494685548,1.00003
1256,-0.09943366275700782,1.000142
1257,-0.09570470829532951,0.999783
1258,-0.09388570610548186,0.999944
1259,-0.09197575379130285,1.000081
1260,-0.09015675160139835,0.999992
1261,-0.0882467993295677,1.00012
1262,-0.08642779713972004,1.000217
1263,-0.08451784482554103,0.999822
1264,-0.08269884263569338,1.000046
1265,-0.08087984044584573,0.999888
1266,-0.07896988813166672,1.000143
1267,-0.07715088598411057,0.999884
1268,-0.07342193148008391,0.999785
1269,-0.0715119791659049,0.99989
1270,-0.06969297697605725,1.00007
1271,-0.0678739747862096,0.999987
1272,-0.06596402251437894,0.999959
1273,-0.06414502032447444,0.999987
1274,-0.062235068010295436,1.000119
1275,-0.060416065820447784,1.000032
1276,-0.05850611354861712,1.000022
1277,-0.05668711135876947,1.000055
1278,-0.05477715904459046,1.000093
1279,-0.05295815685474281,0.999886
1280,-0.051139154664838316,1.000098
1281,-0.049229202393007654,0.999951
1282,-0.04741020020316,0.999956
1283,-0.045500247888980994,1.000194
1284,-0.04368124569913334,0.99998
1285,-0.04177129338495433,1.000038
1286,-0.03995229119510668,1.000017
1287,-0.038133289047550534,1.000064
1288,-0.036223336733371525,0.999966
1289,-0.03440433454352387,0.999956
1290,-0.032494382229344865,1.000014
1291,-0.02876542776766655,0.99995
1292,-0.0269464255778189,1.000054
1293,-0.025127423387914405,1.000094
1294,-0.023217471073735396,0.999863
1295,-0.021398468883887745,0.999979
1296,-0.019488516612057083,1.000056
1297,-0.01766951442220943,0.999943
1298,-0.015759562108030423,0.999924
1299,-0.013940559918182771,0.999953
1300,-0.012121557728278276,0.999953
1301,-0.010211605456447614,0.999994
1302,-0.008392603266599963,0.999756
1303,-0.006482650952420954,0.999283
1304,-0.0046636487625733025,0.999196
1305,-0.002753696448394294,0.998962
1306,-0.0009346942585466422,0.998843
1307,0.0008843078890095057,0.999118
1308,0.0027942602031885144,0.999075
1309,0.004613262393036166,0.999069
1310,0.006523214707215175,0.999145
1311,0.008342216897062826,0.999712
1312,0.010252169168893488,0.999976
1313,0.01207117135874114,0.99994
1314,0.013890173548645635,1.000171
1315,0.015800125862824643,0.999923
1316,0.017619128052672295,1.000063
1317,0.019529080324502957,0.999869
1318,0.021348082514350608,1.000012
1319,0.023258034828529617,1.000037
1320,0.02507703701837727,0.999817
1321,0.02698698929020793,1.000046
1322,0.02880599148005558,0.999944
1323,0.030624993669960077,0.999779
1324,0.03435394817398674,1.000011
1325,0.03808290263566505,1.000005
1326,0.03999285494984406,1.000119
1327,0.04181185713969171,1.000002
1328,0.043630859329596205,0.999948
1329,0.045540811643775214,1.000021
1330,0.047359813833622866,1.000108
1331,0.04926976610545353,1.000064
1332,0.05108876829530118,1.000114
1333,0.05299872060948019,0.99976
1334,0.05481772279932784,0.999922
1335,0.056636724989232334,0.999995
1336,0.058546677261062996,0.999905
1337,0.06036567945091065,1.000122
1338,0.062275631765089656,0.999949
1339,0.06409463395493731,1.00001
1340,0.06600458622676797,1.00002
1341,0.06782358841661562,0.999879
1342,0.06964259060652012,1.00011
1343,0.07155254292069912,0.999959
1344,0.07337154511054678,1.000164
1345,0.07528149742472579,0.999952
1346,0.07710049957222509,1.00003
1347,0.0790104518864041,1.000123
1348,0.08264845626615624,1.000319
1349,0.08455840858033525,1.000067
1350,0.0863774107701829,0.999991
1351,0.08828736304201357,0.999962
1352,0.09010636523186122,1.000238
1353,0.09201631754604023,0.999963
1354,0.09383531973588788,0.999988
1355,0.09565432192579237,0.999841
1356,0.09756427419762304,0.99992
1357,0.09938327638747069,1.00006
1358,0.1012932287016497,1.000181
1359,0.10311223089149735,0.999977
1360,0.10502218316332801,0.999923
1361,0.10684118535317566,0.999887
1362,0.10875113766735467,0.999948
1363,0.11057013985725916,1.000049
1364,0.11238914204710682,0.999922
1365,0.11429909436128582,0.99996
1366,0.11611809650878513,0.99995
1367,0.11802804882296414,0.999954
1368,0.11984705101281179,0.999738
1369,0.1217570033269908,0.999771
1370,0.1235760055168953,1.000132
1371,0.12539500770674294,0.999952
1372,0.1273049599785736,1.000065
1373,0.12912396216842126,1.000013
1374,0.13103391448260027,1.000069
1375,0.13285291667244792,0.999861
1376,0.13476286894427858,0.999925
1377,0.13658187113418307,1.000034
1378,0.13840087332403073,1.000043
1379,0.14031082563820974,1.000119
1380,0.1421298278280574,1.000036
1381,0.14403978009988805,1.000096
1382,0.1458587822897357,0.999982
1383,0.1495877367938192,1.000086
1384,0.15140673898366686,1.000028
1385,0.15331669129784586,0.999928
1386,0.15513569344534517,1.000041
1387,0.15704564575952418,1.000057
1388,0.15886464794937183,1.000047
1389,0.16077460026355084,1.000038
1390,0.16259360245345533,0.999908
1391,0.16441260464330298,1.000035
1392,0.16632255691513365,1.000141
1393,0.1681415591049813,1.000065
1394,0.1700515114191603,1.000029
1395,0.17187051360900796,1.000023
1396,0.17378046588083862,1.000007
1397,0.17559946807074311,0.999865
1398,0.17741847026059077,0.999843
1399,0.17932842257476977,0.999869
1400,0.18114742476461743,0.999956
1401,0.1830573770364481,1.000026
1402,0.18487637922629574,0.999969
1403,0.18678633154047475,1.000117
1404,0.18860533373037924,0.999903
1405,0.1904243359202269,0.999859
1406,0.1923342882344059,0.999861
1407,0.1941532903819052,1.000036
1408,0.19606324269608422,1.000189
1409,0.19788224488593187,1.000149
1410,0.19979219720011088,1.000095
1411,0.20161119939001537,0.999867
1412,0.2035211516617892,0.999895
1413,0.20534015385169369,0.99998
1414,0.20715915604154134,1.000109
1415,0.20906910835572035,0.999921
1416,0.210888110545568,1.000017
1417,0.21279806281739866,0.999945
1418,0.2146170650072463,1.000169
1419,0.21652701732142532,0.999991
1420,0.21834601951132981,0.999935
1421,0.22016502170117747,1.000172
1422,0.22207497397300813,0.999938
1423,0.22389397616285578,0.999665
1424,0.2258039284770348,1.000064
1425,0.22762293066688244,1.000263
1426,0.22953288298106145,1.000124
1427,0.2313518851286176,1.00008
1428,0.23317088731846525,0.999938
1429,0.23508083963264426,1.000046
1430,0.23880979413667092,1.000083
1431,0.24062879632651857,0.999968
1432,0.24253874859834923,1.000035
1433,0.24435775078825372,0.99997
1434,0.24617675297810138,0.999992
1435,0.24808670529228039,0.999948
1436,0.24990570748212804,1.00008
1437,0.2518156597539587,0.999928
1438,0.25363466194380635,0.999928
1439,0.25554461425798536,0.999909
1440,0.25736361644788985,1.0
1441,0.26109257090956817,0.999892
1442,0.2629115730994158,0.999935
1443,0.2648215254135948,0.999916
1444,0.2666405276034425,1.000026
1445,0.2685504799176215,1.000033
1446,0.27036948206517764,0.999949
1447,0.2721884842550253,1.000026
1448,0.2740984365692043,1.00008
1449,0.27591743875905195,1.000121
1450,0.27782739107323096,0.999986
1451,0.2796463932630786,1.000102
1452,0.28155634553490927,1.000081
1453,0.28337534772481376,1.000077
1454,0.2852853000389928,0.999947
1455,0.2871043022288404,0.999829
1456,0.2889233044186881,0.999957
1457,0.29083325669051874,1.000017
1458,0.2926522588803664,0.99999
1459,0.2945622111945454,1.000103
1460,0.2963812133844499,1.000083
1461,0.29829116565628055,0.999792
1462,0.3001101678461282,0.999932
1463,0.30192917003597586,0.99994
1464,0.30383912235015487,1.000058
1465,0.3056581245400025,1.000078
1466,0.3075680768541815,1.00004
1467,0.3093870790017377,0.999979
1468,0.3112970313159167,1.000013
1469,0.31311603350576434,0.999941
1470,0.314935035695612,1.000023
1471,0.316844988009791,1.000042
1472,0.31866399019963865,1.000046
1473,0.3205739424714693,0.999995
1474,0.3223929446613738,1.000014
1475,0.3243028969755528,0.999909
1476,0.32612189916540046,0.999875
1477,0.3279409013552481,0.999934
1478,0.3298508536270788,0.999824
1479,0.33166985581692643,0.999956
1480,0.33357980813110544,0.999789
1481,0.33539881032100993,1.000118
1482,0.3373087625928406,1.000165
1483,0.33912776478268825,1.00001
1484,0.3409467669725359,0.999917
1485,0.3428567192867149,0.999868
1486,0.34467572147656256,1.000046
1487,0.34658567379074157,1.000213
1488,0.3484046759382977,1.000187
1489,0.3503146282524767,0.999917
1490,0.3521336304423244,1.000096
1491,0.353952632632172,1.000116
1492,0.35586258494635103,1.000145
1493,0.3576815871361987,0.999981
1494,0.35959153940802935,0.999915
1495,0.36141054159793384,1.000056
1496,0.36332049391211285,1.0
1497,0.3651394961019605,1.000038
1498,0.36695849829180816,1.000176
1499,0.3688684505636388,1.000202
1500,0.37068745275348647,1.000182
1501,0.3725974050676655,1.000079
1502,0.37441640725756997,0.99956
1503,0.3763263595293438,0.999955
1504,0.3781453617192483,0.999925
1505,0.3800553140334273,0.999968
1506,0.38187431622327495,0.999922
1507,0.3836933184131226,0.999959
1508,0.3856032707273016,1.000204
1509,0.3874222728748009,0.999912
1510,0.3893322251889799,0.999759
1511,0.3911512273788844,1.000043
1512,0.3948801818829111,1.000059
1513,0.3966991840727587,0.999899
1514,0.3986091363445894,1.000024
1515,0.40042813853443704,0.999927
1516,0.40233809084861605,1.000041
1517,0.40415709303852054,1.000039
1518,0.4060670453103512,1.000012
1519,0.40788604750019886,1.000173
1520,0.4097050496900465,1.000177
1521,0.4116150020042255,1.000026
1522,0.41343400419407317,0.999946
1523,0.41534395646590383,1.00004
1524,0.4171629586558083,0.999983
1525,0.41907291096998733,1.000019
1526,0.420891913159835,0.999888
1527,0.42271091534968264,0.999999
1528,0.4246208676215133,0.99984
1529,0.42643986981136095,0.999883
1530,0.42834982212553996,0.999925
1531,0.43016882431544445,0.99992
1532,0.43207877662962346,0.999895
1533,0.4338977788194711,0.999936
1534,0.43571678100931877,0.99992
1535,0.4394457354709971,0.999978
1536,0.4413556877851761,1.000075
1537,0.4431746899750806,1.000058
1538,0.44508464224691124,0.999986
1539,0.4469036444367589,0.99998
1540,0.44872264662660655,0.999973
1541,0.45063259894078556,1.000004
1542,0.4524516011306332,0.999956
1543,0.45436155340246387,0.999865
1544,0.45618055559236836,1.000116
1545,0.4580905079065474,1.000074
1546,0.459909510096395,1.000095
1547,0.46181946241057403,1.000185
1548,0.46363846455807334,0.999927
1549,0.465457466747921,1.000013
1550,0.4691864212520045,1.000036
1551,0.4710963735661835,0.99998
1552,0.47291537575603115,1.000112
1553,0.4748253280278618,0.999962
1554,0.47664433021770947,1.000039
1555,0.4784633324075571,0.999972
1556,0.4803732847217361,0.999907
1557,0.4821922869116406,1.000141
1558,0.4841022391834713,1.000064
1559,0.48592124137331894,1.000144
1560,0.48783119368749794,1.000081
1561,0.4896501958773456,1.000055
1562,0.49146919806719325,1.000055
1563,0.4933791503390239,0.999956
1564,0.4951981525289284,0.999941
1565,0.4971081048431074,0.999944
1566,0.49892710703295506,0.999868
1567,-0.4991629406528659,0.999945
1568,-0.4973439385053666,1.000102
1569,-0.49552493631551897,0.999988
1570,-0.49361498400133996,1.000067
1571,-0.49179598181143547,1.000009
1572,-0.48988602949725646,0.999968
1573,-0.4880670273074088,0.999923
1574,-0.48615707503557815,0.999885
1575,-0.4843380728457305,1.000122
1576,-0.48251907065588284,0.999963
1577,-0.48060911834170383,0.999977
1578,-0.47879011615179934,1.000085
1579,-0.4768801638799687,1.000093
1580,-0.475061161690121,1.000065
1581,-0.473151209375942,0.999818
1582,-0.47133220718609437,0.999823
1583,-0.4695132049962467,1.000011
1584,-0.46760325272441605,1.000125
1585,-0.46578425053451156,0.999871
1586,-0.46387429822033255,0.999872
1587,-0.4620552960304849,0.999917
1588,-0.4601453437163059,1.000152
1589,-0.4583263415688066,0.99995
1590,-0.45650733937895893,1.000112
1591,-0.4545973870647799,1.000092
1592,-0.4508684325606964,1.000022
1593,-0.44904943037084877,0.999941
1594,-0.4471394780990181,1.000075
1595,-0.44532047590917045,1.000043
1596,-0.44341052359499145,1.000015
1597,-0.4415915214051438,0.999922
1598,-0.4397725192152393,0.999884
1599,-0.4378625669434655,0.999865
1600,-0.436043564753561,0.999898
1601,-0.434133612439382,1.000139
1602,-0.4323146102495343,0.999988
1603,-0.43040465797770366,0.99985
1604,-0.428585655787856,1.000144
1605,-0.42676665359800836,1.000122
1606,-0.42485670128382935,0.999944
1607,-0.42303769909392486,1.000025
1608,-0.42112774677974585,1.000111
1609,-0.41930874463224654,0.999971
1610,-0.41739879231806754,0.999886
1611,-0.4155797901282199,0.999965
1612,-0.41376078793837223,1.000189
1613,-0.4118508356241932,1.000022
1614,-0.41003183343428873,1.000179
1615,-0.40812188116245807,0.999937
1616,-0.4063028789726104,1.000088
1617,-0.4043929266584314,0.99987
1618,-0.40257392446858375,0.99978
1619,-0.4007549222787361,1.000152
1620,-0.39884497000690544,0.99992
1621,-0.39702596781700095,0.999786
1622,-0.39511601550282194,0.999943
1623,-0.3932970133129743,0.999866
1624,-0.3913870610411436,0.999972
1625,-0.389568058851296,1.000114
1626,-0.3877490566614483,1.000019
1627,-0.3858391043472693,1.000037
1628,-0.3802911476956865,1.000037
1629,-0.3783811953815075,1.000209
1630,-0.3747431910018122,0.99999
1631,-0.3728332386876332,1.000066
1632,-0.3710142364977287,1.000018
1633,-0.369104284225898,1.000032
1634,-0.3672852820360504,0.999892
1635,-0.36537532972187137,0.999843
1636,-0.3635563275320237,1.00014
1637,-0.36164637526019305,0.999947
1638,-0.3598273730703454,1.000043
1639,-0.3580083708804409,1.000005
1640,-0.3560984185662619,1.000065
1641,-0.35427941637641425,1.000196
1642,-0.3523694641045836,1.000081
1643,-0.35055046191473593,0.999913
1644,-0.3486405096005569,1.000027
1645,-0.3468215074107093,1.000063
1646,-0.3450025052208048,0.999995
1647,-0.3430925529489741,1.00012
1648,-0.34127355075912646,0.999874
1649,-0.33936359844494746,0.999892
1650,-0.3375445962550998,0.999961
1651,-0.3356346439409208,1.000135
1652,-0.33381564175107314,1.000159
1653,-0.33199663956116865,0.999961
1654,-0.330086687289338,1.000002
1655,-0.32826768509949034,0.999963
1656,-0.3263577327853113,0.999879
1657,-0.3245387305954637,0.999973
1658,-0.322628778323633,0.999904
1659,-0.32080977613378536,1.000082
1660,-0.31899077394388087,1.000023
1661,-0.3152618194398542,0.999901
1662,-0.31335186716802355,0.999762
1663,-0.3115328649781759,1.000024
1664,-0.3096229126639969,0.999914
1665,-0.30780391047414923,0.999842
1666,-0.30598490828424474,0.999895
1667,-0.3040749560124141,1.000041
1668,-0.3022559538225664,0.999783
1669,-0.3003460015083874,0.999949
1670,-0.29852699931853977,0.999992
1671,-0.29661704700436076,1.000004
1672,-0.2947980448145131,1.000219
1673,-0.2929790426246086,1.000046
1674,-0.29106909035277795,1.000102
1675,-0.2892500881629303,1.000197
1676,-0.2873401358487513,0.999997
1677,-0.28552113365890364,1.000078
1678,-0.283611181387073,1.000139
1679,-0.2817921791972253,1.000124
1680,-0.27997317700732083,1.000104
1681,-0.2780632246931418,0.999951
1682,-0.27624422250329417,0.999949
1683,-0.2743342702314635,1.000009
1684,-0.27251526804161585,0.999971
1685,-0.27060531572743685,0.999779
1686,-0.2687863135375892,1.000047
1687,-0.2668763612234102,0.999809
1688,-0.2650573590759109,1.000108
1689,-0.2632383568860064,1.000072
1690,-0.2613284045718274,0.999806
1691,-0.2595094023819797,1.000021
1692,-0.2575994500678007,1.000048
1693,-0.25578044787795307,1.000038
1694,-0.2538704956061224,1.000034
1695,-0.25205149341627475,0.999922
1696,-0.25023249122637026,0.999919
1697,-0.24832253891219125,1.000308
1698,-0.2465035367223436,1.00001
1699,-0.24459358445051294,0.999856
1700,-0.24277458226066528,0.999923
1701,-0.24086462994648628,0.999982
1702,-0.23904562775663862,1.000076
1703,-0.23722662556673413,1.000015
1704,-0.23531667329490347,0.999912
1705,-0.23349767110505582,1.00007
1706,-0.2315877187908768,0.999941
1707,-0.22976871660102915,1.000076
1708,-0.22785876428685015,1.000059
1709,-0.22603976213935084,1.000123
1710,-0.22422075994944635,1.000113
1711,-0.22231080763526734,0.999988
1712,-0.2204918054454197,0.999937
1713,-0.21858185313124068,1.000022
1714,-0.21676285094139303,1.000003
1715,-0.21485289866956236,0.999954
1716,-0.2130338964797147,0.999925
1717,-0.21121489428981022,0.999977
1718,-0.2093049419756312,0.999824
1719,-0.20184703300992624,0.999918
1720,-0.20002803082007858,0.999914
1721,-0.1982090286301741,1.000079
1722,-0.19629907635834343,1.000045
1723,-0.19448007416849578,1.000066
1724,-0.19257012185431677,0.999915
1725,-0.19075111966446912,1.000042
1726,-0.18884116739263845,1.000032
1727,-0.1870221652027908,0.999993
1728,-0.1851122128886118,0.999953
1729,-0.1832932106987073,1.000172
1730,-0.18147420850885965,1.000036
1731,-0.17956425619468064,1.000065
1732,-0.177745254004833,1.000056
1733,-0.17583530173300232,1.000008
1734,-0.17401629954315467,0.999989
1735,-0.17210634722897566,0.999956
1736,-0.17028734503907117,0.999927
1737,-0.16846834284922352,0.999956
1738,-0.16655839057739286,0.99972
1739,-0.1647393883875452,1.000024
1740,-0.1628294360733662,1.000085
1741,-0.16101043388351854,0.999985
1742,-0.15910048161168788,1.000073
1743,-0.1572814794217834,1.000057
1744,-0.15546247723193574,1.000143
1745,-0.15355252491775673,0.999944
1746,-0.15173352272790908,0.999904
1747,-0.14982357045607841,1.000028
1748,-0.14800456826623076,0.999864
1749,-0.14609461595205175,0.999899
1750,-0.14427561376214726,1.000072
1751,-0.1424566115722996,1.000194
1752,-0.1405466592581206,0.999968
1753,-0.13681770479644229,1.000003
1754,-0.13499870260659463,1.000023
1755,-0.13308875029241563,0.999903
1756,-0.13126974810251113,1.000025
1757,-0.12945074591266348,1.000074
1758,-0.12754079364083282,1.000115
1759,-0.12572179145098517,0.999943
1760,-0.12381183913680616,0.999923
1761,-0.1219928369469585,1.000042
1762,-0.12008288467512784,1.000099
1763,-0.11826388248522335,0.999995
1764,-0.1164448802953757,1.000013
1765,-0.11453492798119669,0.999864
1766,-0.11271592579134904,1.000001
1767,-0.11080597351951837,1.000033
1768,-0.10898697132967072,1.000001
1769,-0.10707701901549171,0.999809
1770,-0.10525801682558722,0.999942
1771,-0.10343901463573957,0.999935
1772,-0.10152906232156056,1.000076
1773,-0.09971006013171291,1.000054
1774,-0.09780010785988225,1.000007
1775,-0.0959811056700346,0.999991
1776,-0.09407115335585559,1.000109
1777,-0.09225215116595109,1.000106
1778,-0.09034219889417727,0.999867
1779,-0.08852319670427278,1.000125
1780,-0.08670419451442513,1.000058
1781,-0.08479424220024612,0.999916
1782,-0.08297524001039847,0.999913
1783,-0.0810652877385678,0.999993
1784,-0.07924628554872015,0.99998
1785,-0.07733633323454114,0.99995
1786,-0.07551733104463665,1.000173
1787,-0.073698328854789,1.000182
1788,-0.07178837658295834,1.000103
1789,-0.06996937439311068,0.999785
1790,-0.06805942207893168,1.000006
1791,-0.06624041988908402,0.999883
1792,-0.06433046757490501,1.000034
1793,-0.06251146538500052,1.000077
1794,-0.06069246319515287,0.999889
1795,-0.058782510923322207,0.999934
1796,-0.056963508733474555,1.000148
1797,-0.055053556419295546,0.999899
1798,-0.053234554229447895,0.999888
1799,-0.05132460195761723,0.999926
1800,-0.04950559976771274,1.00002
1801,-0.047686597577865086,0.99993
1802,-0.04577664526368608,0.99999
1803,-0.043957643073838426,0.999935
1804,-0.042047690802007764,0.999982
1805,-0.04022868861216011,0.999927
1806,-0.038318736297981104,1.000047
1807,-0.03649973410807661,1.000006
1808,-0.03468073191822896,1.00022
1809,-0.032770779646398296,1.000167
1810,-0.030951777456550644,0.999949
1811,-0.029041825142371636,1.000015
1812,-0.025312870638344975,1.000102
1813,-0.02349386844844048,1.00005
1814,-0.02167486625859283,1.000005
1815,-0.019764913986762167,1.000046
1816,-0.017945911796914515,1.000035
1817,-0.016035959482735507,0.999946
1818,-0.014216957292887855,1.000025
1819,-0.012307005021057194,0.999882
1820,-0.010488002831152698,1.000123
1821,-0.00857805051697369,0.999863
1822,-0.006759048327126038,0.999342
1823,-0.004940046137278387,0.999074
1824,-0.003030093865447725,0.9987
1825,-0.0012110916756000734,0.998868
1826,0.000698860638607357,0.999013
1827,0.0025178628284550086,0.999073
1828,0.00442781510028567,0.999026
1829,0.006246817290161744,0.999294
1830,0.008065819480009395,0.999589
1831,0.009975771794188404,0.999914
1832,0.011794773984064477,0.99998
1833,0.013704726298243486,1.000022
1834,0.015523728488091137,0.999911
1835,0.0174336807599218,0.999981
1836,0.019252682949797872,0.999873
1837,0.021071685139645524,0.999967
1838,0.022981637453824533,0.999969
1839,0.024800639643700606,1.000007
1840,0.026710591915531268,0.999878
1841,0.02852959410537892,0.999972
1842,0.030439546419557928,0.999966
1843,0.032258548609434,1.000116
1844,0.03407755079928165,1.000046
1845,0.035987503071112315,1.000051
1846,0.03780650526098839,1.000048
1847,0.039716457575167396,1.000063
1848,0.04153545976501505,0.999975
1849,0.04344541203684571,0.999999
1850,0.04526441422672178,1.000039
1851,0.047083416416569435,1.000141
1852,0.052722323234803525,1.000103
1853,0.05454132542465118,1.00003
1854,0.05645127769648184,1.000136
1855,0.05827027988635791,1.000174
1856,0.060089282076205563,0.999958
1857,0.06199923439038457,1.000099
1858,0.06381823658026065,0.999939
1859,0.06572818885206289,1.000004
1860,0.06754719104193896,0.999827
1861,0.06945714335611797,0.999841
1862,0.07127614554599404,0.999964
1863,0.07309514773584169,1.000029
1864,0.07500510000767235,1.00001
1865,0.07682410219752,0.999822
1866,0.07873405451169901,1.000044
1867,0.08055305670157509,0.999989
1868,0.08246300897340575,0.999898
1869,0.0842820111632534,1.000072
1870,0.08619196347743241,1.000022
1871,0.08982996785718456,0.999997
1872,0.09173992017136356,1.000083
1873,0.09355892236121122,0.99993
1874,0.09546887463304188,1.00003
1875,0.09728787682288953,0.999832
1876,0.09919782913706854,1.000018
1877,0.10101683132694461,0.999915
1878,0.10283583351682068,1.000051
1879,0.10474578578862292,1.000066
1880,0.106564787978499,0.999962
1881,0.108474740292678,0.999941
1882,0.11029374248252566,1.000037
1883,0.11220369475435632,1.000098
1884,0.1140226969442324,0.999977
1885,0.11584169913408005,1.000045
1886,0.11775165144825905,1.00001
1887,0.11957065363813513,1.000086
1888,0.12148060590996579,1.000091
1889,0.12329960809981344,0.999875
1890,0.12520956041399245,0.99998
1891,0.12702856260386852,0.999929
1892,0.12884756479371617,1.00017
1893,0.13075751710789518,0.999996
1894,0.13257651929777126,0.999966
1895,0.13448647156960192,1.00005
1896,0.13630547375944957,0.999864
1897,0.13821542607362858,0.99985
1898,0.14003442826350465,0.999892
1899,0.1418534304533523,0.999918
1900,0.14376338272518296,1.000028
1901,0.14558238491505904,1.000041
1902,0.14749233722923805,1.000228
1903,0.1493113394190857,1.000054
1904,0.15304029388079243,1.00008
1905,0.15485929607064008,1.000114
1906,0.1567692483848191,1.000091
1907,0.15858825057469517,0.999962
1908,0.16049820284652583,1.000038
1909,0.16231720503637348,1.000025
1910,0.1642271573505525,0.999851
1911,0.16604615954042856,0.999935
1912,0.16795611185460757,0.999864
1913,0.16977511404445522,0.999964
1914,0.1715941162343313,0.999963
1915,0.17350406850616196,0.999971
1916,0.1753230706960096,1.000021
1917,0.17723302301018862,1.000039
1918,0.1790520252000647,0.999959
1919,0.18096197747189535,0.99989
1920,0.182780979661743,1.000041
1921,0.18459998185161908,0.999896
1922,0.18650993416579809,1.000122
1923,0.18832893635564574,1.000077
1924,0.1902388886274764,1.000002
1925,0.19205789081735247,1.000032
1926,0.19396784313153148,1.000063
1927,0.19578684532137913,0.999879
1928,0.1976058475112552,1.00001
1929,0.19951579978308587,1.000022
1930,0.20133480197293352,1.000031
1931,0.20324475428711253,1.000111
1932,0.2050637564769886,1.000057
1933,0.2069737087911676,0.999983
1934,0.20879271098101526,1.000064
1935,0.21061171317089133,0.999986
1936,0.212521665442722,1.000004
1937,0.21434066763256965,0.999956
1938,0.21625061994674866,1.000173
1939,0.21806962213662473,1.000029
1940,0.2199795744084554,1.000053
1941,0.22179857659830304,0.999972
1942,0.22361757878817912,1.00006
1943,0.22552753110235813,1.000102
1944,0.22734653329220578,0.999793
1945,0.22925648556403644,0.999987
1946,0.2310754877539125,0.99992
1947,0.23298544006809152,0.999991
1948,0.23480444225793917,0.99998
1949,0.23662344444781525,1.000012
1950,0.23853339671961749,1.000062
1951,0.24035239890949356,0.999844
1952,0.24226235122367257,0.999977
1953,0.24408135341354864,1.000017
1954,0.24599130572772765,0.999922
1955,0.2478103079175753,0.999773
1956,0.24962931010745137,1.000169
1957,0.2515392623792536,0.999952
1958,0.2533582645691297,0.999931
1959,0.2552682168833087,0.999845
1960,0.25708721907318477,1.000136
1961,0.258997171344987,0.999966
1962,0.2608161735348631,0.999896
1963,0.2627261258490421,1.000103
1964,0.26454512803888974,1.000072
1965,0.2663641302287658,0.999968
1966,0.2682740825005965,1.000152
1967,0.27009308469044413,0.999899
1968,0.27200303700462314,1.000072
1969,0.2738220391944992,0.999919
1970,0.2757319914663299,0.999945
1971,0.2775509936561775,0.999952
1972,0.2793699958460536,1.00009
1973,0.2812799481602326,0.999963
1974,0.28309895035008026,0.999927
1975,0.28500890266425927,0.999946
1976,0.28682790485413534,0.999936
1977,0.288737857125966,1.000044
1978,0.29055685931581365,1.000075
1979,0.2923758615056897,0.999877
1980,0.29428581381986874,1.00012
1981,0.2961048160097164,1.000049
1982,0.29801476828154705,1.000183
1983,0.2998337704714231,1.000051
1984,0.30174372278560213,1.000121
1985,0.30538172716532586,0.999944
1986,0.3072916794371565,1.000038
1987,0.30911068162700417,0.999968
1988,0.3110206339411832,1.000067
1989,0.31283963613105925,1.000099
1990,0.3147495884028899,0.999998
1991,0.31656859059273756,1.000043
1992,0.31838759278261364,0.999871
1993,0.32029754509679265,1.00003
1994,0.3221165472866403,1.000063
1995,0.3240264996008193,1.000066
1996,0.3258455017906954,1.000171
1997,0.32775545406252604,0.999869
1998,0.33139345844224977,0.999832
1999,0.3333034107564288,1.000005
2000,0.3351224129462764,1.00002
2001,0.3370323652181071,1.000025
2002,0.33885136740798316,0.999909
2003,0.34076131972216217,0.999937
2004,0.3425803219120098,0.999896
2005,0.3444902741838405,1.000024
2006,0.34630927637371656,0.999956
2007,0.3481282785635642,0.999979
2008,0.3500382308777432,0.999992
2009,0.3518572330676193,0.99989
2010,0.35376718533944995,0.999916
2011,0.3555861875292976,1.000035
2012,0.3574961398434766,0.999976
2013,0.3593151420333527,1.000081
2014,0.36113414422320034,1.000038
2015,0.36304409653737935,1.00011
2016,0.3648630987272554,1.000066
2017,0.3667730509990861,1.000156
2018,0.36859205318893373,0.999921
2019,0.37050200550311274,1.000054
2020,0.3723210076929888,1.000166
2021,0.37604996215466713,0.999808
2022,0.3778689643445432,0.999864
2023,0.3797789166587222,0.99986
2024,0.38159791884856986,1.000035
2025,0.3835078711204005,1.000092
2026,0.3853268733102766,1.000094
2027,0.38714587550012425,1.000076
2028,0.38905582781430326,0.999912
2029,0.39087483000417933,0.999936
2030,0.39278478227601,0.999878
2031,0.39460378446585764,0.999868
2032,0.39651373678003665,0.999963
2033,0.3983327389699127,0.999909
2034,0.4001517411597604,0.999964
2035,0.4020616934739394,0.999922
2036,0.40388069566381546,1.000036
2037,0.4057906479356461,1.00002
2038,0.40760965012549377,1.000084
2039,0.4095196024396728,0.99995
2040,0.41133860462954885,1.000124
2041,0.4131576068193965,1.000145
2042,0.41506755909122717,1.000115
2043,0.41688656128110324,1.000102
2044,0.41879651359528225,1.000027
2045,0.4206155157851299,1.000066
2046,0.42252546805696056,0.999957
2047,0.4243444702468082,1.000053
2048,0.4261634724366843,1.000071
2049,0.4280734247508633,0.999918
2050,0.42989242694073937,0.999962
2051,0.4318023792125416,1.000083
2052,0.4336213814024177,1.000055
2053,0.4355313337165967,1.000034
2054,0.43735033590644434,0.999929
2055,0.43926028822062335,1.00013
2056,0.4428982926003755,0.999863
2057,0.44480824487217774,1.000058
2058,0.4466272470620538,1.000047
2059,0.4485371993762328,1.000062
2060,0.4503562015661089,1.000035
2061,0.45226615383791113,0.999878
2062,0.4540851560277872,0.999834
2063,0.45590415821763486,1.000026
2064,0.45781411053181387,0.999972
2065,0.45963311272168994,0.999994
2066,0.4615430649935206,0.999788
2067,0.46336206718336825,0.999875
2068,0.46527201949754726,1.00003
2069,0.46709102168742334,1.000027
2070,0.468910023877271,0.999799
2071,0.47081997614910165,0.999974
2072,0.4726389783389777,1.000025
2073,0.47454893065315673,0.999907
2074,0.4763679328430044,0.99996
2075,0.4782778851571834,0.999952
2076,0.48009688734705946,1.00009
2077,0.48191588949455877,0.999943
2078,0.4838258418087378,1.000005
2079,0.48755479631279286,1.000403
2080,0.4893737985026405,0.999976
2081,0.4912837507744712,1.000044
2082,0.49310275296434725,1.000028
2083,0.4949217551541949,0.999979
2084,0.4968317074683739,1.000064
2085,0.49865070965825,0.999886
2086,-0.49943933806991936,1.000047
2087,-0.4976203358800717,0.999951
2088,-0.4957103835658927,1.000143
2089,-0.4938913813760166,0.999915
2090,-0.4901624269143383,0.999995
2091,-0.48834342472446224,0.999844
2092,-0.48643347241028323,0.999968
2093,-0.4846144702204356,1.000099
2094,-0.48270451790625657,1.000035
2095,-0.4808855157163805,0.999997
2096,-0.47897556344454983,1.00003
2097,-0.4771565612547022,0.999998
2098,-0.4753375590648261,1.000056
2099,-0.4734276067506471,1.00011
2100,-0.47160860456079945,1.000015
2101,-0.4678796500990927,1.000138
2102,-0.4659696977849137,1.000046
2103,-0.46415069559506605,1.000011
2104,-0.46233169340519,1.000127
2105,-0.4604217411333593,1.000021
2106,-0.45860273894351167,0.999887
2107,-0.45669278662933266,1.000032
2108,-0.4548737844394566,1.000015
2109,-0.4529638321676259,0.999863
2110,-0.45114482997777827,0.999863
2111,-0.4493258277879022,1.000006
2112,-0.44368692096969653,1.000039
2113,-0.44186791877982046,1.000136
2114,-0.4399579665079898,1.00005
2115,-0.43813896431814214,0.999911
2116,-0.43631996212826607,1.000008
2117,-0.43441000981408706,0.999935
2118,-0.4325910076242394,1.000082
2119,-0.43068105535240875,0.999971
2120,-0.4288620531625327,0.999851
2121,-0.42695210084835367,0.999893
2122,-0.425133098658506,0.999866
2123,-0.42331409646862994,0.999998
2124,-0.4214041441967993,0.999799
2125,-0.41958514200695163,1.000059
2126,-0.4176751896927726,1.000074
2127,-0.41585618750289655,0.999854
2128,-0.4139462352310943,1.00011
2129,-0.41212723304121823,1.000101
2130,-0.41030823085134216,1.000047
2131,-0.40839827853716315,1.000048
2132,-0.4065792763473155,1.00014
2133,-0.4046693240331365,0.999917
2134,-0.4009403695714582,0.9999
2135,-0.3991213673815821,0.999987
2136,-0.39730236519170603,0.9999
2137,-0.395392412877527,1.000001
2138,-0.39357341068767937,0.999899
2139,-0.3916634584158487,0.999979
2140,-0.38984445622600106,1.000059
2141,-0.38793450391182205,1.00005
2142,-0.386115501721946,1.000073
2143,-0.3842055494501153,1.000087
2144,-0.38238654726026766,1.000026
2145,-0.3786575927562126,1.000016
2146,-0.37683859056636493,0.999947
2147,-0.37492863829453427,1.000012
2148,-0.3731096361046582,1.000021
2149,-0.3711996837904792,1.000098
2150,-0.36938068160063153,0.999872
2151,-0.36756167941075546,1.000017
2152,-0.36565172709657645,1.000117
2153,-0.3638327249067004,1.000008
2154,-0.36192277263489814,0.99998
2155,-0.36010377044502206,0.999898
2156,-0.3563748159409954,0.999918
2157,-0.35455581375111933,0.999977
2158,-0.35264586147928867,0.999992
2159,-0.350826859289441,1.000006
2160,-0.348916906975262,0.999985
2161,-0.34709790478538594,1.000117
2162,-0.3451879525135553,1.000197
2163,-0.3433689503237076,0.99999
2164,-0.34154994813383155,1.000015
2165,-0.33963999581965254,1.000002
2166,-0.3378209936298049,0.999986
2167,-0.33409203916809815,1.000057
2168,-0.33218208685391915,0.999893
2169,-0.3303630846640715,0.999869
2170,-0.3285440824741954,1.000035
2171,-0.3266341301600164,1.00006
2172,-0.3248151280125171,0.999984
2173,-0.3229051756983381,0.999947
2174,-0.321086173508462,1.000072
2175,-0.319176221194283,0.999988
2176,-0.31735721900443536,1.000138
2177,-0.3155382168145593,0.999992
2178,-0.311809262352881,0.999932
2179,-0.30989931003870197,1.000057
2180,-0.3080803078488259,0.999916
2181,-0.30617035557699523,0.999837
2182,-0.3043513533871476,1.000046
2183,-0.3024414010729686,1.000212
2184,-0.3006223988830925,1.000012
2185,-0.29880339669324485,0.999963
2186,-0.2968934444214142,0.999975
2187,-0.2950744422315381,0.999973
2188,-0.2931644899173591,1.000096
2189,-0.28943553541333245,0.999907
2190,-0.28761653322345637,1.00004
2191,-0.28579753107595707,0.999895
2192,-0.28388757876177806,0.999919
2193,-0.282068576571902,0.999898
2194,-0.280158624257723,1.000148
2195,-0.2783396220678753,0.999976
2196,-0.27642966979604466,1.000013
2197,-0.2746106676061686,1.000066
2198,-0.27279166541632094,1.00002
2199,-0.27088171310214193,0.999951
2200,-0.26906271091226586,1.000006
2201,-0.2671527586404352,1.000003
2202,-0.26533375645058754,0.999823
2203,-0.26342380413640853,1.000109
2204,-0.26160480194653246,0.999949
2205,-0.2597857997566848,0.999994
2206,-0.25787584748485415,0.999941
2207,-0.2560568452949781,0.999916
2208,-0.25414689298079907,0.999895
2209,-0.2523278907909514,1.000012
2210,-0.2504179384767724,1.000063
2211,-0.24859893628689633,1.000024
2212,-0.24486998182521802,1.000095
2213,-0.24305097963534195,0.999934
2214,-0.24114102732116294,1.000008
2215,-0.23932202513131529,1.000115
2216,-0.23741207285948462,0.999966
2217,-0.23559307066960855,1.000054
2218,-0.2337740684797609,1.000082
2219,-0.2318641161655819,1.000027
2220,-0.23004511397570582,0.999954
2221,-0.22813516170390358,0.999996
2222,-0.2263161595140275,1.00004
2223,-0.22258720500997242,1.000015
2224,-0.22076820282012477,0.999966
2225,-0.2188582505482941,1.000026
2226,-0.21703924835844646,0.999945
2227,-0.21512929604426745,1.00008
2228,-0.21331029385439138,0.999924
2229,-0.21140034154021237,1.000162
2230,-0.2095813393503363,0.999932
2231,-0.20767138707853405,1.00003
2232,-0.20585238488865798,0.999996
2233,-0.20403338269881033,1.000131
2234,-0.20030442819475525,0.999936
2235,-0.19839447592292458,0.999922
2236,-0.19657547373307693,1.000073
2237,-0.19466552141889792,0.999904
2238,-0.19284651922902185,1.000056
2239,-0.1910275170391742,0.999981
2240,-0.18911756476734354,0.999994
2241,-0.18729856257746746,0.999895
2242,-0.18538861026328846,0.999935
2243,-0.1835696080734408,0.999855
2244,-0.18165965580161014,1.000005
2245,-0.17802165142188642,1.000043
2246,-0.1761116991077074,1.000107
2247,-0.17429269691783134,1.000022
2248,-0.17238274460365233,1.000102
2249,-0.17056374241380468,1.000031
2250,-0.168653790141974,0.999933
2251,-0.16683478795209794,1.000131
2252,-0.1650157857622503,1.00009
2253,-0.16310583344807128,0.999892
2254,-0.1612868312581952,0.99995
2255,-0.15937687898636455,1.000169
2256,-0.15564792448233788,0.999998
2257,-0.1538289222924618,0.999881
2258,-0.15200992010261416,1.000062
2259,-0.1500999678307835,0.999929
2260,-0.14828096564090743,0.999804
2261,-0.14637101332672842,0.999917
2262,-0.14455201113688076,0.999831
2263,-0.1426420588650501,1.00023
2264,-0.14082305667517403,0.999878
2265,-0.13900405448532638,0.999983
2266,-0.13709410217114737,0.999985
2267,-0.1333651476670923,1.000236
2268,-0.13154614551959298,0.999925
2269,-0.12963619320541397,0.999895
2270,-0.1278171910155379,0.999997
2271,-0.1259072387013589,1.000003
2272,-0.12408823651151124,1.000063
2273,-0.12226923432163517,0.999983
2274,-0.1203592820498045,1.000161
2275,-0.11854027985995685,1.000104
2276,-0.11663032754577785,0.999953
2277,-0.11481132535590177,0.999896
2278,-0.11108237089422346,1.000118
2279,-0.10926336870434739,1.000121
2280,-0.10735341639016838,1.000047
2281,-0.10553441420032073,0.999944
2282,-0.10362446192849006,0.999963
2283,-0.10180545973861399,1.000078
2284,-0.09989550742443498,0.999961
2285,-0.09807650523458733,0.999802
2286,-0.09625750304471126,0.999947
2287,-0.09434755073053225,0.999925
2288,-0.09252854858303294,0.999976
2289,-0.08879959407897786,1.000144
2290,-0.08688964176479885,0.999958
2291,-0.0850706395749512,1.00015
2292,-0.08325163738507513,0.99997
2293,-0.08134168511324447,0.999912
2294,-0.07952268292339681,0.999941
2295,-0.0776127306092178,0.999964
2296,-0.07579372841934173,0.999934
2297,-0.07388377614751107,0.999883
2298,-0.07206477395766342,0.999991
2299,-0.07024577176778735,0.999959
2300,-0.06651681726376069,1.000088
2301,-0.06460686499193002,0.999938
2302,-0.06278786280205395,1.000143
2303,-0.06087791048787494,1.000146
2304,-0.05905890829802729,0.999905
2305,-0.05723990610815122,1.000086
2306,-0.05532995379397221,1.000084
2307,-0.053510951646472904,1.000006
2308,-0.051600999332293895,0.99999
2309,-0.04978199714241782,1.000019
2310,-0.04787204482823881,1.00005
2311,-0.04423404044851509,1.000146
2312,-0.04232408817671285,1.00005
2313,-0.040505085986836775,0.999986
2314,-0.038595133672657767,1.000172
2315,-0.03677613148278169,0.999957
2316,-0.03486617921097945,0.999931
2317,-0.03304717702110338,0.999998
2318,-0.03113722470692437,0.999833
2319,-0.02931822251707672,0.999904
2320,-0.027499220327200646,0.99992
2321,-0.025589268055369985,1.000036
2322,-0.021860313551343324,0.999996
2323,-0.02004131136146725,0.999953
2324,-0.018131359047288242,1.000039
2325,-0.01631235685744059,1.000117
2326,-0.014493354709912865,1.000031
2327,-0.012583402395733856,0.999917
2328,-0.010764400205886204,0.999994
2329,-0.008854447891707196,0.99983
2330,-0.007035445701831122,0.999181
2331,-0.005125493430000461,0.999029
2332,-0.003306491240152809,0.998988
2333,0.00042246326390227296,0.999066
2334,0.0022414654537499246,0.998968
2335,0.004151417725580586,0.999027
2336,0.0059704199154566595,0.999043
2337,0.007880372229635668,0.99956
2338,0.00969937441948332,0.9999
2339,0.011518376609359393,1.00007
2340,0.013428328881190055,1.00009
2341,0.015247331071037706,1.000032
2342,0.017157283385216715,1.000045
2343,0.01897628557509279,1.000051
2344,0.02270524007911945,1.00005
2345,0.024524242226647175,0.999935
2346,0.026434194540826184,0.999987
2347,0.028253196730673835,0.99996
2348,0.030163149044852844,0.999942
2349,0.03198215123472892,1.000076
2350,0.03389210350655958,1.000012
2351,0.03571110569640723,0.999945
2352,0.037530107886283304,1.000077
2353,0.03944006020046231,1.0
2354,0.041259062390309964,1.000005
2355,0.0449880168520167,0.999993
2356,0.04689796916619571,1.000006
2357,0.04871697135604336,0.999937
2358,0.05053597354591943,0.999926
2359,0.052445925817750094,0.999886
2360,0.054264928007597746,0.999903
2361,0.056174880321776754,1.000037
2362,0.05799388251165283,1.000094
2363,0.059903834825831836,1.000051
2364,0.06172283697333114,0.999887
2365,0.06363278928751015,0.999905
2366,0.06727079366723387,1.000083
2367,0.06918074598141288,1.0
2368,0.07099974817128896,1.000004
2369,0.07290970044311962,1.000006
2370,0.07472870263296727,1.000194
2371,0.07663865494714628,1.000132
2372,0.07845765713702235,1.00014
2373,0.08027665932687,1.000127
2374,0.08218661159870067,1.00009
2375,0.08400561378857674,0.999968
2376,0.08591556610275575,1.000188
2377,0.09701147944821287,0.999919
2378,0.09892143176239188,0.999917
2379,0.10074043390989118,0.999984
2380,0.10265038622407019,0.999969
2381,0.10446938841394626,0.999889
2382,0.10628839060379391,0.999904
2383,0.10819834291797292,1.000006
2384,0.110017345107849,1.000099
2385,0.11192729737967966,0.99989
2386,0.11374629956952731,0.999893
2387,0.11565625188370632,0.999914
2388,0.11747525407358239,1.000019
2389,0.11929425626343004,1.000125
2390,0.1212042085352607,0.999935
2391,0.12302321072513678,0.999945
2392,0.12493316303931579,0.999822
2393,0.12675216522916344,0.999863
2394,0.1286621175009941,1.000131
2395,0.13048111969084175,0.999976
2396,0.13421007419489683,1.000101
2397,0.1360290763847729,0.99995
2398,0.13793902869895192,0.999947
2399,0.13975803084645122,1.000018
2400,0.14166798316063023,1.000091
2401,0.14348698535047788,0.999944
2402,0.1453969376646569,0.99998
2403,0.14721593985453296,1.000037
2404,0.14903494204440904,0.999994
2405,0.15094489431621128,0.999889
2406,0.15276389650608735,0.99997
2407,0.156492851010114,1.000034
2408,0.15840280328194467,1.000035
2409,0.16022180547182074,1.000127
2410,0.1620408076616684,1.000113
2411,0.1639507599758474,0.999921
2412,0.16576976216572348,1.000195
2413,0.16767971443755414,0.999975
2414,0.1694987166274018,1.000065
2415,0.1714086689415808,0.999876
2416,0.17322767113145687,1.000172
2417,0.17504667332130452,0.999995
2418,0.17877562778301126,0.99995
2419,0.18068558009719027,0.999959
2420,0.18250458228703792,1.000008
2421,0.18441453460121693,0.999935
2422,0.186233536791093,1.000035
2423,0.18805253898094065,1.000142
2424,0.18996249125277131,0.999964
2425,0.1917814934426474,1.000002
2426,0.1936914457568264,1.000023
2427,0.19551044794667405,1.000024
2428,0.1974204002185047,0.999929
2429,0.20105840459822844,1.000045
2430,0.20296835691240744,1.000028
2431,0.20478735910228352,1.000033
2432,0.20669731137411418,0.999786
2433,0.20851631356396183,0.99996
2434,0.21042626587814084,1.000146
2435,0.2122452680680169,0.999879
2436,0.21406427025786456,1.000044
2437,0.21597422257204357,0.999976
2438,0.2177932247195713,1.000015
2439,0.2197031770337503,0.999987
2440,0.22525113372765304,1.000034
2441,0.2270701359175007,0.999984
2442,0.22898008818933135,0.999924
2443,0.23079909037920743,0.999742
2444,0.23270904269338644,1.000052
2445,0.2345280448832341,1.000045
2446,0.23643799715506475,0.999827
2447,0.23825699934494082,0.999761
2448,0.24016695165911983,1.00003
2449,0.24198595384896748,1.00016
2450,0.24380495603884356,1.000057
2451,0.24571490831067422,0.99999
2452,0.24753391050052187,1.000048
2453,0.24944386281470088,1.000097
2454,0.25126286500457695,0.999917
2455,0.25317281731875596,1.000053
2456,0.25499181946625527,1.000094
2457,0.25681082165613134,1.000034
2458,0.25872077397031035,1.000053
2459,0.260539776160158,1.000168
2460,0.262449728474337,0.999936
2461,0.2642687306642131,0.999997
2462,0.2679976851258914,1.000062
2463,0.26981668731576747,1.000109
2464,0.2717266396299465,0.999914
2465,0.2735456418197941,0.999889
2466,0.2754555940916248,1.000145
2467,0.27727459628150086,0.999979
2468,0.27918454859567987,1.000187
2469,0.2810035507855275,0.999937
2470,0.2828225529754036,1.000054
2471,0.28473250524723426,0.999936
2472,0.2865515074370819,1.000053
2473,0.290280461941137,0.999928
2474,0.292190414255316,1.000054
2475,0.2940094164028153,0.999839
2476,0.2958284185926914,0.999925
2477,0.2977383709068704,0.99995
2478,0.29955737309671804,0.999944
2479,0.30146732541089705,0.999972
2480,0.3032863276007731,1.000064
2481,0.30519627987257536,0.999986
2482,0.30701528206245143,1.000018
2483,0.3088342842523275,0.999847
2484,0.31256323875635417,1.000065
2485,0.31447319102818483,0.999948
2486,0.3162921932180325,1.000122
2487,0.3182021455322115,1.000109
2488,0.32002114772208756,0.999912
2489,0.3219310999939182,1.000021
2490,0.3237501021837659,1.000085
2491,0.32556910437364195,0.999934
2492,0.32747905668782096,0.999933
2493,0.3292980588776686,0.999866
2494,0.3312080111918476,1.00003
2495,0.33493696565355435,1.000011
2496,0.336755967843402,0.999934
2497,0.3385749700332781,0.999981
2498,0.3404849223474571,1.000269
2499,0.34230392453730474,1.000056
2500,0.3442138768091354,0.999918
2501,0.3460328789990115,0.999972
2502,0.3479428313131905,1.000019
2503,0.34976183350303813,0.999988
2504,0.3515808356929142,0.999967
2505,0.35349078796474487,1.000021
2506,0.35721974246877153,0.999883
2507,0.3590387446586476,0.999954
2508,0.36094869693047826,0.999919
2509,0.3627676991203259,0.99991
2510,0.364586701310202,1.000038
2511,0.366496653624381,1.000147
2512,0.36831565581422865,1.0
2513,0.37022560812840766,0.999906
2514,0.3720446102759354,1.000035
2515,0.3739545625901144,1.000077
2516,0.37577356477996204,0.999947
2517,0.3795025192840171,1.000078
2518,0.3813215214738648,1.000203
2519,0.38323147374569544,1.00015
2520,0.3850504759355715,0.999926
2521,0.3869604282497505,1.000293
2522,0.3887794304395982,0.999989
2523,0.39059843262947425,0.999901
2524,0.3925083849013049,1.000115
2525,0.39432738709115256,0.999952
2526,0.39623733940533157,0.999968
2527,0.39805634159520764,1.000006
2528,0.40178529605688595,0.999862
2529,0.403604298246762,1.000033
2530,0.40551425056094104,1.000012
2531,0.4073332527507887,0.999981
2532,0.4092432050649677,1.000017
2533,0.4110622072124954,0.999827
2534,0.41297215952667443,0.999867
2535,0.4147911617165221,1.000072
2536,0.4167011140307011,0.999894
2537,0.41852011622057717,0.999942
2538,0.4203391184104248,1.0001
2539,0.42406807287213155,0.999828
2540,0.42597802518631056,0.99993
2541,0.4277970273761582,0.999969
2542,0.4297069796479889,0.99994
2543,0.43152598183786495,0.999912
2544,0.4333449840277126,0.999939
2545,0.4352549363418916,1.000223
2546,0.4370739385317677,0.999933
2547,0.43898389080359834,1.0
2548,0.440802892993446,1.000026
2549,0.442712845307625,1.000039
2550,0.4463508496873487,0.999897
2551,0.4482608019591794,0.999972
2552,0.45007980414905546,0.999992
2553,0.45198975646323447,0.999962
2554,0.4538087586530821,0.999867
2555,0.45571871096726113,1.000226
2556,0.4575377131571372,0.99994
2557,0.45935671534698486,1.000165
2558,0.4612666676188155,1.000033
2559,0.4630856698086916,1.000109
2560,0.4649956221228706,0.999987
2561,0.46681462431271825,1.000023
2562,0.4687245765845489,1.000084
2563,0.470543578774425,1.000045
2564,0.47236258096427264,1.00016
2565,0.47427253327845165,1.000053
2566,0.4760915354683277,0.999942
2567,0.47800148774012996,1.000125
2568,0.47982048993000603,0.999888
2569,0.48173044224418504,0.99994
2570,0.4835494444340611,1.000047
2571,0.48536844662390877,1.000012
2572,0.48727839889573943,0.999967
2573,0.4910073533997661,1.000149
2574,0.49282635558964216,1.000018
2575,0.49473630790382117,0.999925
2576,0.49655531009369724,1.000077
2577,0.4984652623654995,1.00002
2578,-0.49971573544462444,0.99996
2579,-0.4978967332547768,0.999905
2580,-0.4959867809405978,0.999915
2581,-0.4941677787507217,1.000109
2582,-0.49225782647889105,0.999904
2583,-0.4904388242890434,1.000013
2584,-0.4867098697849883,0.999822
2585,-0.48489086759514066,0.999941
2586,-0.48298091532331,0.999915
2587,-0.4811619131334339,0.999828
2588,-0.4792519608192549,1.00009
2589,-0.47743295862940727,1.000045
2590,-0.47552300631522826,1.000159
2591,-0.47370400416770053,0.999984
2592,-0.4718850019778529,1.000049
2593,-0.46997504966367387,1.000015
2594,-0.4681560474737978,1.000037
2595,-0.46442709296977114,0.999915
2596,-0.4625171406979405,1.000029
2597,-0.4606981385080644,1.000028
2598,-0.45887913631821675,1.000188
2599,-0.45696918400403774,0.999855
2600,-0.45515018181416167,0.999898
2601,-0.453240229542331,1.000103
2602,-0.45142122735248336,1.0001
2603,-0.44951127503830435,0.999894
2604,-0.4476922728484283,1.000037
2605,-0.4458732706585806,0.999999
2606,-0.4421443161968739,0.999925
2607,-0.4402343638826949,0.999918
2608,-0.4384153616928472,1.000078
2609,-0.4365054093786682,0.999948
2610,-0.4346864072311405,0.999947
2611,-0.43286740504129284,0.999946
2612,-0.43095745272711383,1.000007
2613,-0.42913845053723776,0.999983
2614,-0.42722849822305875,0.999879
2615,-0.4254094960332111,1.000049
2616,-0.42349954376138044,0.999942
2617,-0.41977058925732535,0.999889
2618,-0.4179515870674777,1.000022
2619,-0.41613258487760163,0.999951
2620,-0.41422263260577097,1.00006
2621,-0.4124036304159233,1.000118
2622,-0.4104936781017443,0.999954
2623,-0.40867467591186823,1.000092
2624,-0.4067647236400376,0.999874
2625,-0.4049457214501899,1.000124
2626,-0.40312671926031385,0.999982
2627,-0.40121676694613484,1.000245
2628,-0.3974878124421082,0.999929
2629,-0.39566881029458045,0.999993
2630,-0.39375885798040144,1.000083
2631,-0.3919398557905538,0.999749
2632,-0.3901208536006777,1.000024
2633,-0.3882109012864987,1.000079
2634,-0.38639189909665106,1.000023
2635,-0.3844819468248204,0.999966
2636,-0.3826629446349443,1.000036
2637,-0.3807529923207653,1.00006
2638,-0.37893399013091766,1.000069
2639,-0.37520503566921093,1.000116
2640,-0.3733860334793633,0.999933
2641,-0.3696570789753082,1.000119
2642,-0.36774712670347753,0.99999
2643,-0.3659281245136299,1.000065
2644,-0.3641091223237538,1.000234
2645,-0.3621991700095748,0.999977
2646,-0.36038016781972715,0.999976
2647,-0.3584702155478965,0.99999
2648,-0.3566512133580204,0.999972
2649,-0.35292225885399375,0.999941
2650,-0.3511032566641177,0.999943
2651,-0.34919330434993867,0.999978
2652,-0.347374302160091,1.00001
2653,-0.34546434988826036,1.000013
2654,-0.3436453476983843,0.999978
2655,-0.3417353953842053,0.999912
2656,-0.3399163931943576,0.999805
2657,-0.33809739100448155,0.999929
2658,-0.3361874387326793,0.999918
2659,-0.33436843654280324,0.999943
2660,-0.33063948203874816,0.999961
2661,-0.3287295297669459,0.999876
2662,-0.32691052757706984,1.000092
2663,-0.32500057526289083,1.000009
2664,-0.3231815730730432,1.000002
2665,-0.3213625708831671,1.000205
2666,-0.31945261861133645,1.000004
2667,-0.3176336164214888,0.999996
2668,-0.3157236641073098,1.000066
2669,-0.3139046619174337,0.999918
2670,-0.3119947096032547,1.000068
2671,-0.308356705223531,0.999895
2672,-0.3064467529517003,0.999938
2673,-0.30462775076185267,1.000048
2674,-0.30271779844767366,0.999928
2675,-0.3008987962577976,1.000085
2676,-0.2989888439859669,1.000086
2677,-0.29716984179611927,0.999967
2678,-0.2953508396062432,1.000007
2679,-0.2934408872920642,1.000055
2680,-0.29162188510221654,1.000053
2681,-0.2897119328303859,1.00004
2682,-0.2859829783263308,0.999859
2683,-0.28416397613648314,0.999871
2684,-0.28234497394660707,1.000129
2685,-0.2804350216747764,0.999893
2686,-0.27861601948492876,0.999855
2687,-0.27670606717074975,1.00012
2688,-0.2748870649808737,0.99999
2689,-0.27297711266669467,1.000014
2690,-0.271158110476847,1.000067
2691,-0.26933910828697094,0.999955
2692,-0.2674291560151403,1.000092
2693,-0.2637002015111136,1.000153
2694,-0.2599712470494069,0.999953
2695,-0.25815224485955923,0.999923
2696,-0.25633324266968316,1.000052
2697,-0.25442329035550415,1.0
2698,-0.2526042881656565,0.999992
2699,-0.25069433589382584,0.999958
2700,-0.24887533370394976,1.000001
2701,-0.24696538138977076,0.999937
2702,-0.2451463791999231,1.000056
2703,-0.24141742473821637,1.000142
2704,-0.23959842254836872,1.000194
2705,-0.2376884702341897,1.000166
2706,-0.23586946804431363,0.999906
2707,-0.23395951573013463,0.999887
2708,-0.23214051354028697,1.000035
2709,-0.2302305612684563,1.000035
2710,-0.22841155907858024,0.999976
2711,-0.2265925568887326,0.999869
2712,-0.22468260457455358,0.999736
2713,-0.2228636023846775,1.000001
2714,-0.2191346479229992,1.000056
2715,-0.21722469560882018,1.000089
2716,-0.2154056934189441,1.000094
2717,-0.21358669122909646,1.000013
2718,-0.2116767389572658,1.000029
2719,-0.20985773676738972,1.000015
2720,-0.20794778445321072,0.999856
2721,-0.20612878226336306,0.999844
2722,-0.20421882994918406,0.999824
2723,-0.20239982780165633,1.000014
2724,-0.20058082561180868,0.999998
2725,-0.1968518711077536,0.999953
2726,-0.1949419187935746,1.00006
2727,-0.19312291660372694,1.000113
2728,-0.19121296433189627,1.000054
2729,-0.1893939621420202,1.000083
2730,-0.18757495995217255,0.999926
2731,-0.18566500763799354,0.999872
2732,-0.18384600544811747,1.000033
2733,-0.1819360531762868,0.999943
2734,-0.18011705098643915,0.999902
2735,-0.17820709867226014,1.000021
2736,-0.17456909429253642,1.000021
2737,-0.17265914202070576,1.000128
2738,-0.17084013983082968,1.000052
2739,-0.16893018751665068,1.000152
2740,-0.16711118532680302,0.999946
2741,-0.16520123305497236,1.000036
2742,-0.1633822308651247,1.000153
2743,-0.16156322867524864,0.999935
2744,-0.15965327636106963,1.000006
2745,-0.15783427417119356,1.000027
2746,-0.15592432185701455,0.999898
2747,-0.1541053196671669,1.000086
2748,-0.15219536739533623,0.999769
2749,-0.15037636520548858,1.000111
2750,-0.14846641289130957,0.999988
2751,-0.1466474107014335,1.000054
2752,-0.14482840851155743,1.000018
2753,-0.1429184562397552,1.000081
2754,-0.14109945404987911,1.000127
2755,-0.1391895017357001,0.999997
2756,-0.13737049954585245,0.999934
2757,-0.1354605472740218,0.999992
2758,-0.13364154508414572,1.000032
2759,-0.12991259058011906,1.00011
2760,-0.12809358839024299,0.999991
2761,-0.12618363611841232,0.999977
2762,-0.12436463392856467,0.99999
2763,-0.12245468161438566,1.000025
2764,-0.12063567942450959,1.000109
2765,-0.11881667723466194,0.999803
2766,-0.11690672492048293,1.000005
2767,-0.11508772273060686,0.99995
2768,-0.1131777704587762,0.999902
2769,-0.11135876826892854,0.999958
2770,-0.10762981376487346,1.000045
2771,-0.10581081157502581,0.999926
2772,-0.10390085930319515,0.999925
2773,-0.10208185711331907,0.999796
2774,-0.10017190479914007,0.999931
2775,-0.09835290260929241,1.000137
2776,-0.09644295033746175,0.999797
2777,-0.09462394814758568,1.000056
2778,-0.09280494595773803,0.999939
2779,-0.09089499364355902,1.000021
2780,-0.08907599145368295,0.999994
2781,-0.08343708467782562,0.999864
2782,-0.08161808248794955,1.000039
2783,-0.0797990802981019,1.000065
2784,-0.07788912798392289,0.999992
2785,-0.07607012579404682,0.999951
2786,-0.07416017352221616,1.000159
2787,-0.0723411713323685,1.000026
2788,-0.0704312190181895,0.99989
2789,-0.06861221682831342,1.000177
2790,-0.06670226455648276,0.99983
2791,-0.06306426017675903,1.00016
2792,-0.061154307862580026,1.000213
2793,-0.059335305672732375,0.999979
2794,-0.05742535340090171,1.000055
2795,-0.05560635121102564,0.999927
2796,-0.05369639889684663,1.000179
2797,-0.05187739670699898,1.000145
2798,-0.050058394517122906,0.999955
2799,-0.048148442245292244,1.000103
2800,-0.04632944005544459,0.999997
2801,-0.044419487741265584,1.00004
2802,-0.0406905332372105,0.99999
2803,-0.03887153104736285,1.000101
2804,-0.03705252885748678,0.999953
2805,-0.035142576585656116,1.000141
2806,-0.033323574395808464,0.999835
2807,-0.031413622081629455,0.999888
2808,-0.029594619891753382,0.999789
2809,-0.02768466761992272,1.000049
2810,-0.02586566543007507,0.999899
2811,-0.024046663240198995,0.999972
2812,-0.022136710926019987,0.999885
2813,-0.018407756464341674,0.999912
2814,-0.0165887542744656,0.999997
2815,-0.014678801960286592,1.000011
2816,-0.01285979977043894,1.000053
2817,-0.011040797580562867,1.000106
2818,-0.009130845308732205,1.00006
2819,-0.007311843118884553,0.999126
2820,-0.005401890804705545,0.999174
2821,-0.0035828886148294714,0.999179
2822,-0.0016729363006504627,0.998994
2823,0.00014606588919718888,0.99889
2824,0.003875020350903924,0.999079
2825,0.0056940225407515754,0.999174
2826,0.007603974854930584,0.999507
2827,0.009422977044806657,1.000025
2828,0.011332929316608897,0.999975
2829,0.01315193150648497,0.999915
2830,0.01506188382066398,0.999834
2831,0.016880886010540053,1.000044
2832,0.018699888200387704,0.999995
2833,0.020609840472218366,0.999946
2834,0.022428842662066018,0.999811
2835,0.0261577971661211,1.000003
2836,0.02806774943795176,0.999895
2837,0.029886751627799413,1.000014
2838,0.031705753817675486,0.999982
2839,0.033615706131854495,1.000142
2840,0.035434708321702146,0.999975
2841,0.037344660635881155,1.000094
2842,0.03916366282575723,1.000099
2843,0.04107361509758789,0.999966
2844,0.04289261728743554,1.000083
2845,0.044711619477311615,1.000043
2846,0.048440573981338275,1.000196
2847,0.05035052625316894,1.000023
2848,0.05216952844304501,0.999896
2849,0.05407948075722402,0.999982
2850,0.05589848294707167,1.000038
2851,0.057717485136947744,0.999839
2852,0.059627437408778405,1.00019
2853,0.06144643959862606,0.999895
2854,0.06335639191280507,0.999999
2855,0.06517539410268114,0.999988
2856,0.0670853463745118,0.999987
2857,0.07072335075423553,0.999971
2858,0.07263330306841453,0.999903
2859,0.07445230525826219,0.999924
2860,0.0763622575724412,1.000057
2861,0.07818125976231727,1.000183
2862,0.08009121203414793,1.000025
2863,0.08191021422399558,0.999999
2864,0.08372921641387165,1.000051
2865,0.08563916872805066,0.999897
2866,0.08745817091789831,0.999736
2867,0.08936812318972898,1.000041
2868,0.09309707769378406,0.999911
2869,0.09491607988363171,1.000128
2870,0.09673508207350778,0.99995
2871,0.09864503434533844,0.99994
2872,0.1004640365351861,1.000087
2873,0.1023739888493651,1.000126
2874,0.10419299103924118,0.99997
2875,0.10610294331107184,1.000072
2876,0.10792194550091949,1.000228
2877,0.1098318978150985,0.999926
2878,0.11165090000497457,0.999988
2879,0.11537985450900123,0.999896
2880,0.11719885669887731,0.999941
2881,0.11910880897070797,1.000104
2882,0.12092781116055562,0.999977
2883,0.12283776347473463,0.999845
2884,0.1246567656646107,1.000044
2885,0.12647576785445835,0.999943
2886,0.12838572012628902,1.0
2887,0.1302047223161651,0.999909
2888,0.1321146746303441,1.000012
2889,0.13393367682019175,1.00013
2890,0.13766263128189848,0.999954
2891,0.13948163347174614,1.000012
2892,0.14139158578592514,1.000114
2893,0.14321058797580122,0.9999
2894,0.14512054024763188,1.000038
2895,0.14693954243747953,1.000103
2896,0.14884949475165854,1.000019
2897,0.1506684969415346,0.999883
2898,0.15248749913138226,1.000006
2899,0.15439745144556127,0.999956
2900,0.15621645363543735,0.999832
2901,0.158126405907268,1.000079
2902,0.15994540809711566,1.000048
2903,0.16185536041129467,0.999913
2904,0.16367436260117074,1.000058
2905,0.1654933647910184,0.999967
2906,0.16740331706284906,0.999971
2907,0.16922231925272513,1.000204
2908,0.17113227156690414,1.000118
2909,0.1729512737567518,0.999982
2910,0.17486122602858245,1.000061
2911,0.17668022821845852,1.000092
2912,0.17849923040830618,1.000014
2913,0.18222818491236126,0.999815
2914,0.1841381371841635,1.000106
2915,0.18595713937403957,0.999988
2916,0.18786709168821858,0.999947
2917,0.18968609387809465,0.999805
2918,0.19159604619227366,1.000186
2919,0.1934150483821213,0.999896
2920,0.1952340505719974,0.999979
2921,0.19714400284379963,0.999916
2922,0.1989630050336757,0.999974
2923,0.2008729573478547,0.999946
2924,0.20460191180953302,0.999882
2925,0.2064209139994091,0.999886
2926,0.20823991618925675,0.999972
2927,0.21014986850343575,1.00002
2928,0.21196887069331183,1.000011
2929,0.2138788229651425,1.000074
2930,0.21569782515499014,1.000113
2931,0.21760777746916915,1.000048
2932,0.21942677965904522,1.00001
2933,0.22124578184889288,1.000068
2934,0.22315573412072354,1.000086
2935,0.22688468862477862,0.99997
2936,0.22870369081462627,0.999925
2937,0.23061364312880528,0.999993
2938,0.23243264531868135,1.000048
2939,0.234251647508529,0.999893
2940,0.23616159978035967,1.000157
2941,0.23798060197023574,0.999861
2942,0.23989055428441475,1.000195
2943,0.2417095564742624,1.000014
2944,0.24361950874609306,0.999979
2945,0.24543851093596913,0.999946
2946,0.25098646762987187,1.000049
2947,0.25289641990170253,0.999925
2948,0.2547154220915502,1.000076
2949,0.2566253744057292,1.000021
2950,0.25844437659560526,1.000069
2951,0.2602633787854529,0.999964
2952,0.2621733310572836,1.000006
2953,0.26399233324715965,1.000031
2954,0.26590228556133866,0.999973
2955,0.2677212877511863,0.999906
2956,0.2714502422552414,1.000102
2957,0.27336019452707205,0.999972
2958,0.2751791967169197,1.000017
2959,0.2769981989067958,0.999993
2960,0.2789081512209748,0.999957
2961,0.28072715341082244,1.000047
2962,0.2826371056826531,0.999976
2963,0.2844561078725292,1.000204
2964,0.2863660601867082,0.999965
2965,0.28818506237655583,1.000065
2966,0.2900040645664319,0.999935
2967,0.2937330190281102,1.000042
2968,0.29564297134228923,0.999968
2969,0.2974619735321653,0.999898
2970,0.29937192580399596,0.99994
2971,0.3011909279938436,0.99996
2972,0.3030099301837197,0.99993
2973,0.3049198824978987,1.000033
2974,0.30673888468774635,1.000171
2975,0.30864883700192536,0.999891
2976,0.31046783919180143,0.999953
2977,0.3123777914636321,0.999902
2978,0.3160157958433558,0.999918
2979,0.3179257481575348,0.999918
2980,0.3197447503473825,0.999959
2981,0.32165470261921314,0.999895
2982,0.3234737048090892,1.000019
2983,0.3253836571232682,0.999874
2984,0.3272026593131159,1.000028
2985,0.32902166150299195,0.999928
2986,0.3309316137748226,1.000053
2987,0.33275061596467026,0.999974
2988,0.33466056827884927,1.000115
2989,0.3383895227405276,0.999971
2990,0.34020852493040366,0.999907
2991,0.34202752712027973,1.000021
2992,0.34393747943445874,1.000149
2993,0.3457564816243064,0.99988
2994,0.3476664339384854,1.000147
2995,0.34948543612836147,0.999933
2996,0.3513953884001637,1.00013
2997,0.3532143905900398,1.000008
2998,0.35503339277991586,1.000181
2999,0.35694334509409487,1.000066
3000,0.3606722995557732,1.000061
3001,0.36249130174564925,1.000082
3002,0.36440125405982826,0.999962
3003,0.3662202562496759,1.000006
3004,0.3681302085215066,1.000024
3005,0.3699492107113542,1.000043
3006,0.3717682129012303,1.000007
3007,0.3736781652154093,0.999915
3008,0.3754971674052854,0.999958
3009,0.3774071196770876,1.000108
3010,0.3792261218669637,1.00006
3011,0.38295507637099035,0.999909
3012,0.38477407856086643,0.999933
3013,0.38668403087504544,1.000065
3014,0.3885030330649215,0.999898
3015,0.39041298533672375,1.000035
3016,0.3922319875265998,1.000075
3017,0.39414193984077883,1.000057
3018,0.3959609420306265,1.000107
3019,0.39777994422050256,1.000043
3020,0.3996898964923332,0.999938
3021,0.40150889868218087,0.999997
3022,0.4034188509963599,0.99997
3023,0.40523785318623595,0.999939
3024,0.4071478054580666,1.000067
3025,0.40896680764791427,0.999965
3026,0.41078580983779034,0.999989
3027,0.41269576215196935,0.99997
3028,0.414514764341817,0.999932
3029,0.41642471661364766,0.999987
3030,0.41824371880352373,0.999967
3031,0.42015367111770274,0.999945
3032,0.4219726733075504,1.000182
3033,0.42379167549742647,0.999929
3034,0.42752063000145313,0.999906
3035,0.4294305822732838,0.999839
3036,0.43124958446315986,0.999928
3037,0.43315953677733887,1.000097
3038,0.4349785389671865,0.999973
3039,0.4367975411570626,0.999908
3040,0.43870749342889326,1.000041
3041,0.4405264956187409,1.000033
3042,0.4424364479329199,0.999882
3043,0.444255450122796,0.999934
3044,0.44616540239462665,1.000084
3045,0.4498943568986533,1.000009
3046,0.4517133590885294,1.000133
3047,0.45353236127837704,0.999951
3048,0.4554423135502077,1.0
3049,0.4572613157400838,1.000054
3050,0.4591712680542628,0.999889
3051,0.46099027024411043,1.000023
3052,0.46290022255828944,1.000011
3053,0.4647192247481655,0.999924
3054,0.46653822693801317,0.999937
3055,0.46844817920984383,1.000028
3056,0.4721771337138989,1.000039
3057,0.47399613590374656,1.000109
3058,0.4759060881755772,0.999967
3059,0.4777250903654533,1.000011
3060,0.47954409255530095,0.999954
3061,0.48145404486947996,0.999974
3062,0.48327304705935603,0.999992
3063,0.4851829993311867,0.99994
3064,0.48700200152103434,0.999965
3065,0.48891195383521335,1.000175
3066,0.4907309560250894,1.000094
3067,0.4925499582149371,0.999882
3068,0.49445991048676774,0.999943
3069,0.4962789126766438,1.000078
3070,0.4981888649908228,1.000131
3071,-0.4999921328193295,1.000097
3072,-0.4980821805051505,1.000045
3073,-0.49626317831527444,1.00001
3074,-0.49444417616777514,0.999884
3075,-0.49253422385359613,1.000018
3076,-0.49071522166372006,0.999898
3077,-0.48880526934954105,1.000053
3078,-0.4869862671596934,1.000039
3079,-0.48325731269798666,0.999997
3080,-0.481438310508139,1.000059
3081,-0.47952835819396,1.000268
3082,-0.47770935600408393,0.999968
3083,-0.4757994037322817,1.00005
3084,-0.4739804015424056,1.000103
3085,-0.4720704492282266,0.999826
3086,-0.47025144703835053,0.999944
3087,-0.4683414947665483,1.000032
3088,-0.4665224925766722,0.999977
3089,-0.46470349038682457,0.999832
3090,-0.4609745358827695,1.00008
3091,-0.4590645835685905,0.999923
3092,-0.4572455813787144,1.000086
3093,-0.45533562910691217,0.999852
3094,-0.4535166269170361,1.000074
3095,-0.45169762472716,0.999956
3096,-0.449787672412981,1.000009
3097,-0.44796867022313336,1.000116
3098,-0.4460587179513027,1.000063
3099,-0.44423971576145505,0.999988
3100,-0.44232976344727604,0.999962
3101,-0.44051076125739996,1.000053
3102,-0.4386917590675239,0.999898
3103,-0.43678180679572165,0.999964
3104,-0.4349628046058456,0.999967
3105,-0.43305285229166657,0.999809
3106,-0.4312338501018189,0.999824
3107,-0.42932389782998825,0.999902
3108,-0.4275048956401122,0.999979
3109,-0.42568589345026453,0.999905
3110,-0.4237759411360855,0.999991
3111,-0.42195693894620945,1.000051
3112,-0.42004698663203044,1.000116
3113,-0.4163180321703521,0.999963
3114,-0.41449902998047605,0.999946
3115,-0.4126800277906284,1.000182
3116,-0.4107700754764494,1.000141
3117,-0.4089510732865733,1.000015
3118,-0.40704112101474266,1.000043
3119,-0.405222118824895,0.99995
3120,-0.403312166510716,0.999942
3121,-0.4014931643208399,1.000186
3122,-0.39967416213099227,1.00003
3123,-0.3977642098591616,1.000025
3124,-0.39403525535510653,0.999994
3125,-0.3922162531652589,1.000055
3126,-0.3903063008934282,1.00004
3127,-0.38848729870355214,0.999998
3128,-0.38657734638937313,0.999909
3129,-0.3847583441995255,0.999876
3130,-0.3829393420096494,1.000042
3131,-0.3810293896954704,1.000011
3132,-0.37921038750562275,1.00006
3133,-0.3773004352337921,1.000032
3134,-0.375481433043916,1.000116
3135,-0.37175247853988935,1.000092
3136,-0.3699334763500133,0.999885
3137,-0.3680235240781826,0.999814
3138,-0.36620452188833497,1.000018
3139,-0.36429456957415596,0.999944
3140,-0.3624755673842799,0.999888
3141,-0.3605656151124492,1.000047
3142,-0.35874661292260157,0.99989
3143,-0.3569276107327255,1.000077
3144,-0.3550176584185465,1.000101
3145,-0.35319865622869884,1.000087
3146,-0.3494697017669921,0.999912
3147,-0.3475597494528131,1.000106
3148,-0.34574074726296544,0.999692
3149,-0.34392174507308937,0.999973
3150,-0.34201179275891036,1.00015
3151,-0.3401927905690627,0.999936
3152,-0.33828283829723205,0.999955
3153,-0.336463836107356,1.000158
3154,-0.33455388379317696,1.00014
3155,-0.3327348816033293,1.000078
3156,-0.33091587941345324,0.999955
3157,-0.3290059271416226,1.000005
3158,-0.3271869249517749,0.99991
3159,-0.3252769726375959,0.999956
