,orb_phase,norm_flux
0,0.33996492462563,0.9999123
1,0.3413281404671291,0.9998758
2,0.34200974854657784,0.9995589
3,0.3426913563086281,0.9996024
4,0.3440545724675256,1.0001321
5,0.3460993963884734,0.9998306
6,0.3467810041505237,1.0000295
7,0.34746261222997255,1.0000867
8,0.34882582807147156,0.9996359
9,0.3495074361509203,0.9991748
10,0.3508706519924194,0.9999069
11,0.35155226007186813,0.9997035
12,0.3522338678339184,1.0002265
13,0.353597083992816,1.0003553
14,0.35427869175486626,0.9995912
15,0.3556419079137637,1.0013486
16,0.356323515675814,1.0004182
17,0.35700512375526283,0.9993981
18,0.35904994767621057,0.9999208
19,0.3597315557556594,1.0003416
20,0.3610947715971584,0.9997162
21,0.36177637967660714,0.9998497
22,0.36313959551810626,0.999497
23,0.36382120328015655,0.9995019
24,0.36450281135960527,1.0004185
25,0.3658660272011044,0.9990438
26,0.3665476352805531,0.9990686
27,0.36791085112205213,0.9998541
28,0.36859245920150097,0.9996772
29,0.3692740672809497,1.0000966
30,0.3706372831224487,0.9994152
31,0.3713188912018974,0.9982337
32,0.37268210704339655,1.0005703
33,0.3733637151228453,1.0004448
34,0.3754085387263947,1.0000712
35,0.3760901468058434,0.9985675
36,0.37677175488529213,1.0007045
37,0.37813497072679125,1.0003965
38,0.37881657880624,1.0006331
39,0.380179794647739,1.0001878
40,0.3808614027271878,0.9991834
41,0.3815430104892381,0.9999014
42,0.38290622664813556,1.0003383
43,0.38358783441018596,0.9997708
44,0.3863142664105824,0.9991745
45,0.38767748225208154,0.9995611
46,0.38835909033153027,0.9998507
47,0.3897223061730294,0.9988919
48,0.3904039142524781,1.0001154
49,0.3910855220145284,1.0000058
50,0.39244873817342585,0.9998867
51,0.39313034593547624,0.9994164
52,0.39381195401492497,0.9980489
53,0.395175169856424,1.0005651
54,0.3958567779358728,1.0000172
55,0.3972199937773718,0.9993366
56,0.39790160185682055,0.9992372
57,0.39858320961887084,0.9997669
58,0.3999464257777684,1.0005961
59,0.4006280335398187,1.0005467
60,0.40199124969871625,1.000843
61,0.40267285746076653,1.0003878
62,0.40335446554021526,1.0015892
63,0.4047176813817144,1.0006416
64,0.4067625053026621,0.9991304
65,0.40744411338211084,1.0006647
66,0.4081257214615597,0.9988182
67,0.4094889373030587,0.9994512
68,0.4101705453825074,0.9987492
69,0.4108521531445578,0.9998229
70,0.4122153689860568,1.0006761
71,0.41289697706550554,1.0004583
72,0.41426019290700467,0.9990271
73,0.4149418009864534,0.998782
74,0.4156234090659021,0.9993587
75,0.41698662490740124,0.9996624
76,0.41766823298684996,0.9995229
77,0.419031448828349,1.0006659
78,0.4197130569077978,0.9983139
79,0.4203946646698481,0.9983969
80,0.42175788082874555,1.0002976
81,0.42243948859079583,1.0004251
82,0.42380270443229495,0.9994865
83,0.4244843125117437,1.0002261
84,0.4251659205911924,1.000085
85,0.4265291364326915,1.0004978
86,0.42721074451214025,1.0000171
87,0.42789235227419053,1.0006965
88,0.4292555684330881,1.000545
89,0.4299371761951384,1.0002327
90,0.43198200011608623,0.9984002
91,0.43266360819553495,1.0004415
92,0.43402682403703396,0.9999182
93,0.4347084321164827,0.9999512
94,0.4360716479579818,0.9997069
95,0.43675325603743054,1.0000334
96,0.4374348637994808,1.0000484
97,0.4387980799583784,1.000675
98,0.43947968772042867,0.9998204
99,0.44084290387932623,0.9988991
100,0.4415245116413765,1.000604
101,0.44220611972082524,0.9991026
102,0.44356933556232425,1.0004203
103,0.4442509436417731,0.9992664
104,0.4449325517212218,0.9999959
105,0.4462957675627208,0.9994343
106,0.44697737564216966,0.9995156
107,0.44834059148366867,0.9993776
108,0.44902219924571896,1.0004268
109,0.4497038073251677,0.9995367
110,0.4510670231666668,1.0000749
111,0.45174863124611553,1.0003737
112,0.45311184708761465,0.9986227
113,0.4537934551670634,0.999624
114,0.4544750632465121,1.0001847
115,0.4558382790880111,0.9991502
116,0.45651988716745995,1.0020283
117,0.45788310300895896,1.0003931
118,0.4585647110884077,1.000296
119,0.4592463188504581,0.9989094
120,0.4606095346919571,1.0011324
121,0.4612911427714058,0.9998192
122,0.46197275085085465,0.9999649
123,0.46333596669235366,0.9994979
124,0.4640175747718024,1.0007241
125,0.4653807906133015,1.0007302
126,0.46606239869275023,1.0009873
127,0.4667440064548005,1.0025429
128,0.4681072226136981,0.9994484
129,0.46878883037574837,1.0008988
130,0.4701520465346458,1.0010471
131,0.4708336542966961,1.0011407
132,0.47151526237614494,1.000893
133,0.47287847821764395,1.0014304
134,0.4735600862970927,1.000021
135,0.4749233021385918,0.9994816
136,0.4756049102180405,1.0000921
137,0.4762865179800908,0.999874
138,0.47764973413898837,0.9995656
139,0.47833134190103865,0.9994638
140,0.4790129499804874,0.9995091
141,0.4803761658219865,1.000017
142,0.4810577739014352,0.9999086
143,0.48242098974293424,0.9997808
144,0.4831025978223831,0.9999233
145,0.48378420558443336,1.0002609
146,0.4851474217433308,0.9998338
147,0.4858290295053811,0.998374
148,0.48719224566427866,1.0005078
149,0.48787385342632894,1.0000598
150,0.48855546150577767,0.9991378
151,0.4899186773472768,0.9995156
152,0.4906002854267255,0.9998058
153,0.4919635012682245,1.0004482
154,0.49264510934767336,0.9991963
155,0.4933267174271221,1.0000435
156,0.4946899332686211,1.0000727
157,0.49537154134806993,1.0001629
158,0.4960531491101202,1.0001422
159,0.4974163649516192,0.9997647
160,0.49809797303106795,1.0004245
161,0.4994611888725671,0.9992653
162,-0.4998572030479842,1.0000623
163,-0.4991755949685354,1.0002181
164,-0.49781237912703635,1.0004437
165,-0.4971307710475876,1.0003242
166,-0.49576755520608856,1.0001309
167,-0.4950859471266398,0.9997831
168,-0.4944043393645895,1.0005547
169,-0.4923595154436417,1.000625
170,-0.49099629960214264,0.9997064
171,-0.49031469152269386,0.9998757
172,-0.48963308344324513,1.0006447
173,-0.48826986760174607,1.001102
174,-0.48758825952229734,1.000663
175,-0.486906651760247,1.0001888
176,-0.4855434356013495,0.9999125
177,-0.4848618278392992,1.0006628
178,-0.4834986116804017,0.9993584
179,-0.48281700391835136,1.0002909
180,-0.48213539583890264,0.9996696
181,-0.48077217999740357,0.9999213
182,-0.48009057191795484,1.000083
183,-0.4787273560764558,0.9996653
184,-0.478045747997007,1.0000322
185,-0.4773641402349567,1.0005412
186,-0.4760009240760592,1.0004886
187,-0.47531931631400887,1.0000087
188,-0.47395610015511136,0.9998731
189,-0.4732744923930611,0.9999532
190,-0.4712296684721133,1.0007823
191,-0.4705480603926645,0.9997942
192,-0.4698664523132158,1.0002454
193,-0.4685032364717167,0.9986772
194,-0.4664584125507689,0.9998634
195,-0.4657768047887186,0.99994
196,-0.46509519670926985,1.000307
197,-0.4637319808677708,1.0006021
198,-0.463050372788322,1.0002676
199,-0.46168715694682294,0.999795
200,-0.4610055488673742,0.999998
201,-0.46032394078792543,0.9991118
202,-0.4589607249464264,0.9993575
203,-0.45827911686697764,1.0006654
204,-0.4569159010254786,1.0002887
205,-0.45623429294602985,0.9999504
206,-0.4555526851839795,1.0002405
207,-0.45418946934248045,1.0005185
208,-0.4535078612630317,0.9996744
209,-0.45282625318358294,1.0010967
210,-0.45146303734208393,0.9996907
211,-0.45078142926263515,1.0002724
212,-0.4494182134211361,0.9996322
213,-0.44873660534168736,0.999878
214,-0.448054997579637,1.0003505
215,-0.4466917814207395,1.0007211
216,-0.4460101736586892,1.0004512
217,-0.4446469574997917,1.0000334
218,-0.44396534973774143,1.000356
219,-0.44328374165829265,0.9995492
220,-0.4419205258167936,0.9996608
221,-0.44123891773734486,1.0005134
222,-0.4398757018958458,0.9994345
223,-0.439194093816397,0.9998749
224,-0.43851248605434673,1.0006835
225,-0.4371492698954492,0.9991772
226,-0.43646766213339894,1.0005583
227,-0.43578605405395016,0.9995638
228,-0.4344228382124511,1.0004662
229,-0.43374123013300236,0.9992197
230,-0.4323780142915033,1.0006704
231,-0.4316964062120545,0.9996699
232,-0.43101479845000423,0.9996385
233,-0.4296515822911067,0.9993524
234,-0.42896997452905644,1.0008445
235,-0.42760675837015893,1.0008259
236,-0.4269251506081086,0.9993813
237,-0.42624354252865987,0.9989571
238,-0.4248803266871608,1.0003117
239,-0.4241987186077121,0.9998293
240,-0.422835502766213,0.9999597
241,-0.42215389468676423,0.9996565
242,-0.4214722866073155,1.0002283
243,-0.42010907076581644,1.0009283
244,-0.41942746268636766,0.9996901
245,-0.4187458549243174,1.0006596
246,-0.4173826390828183,0.9992746
247,-0.4167010310033696,0.9998181
248,-0.4153378151618705,0.9982374
249,-0.41465620708242173,0.9999909
250,-0.413974599002973,1.0001586
251,-0.41261138316147394,1.000087
252,-0.41192977508202516,0.9998914
253,-0.4105665592405261,1.0001489
254,-0.40988495116107737,1.0004873
255,-0.4092033433990271,1.0008785
256,-0.4078401272401296,0.9998292
257,-0.40715851947807924,1.0011081
258,-0.4057953036365802,0.999557
259,-0.40511369555713145,1.0006452
260,-0.40443208747768267,0.9993925
261,-0.40306887163618366,0.9994991
262,-0.4023872635567349,0.9989277
263,-0.4017056557946846,0.9997356
264,-0.4003424396357871,1.0000094
265,-0.39966083187373674,0.9991331
266,-0.39829761571483924,1.0003042
267,-0.39761600795278895,0.9996546
268,-0.39693439987334017,1.0006081
269,-0.39557118403184116,1.0003583
270,-0.3948895759523924,1.0002124
271,-0.3935263601108933,0.9989517
272,-0.3928447520314446,0.9995712
273,-0.39216314426939425,1.000679
274,-0.39079992811049674,1.0002897
275,-0.39011832034844646,1.0007754
276,-0.38875510418954895,0.9996039
277,-0.38807349642749867,1.0003834
278,-0.3873918883480499,0.999999
279,-0.3860286725065508,0.9989031
280,-0.3853470644271021,1.0009534
281,-0.3846654563476533,0.9993038
282,-0.38330224050615425,1.000372
283,-0.3826206324267055,0.9996548
284,-0.38125741658520645,0.9988052
285,-0.38057580882315617,0.9990829
286,-0.3798942007437074,1.0002597
287,-0.3785309849022083,0.9999824
288,-0.3778493768227596,0.99975
289,-0.37648616098126053,1.0002819
290,-0.37580455290181175,0.9995351
291,-0.375122944822363,1.0004747
292,-0.37375972898086396,0.999392
293,-0.37307812090141523,0.9995453
294,-0.37171490505991617,0.9990018
295,-0.3710332969804674,0.9997313
296,-0.3703516892184171,1.0001179
297,-0.36898847337691804,0.9994545
298,-0.36830686529746925,0.9999602
299,-0.36762525721802053,1.0002851
300,-0.36626204137652146,1.0001951
301,-0.36558043329707274,1.0012219
302,-0.36421721745557367,0.9988545
303,-0.3635356093761249,1.0008679
304,-0.3628540016140746,1.0007916
305,-0.3614907854551771,1.0006931
306,-0.3608091776931268,0.9991213
307,-0.3594459615342293,0.9995003
308,-0.35876435377217897,0.9990108
309,-0.35808274569273024,0.9997217
310,-0.3567195298512312,0.9996019
311,-0.3560379217717824,0.9994598
312,-0.35467470593028333,0.9997001
313,-0.3539930978508346,0.99951
314,-0.3533114900887843,0.9984463
315,-0.35126666616783647,0.999563
316,-0.35058505808838775,1.0001693
317,-0.3492218422468887,0.9994668
318,-0.3485402341674399,1.0002248
319,-0.34717701832594083,1.0002638
320,-0.3464954102464921,0.9991943
321,-0.3458138024844418,0.9998518
322,-0.3444505863255443,0.999375
323,-0.343768978563494,0.9997047
324,-0.34240576240459647,1.0012031
325,-0.3417241546425462,0.9988947
326,-0.3410425465630974,0.9997852
327,-0.3396793307215984,1.0009253
328,-0.3389977226421496,0.9994119
329,-0.33763450680065055,1.0002813
330,-0.3369528987212018,0.9999795
331,-0.33627129064175304,1.0005472
332,-0.334908074800254,1.0004345
333,-0.33422646672080525,0.9984624
334,-0.3335448589587549,0.9989391
335,-0.3321816431172559,1.0003793
336,-0.3315000350378071,0.9994532
337,-0.33013681919630805,1.0009439
338,-0.3294552111168593,1.0001795
339,-0.32877360303741054,1.0004033
340,-0.3274103871959115,0.9993873
341,-0.32672877911646275,0.9993139
342,-0.3253655632749637,1.000289
343,-0.32468395519551496,0.998751
344,-0.3240023474334646,0.9995076
345,-0.3226391312745671,1.0003547
346,-0.32195752351251683,1.0006005
347,-0.32059430767101776,0.9994417
348,-0.319912699591569,0.9993634
349,-0.31923109151212026,0.9989398
350,-0.3178678756706212,1.0001658
351,-0.31718626759117247,1.0010061
352,-0.3165046598291221,0.9994158
353,-0.3151414436702246,1.000896
354,-0.3130966197492768,0.9982243
355,-0.3124150119872265,0.9997776
356,-0.31173340390777776,0.9995755
357,-0.3103701880662787,0.9997596
358,-0.30968857998682997,1.0007207
359,-0.3083253641453309,0.9992519
360,-0.3076437560658821,1.0007221
361,-0.30696214830383184,1.0001309
362,-0.30559893214493433,1.0000244
363,-0.304917324382884,1.0005388
364,-0.30355410822398654,0.9999403
365,-0.3028725004619362,0.9989839
366,-0.3021908923824875,1.0001293
367,-0.3008276765409884,0.9992409
368,-0.30014606846153963,0.9993954
369,-0.2994644603820909,1.000674
370,-0.29810124454059184,1.0006038
371,-0.29741963646114306,0.9999657
372,-0.29605642061964405,1.0001445
373,-0.2953748128575937,0.9993953
374,-0.294693204778145,1.0002213
375,-0.2933299889366459,1.0012352
376,-0.29264838085719713,1.0002474
377,-0.29128516501569807,0.9983038
378,-0.29060355693624934,0.9997511
379,-0.2899219488568006,0.9996957
380,-0.28855873301530155,0.9990823
381,-0.28787712493585277,0.9999599
382,-0.2865139090943537,1.0001519
383,-0.285832301014905,1.0009666
384,-0.28515069325285464,1.0001305
385,-0.28378747741135557,0.9996773
386,-0.28310586933190685,0.9998036
387,-0.2824242612524581,0.9997998
388,-0.28106104541095905,0.9992879
389,-0.2803794373315103,1.0003128
390,-0.2790162214900112,1.0001964
391,-0.2783346134105625,0.9992877
392,-0.27765300564851214,1.0000677
393,-0.27628978948961463,1.0005696
394,-0.27560818172756435,0.9998938
395,-0.27424496556866684,1.0004113
396,-0.27356335780661656,1.0005469
397,-0.2728817497271678,0.9991847
398,-0.2715185338856687,0.9993796
399,-0.27083692580622,0.9988081
400,-0.2694737099647209,1.0002546
401,-0.2687921018852722,0.9998677
402,-0.26811049412322185,1.0004013
403,-0.26674727796432435,1.000778
404,-0.26606567020227406,0.9996481
405,-0.2640208462813262,0.9995371
406,-0.2633392382018775,1.0003784
407,-0.2619760223603784,0.9997696
408,-0.2612944142809297,0.9998734
409,-0.26061280651887936,1.0002244
410,-0.25924959035998185,0.9997841
411,-0.25856798259793157,0.9998676
412,-0.25720476643903406,0.9993782
413,-0.255841550597535,0.9992037
414,-0.25447833475603593,1.0008362
415,-0.2537967266765872,0.9991561
416,-0.25243351083508814,1.0007384
417,-0.25175190275563936,0.9996098
418,-0.25107029467619063,1.0007981
419,-0.2490254707552428,1.0009721
420,-0.2483438629931925,1.0015262
421,-0.24698064715169343,0.999813
422,-0.24493582323074561,1.0001542
423,-0.24357260707184814,1.0000207
424,-0.24220939123034907,0.9991627
425,-0.24152778315090032,0.9995595
426,-0.24016456730940125,1.0007693
427,-0.2394829592299525,1.0006274
428,-0.23880135146790218,1.0005081
429,-0.23743813530900468,1.0010955
430,-0.2367565275469544,1.0003063
431,-0.23539331170545533,0.9992326
432,-0.23471170362600657,1.0004424
433,-0.23403009554655782,1.0001431
434,-0.23266687970505875,0.999016
435,-0.23198527162561,0.999034
436,-0.2313036638635597,1.0005161
437,-0.2292588399426119,0.9998182
438,-0.2278956237837144,0.9990618
439,-0.22721401602166408,1.0008032
440,-0.22516919210071626,1.0013185
441,-0.2244875840212675,1.000123
442,-0.22312436817976847,0.9994096
443,-0.22244276010031971,0.999775
444,-0.2217611523382694,1.0003755
445,-0.2203979361793719,0.9992905
446,-0.21971632841732158,1.0004335
447,-0.21835311225842408,0.9995839
448,-0.21767150449637376,1.0003551
449,-0.216989896416925,0.9997843
450,-0.21562668057542597,1.0000892
451,-0.21494507249597722,0.9988892
452,-0.21426346441652847,1.0000657
453,-0.2129002485750294,1.0002183
454,-0.21221864049558065,0.9991084
455,-0.21085542465408158,1.0003358
456,-0.21017381689203127,1.0006278
457,-0.20949220881258251,0.9999189
458,-0.20812899297108348,1.0004444
459,-0.20744738489163472,0.9991236
460,-0.20608416905013566,0.9998288
461,-0.2054025609706869,1.0004195
462,-0.20472095289123815,1.0007436
463,-0.20335773704973908,0.9994712
464,-0.20267612897029033,0.9999433
465,-0.2013129131287913,1.0005814
466,-0.20063130504934254,0.9998368
467,-0.19994969728729223,1.0007303
468,-0.19858648144579316,0.9994931
469,-0.1979048733663444,1.0012789
470,-0.19722326528689565,1.0021017
471,-0.1958600494453966,0.9992068
472,-0.19517844136594784,0.9991507
473,-0.1938152255244488,1.0003057
474,-0.19313361744500004,1.0005321
475,-0.19245200968294973,0.9996494
476,-0.19108879352405223,0.9997488
477,-0.1904071857620019,1.0000368
478,-0.1890439696031044,0.9999147
479,-0.1883623618410541,1.0008117
480,-0.18768075376160537,1.0005866
481,-0.1863175379201063,0.9995281
482,-0.18563592984065755,1.0007562
483,-0.18427271399915848,0.9989003
484,-0.18359110591970973,0.9993801
485,-0.18290949815765942,0.999461
486,-0.1815462819987619,0.9998238
487,-0.18086467423671163,0.9998718
488,-0.18018306615726287,0.9995151
489,-0.1788198503157638,1.0002339
490,-0.17813824223631505,0.999069
491,-0.176775026394816,0.9995204
492,-0.17609341831536723,1.0004697
493,-0.17541181055331692,1.0006657
494,-0.17404859439441941,1.0000568
495,-0.17336698663236913,1.0004112
496,-0.17200377047347162,0.9991957
497,-0.1713221627114213,0.9980965
498,-0.17064055463197256,0.9988012
499,-0.1692773387904735,1.0007772
500,-0.16859573071102474,1.000071
501,-0.16723251486952567,1.0013365
502,-0.16655090679007695,1.0002343
503,-0.1658692987106282,1.000872
504,-0.16450608286912913,1.0010142
505,-0.16382447478968037,1.0000646
506,-0.16314286702763006,0.9993799
507,-0.161779651186131,1.0013291
508,-0.16109804310668224,1.001499
509,-0.1597348272651832,0.9996639
510,-0.15905321918573445,1.0019581
511,-0.1583716111062857,0.9999821
512,-0.15700839526478663,0.9996061
513,-0.15632678718533788,0.9985454
514,-0.1549635713438388,1.0000762
515,-0.15428196326439006,0.9997528
516,-0.15360035550233975,0.9995948
517,-0.15223713934344227,0.9993579
518,-0.15155553158139196,1.0004321
519,-0.1501923157398929,1.0003134
520,-0.14951070766044414,0.9989965
521,-0.14882909958099538,0.9995013
522,-0.14746588373949632,0.9991329
523,-0.14678427566004756,0.9995581
524,-0.14610266789799725,1.0008122
525,-0.14473945173909977,1.0013257
526,-0.14405784397704946,0.9991178
527,-0.14269462781815195,0.9993099
528,-0.14201302005610164,0.9997809
529,-0.1413314119766529,0.9992622
530,-0.13996819613515382,0.9995956
531,-0.13928658805570507,0.9990776
532,-0.13792337221420603,1.0002081
533,-0.13724176413475728,1.0004374
534,-0.13656015637270696,1.0019201
535,-0.13519694021380946,0.9991569
536,-0.13451533245175915,1.0004008
537,-0.13315211629286164,0.999488
538,-0.13247050853081133,1.0002657
539,-0.13178890045136257,1.0003481
540,-0.13042568460986353,1.0000352
541,-0.12974407653041478,0.9992448
542,-0.12906246845096603,1.0003313
543,-0.12769925260946696,0.9987773
544,-0.1270176445300182,1.0002337
545,-0.12565442868851914,1.0000315
546,-0.12497282092646884,1.0000913
547,-0.12429121284702009,0.9996459
548,-0.12292799700552104,0.9998247
549,-0.12224638892607229,0.9993558
550,-0.12088317308457322,1.0005865
551,-0.12020156500512447,0.9988054
552,-0.11951995692567571,1.0011721
553,-0.11815674108417666,0.9999608
554,-0.11747513300472791,0.9985977
555,-0.11611191716322884,0.9997496
556,-0.11543030908378009,1.0004854
557,-0.11474870132172979,1.0001611
558,-0.11338548548023072,0.9998154
559,-0.11270387740078197,0.9996056
560,-0.11202226932133322,0.9998659
561,-0.11065905347983417,1.000117
562,-0.10997744540038541,1.000425
563,-0.10861422955888635,1.0002698
564,-0.10793262147943761,1.0003983
565,-0.1072510137173873,0.9996496
566,-0.10588779755848979,0.999874
567,-0.10520618979643948,0.9987955
568,-0.10384297363754198,1.0000687
569,-0.10316136587549167,0.999184
570,-0.10247975779604292,1.000122
571,-0.10111654195454386,1.0001111
572,-0.10043493387509511,1.0005215
573,-0.09907171803359605,1.000822
574,-0.09839010995414729,1.0002379
575,-0.097708502192097,0.9999477
576,-0.09634528603319949,1.0001078
577,-0.09566367827114917,1.001043
578,-0.09498207019170042,0.9994445
579,-0.09361885435020137,0.9993096
580,-0.09293724627075262,0.9997344
581,-0.0908924223498048,1.0003496
582,-0.0902108145877545,1.0007645
583,-0.08884759842885699,1.0010825
584,-0.08680277450790919,0.9999708
585,-0.08612116674585887,0.9994261
586,-0.08543955866641012,0.9993941
587,-0.08407634282491105,1.0003282
588,-0.08339473474546232,0.9995429
589,-0.08203151890396325,1.000799
590,-0.0813499108245145,1.0005657
591,-0.08066830274506574,1.0003011
592,-0.07930508690356669,0.9989841
593,-0.07862347882411794,1.0004819
594,-0.07794187106206762,1.0002735
595,-0.07657865522056857,0.998953
596,-0.07589704714111982,0.999171
597,-0.07453383129962075,0.9991245
598,-0.073852223220172,1.0006514
599,-0.07317061514072325,1.0007968
600,-0.0718073992992242,0.9996963
601,-0.07112579121977544,0.9997041
602,-0.06976257537827638,0.9994423
603,-0.06908096729882764,0.9984676
604,-0.06839935953677732,0.9992182
605,-0.06703614337787982,0.9988426
606,-0.0663545356158295,0.9994887
607,-0.06499131977433045,0.9991019
608,-0.0643097116948817,1.0010531
609,-0.06362810361543295,1.0007723
610,-0.06226488777393389,1.0000008
611,-0.061583279694485134,0.9991573
612,-0.06090167193243483,0.9991347
613,-0.05953845577353733,0.999896
614,-0.058856848011487016,0.9986183
615,-0.057493631852589516,1.0000853
616,-0.056812024090539204,1.000043
617,-0.05613041601109046,0.9985821
618,-0.0547672001695914,1.0026467
619,-0.054085592090142645,1.0008964
620,-0.052722376248643586,1.0001802
621,-0.05204076816919483,0.9989731
622,-0.05135916040714453,0.9998296
623,-0.04999594424824702,1.0001635
624,-0.049314336486196715,1.0002263
625,-0.04795112032729921,1.0001085
626,-0.0472695125652489,0.9990611
627,-0.04658790448580015,0.9990287
628,-0.04522468864430109,0.9999007
629,-0.04454308056485234,1.0000125
630,-0.043861472485403584,0.9985388
631,-0.042498256643904525,0.9986269
632,-0.04181664856445578,0.9993305
633,-0.04045343272295671,0.9995655
634,-0.03977182496090641,0.9988296
635,-0.039090216881457654,0.9999368
636,-0.037727001039958595,1.0005356
637,-0.03704539296050985,1.0000649
638,-0.03568217711901078,1.0008901
639,-0.035000569039562036,0.9995877
640,-0.03431896096011328,1.0023508
641,-0.032955745118614224,0.9999838
642,-0.03227413703916547,0.9984558
643,-0.030910921197666412,1.0006992
644,-0.03022931311821766,0.9993383
645,-0.029547705356167353,1.000447
646,-0.02818448951466829,1.0005805
647,-0.02750288143521954,1.0002821
648,-0.026821273355770787,0.9994769
649,-0.02545805751427173,1.0002547
650,-0.02477644943482298,1.0004517
651,-0.023413233593323916,0.9999463
652,-0.022731625513875166,1.0002892
653,-0.022050017751824857,1.0005293
654,-0.020686801592927354,1.0000862
655,-0.020005193830877045,1.0001253
656,-0.018641977671979542,1.0005177
657,-0.017960369909929236,1.0001293
658,-0.017278761830480483,0.9996933
659,-0.015915545988981424,0.999011
660,-0.015233937909532673,1.0003789
661,-0.013870722068033614,0.9983839
662,-0.013189113988584862,0.9994153
663,-0.012507506226534553,0.9981224
664,-0.01114429006763705,0.9988617
665,-0.010462682305586743,0.9981599
666,-0.009781074226137991,0.9974157
667,-0.00841785838463893,0.9980513
668,-0.007736250305190179,0.9989852
669,-0.00637303446369112,0.9986926
670,-0.005691426384242368,0.9977201
671,-0.00500981862219206,0.9979222
672,-0.0036466024632945565,0.9983934
673,-0.0029649947012442487,0.9980063
674,-0.0016017785423467453,0.9991787
675,-0.0009201707802964373,0.9997107
676,-0.0002385627008476856,0.9993825
677,0.001124653140651374,0.9976551
678,0.0018062612201001256,0.9982184
679,0.0031694770615991854,0.9992152
680,0.003851085141047937,0.9984029
681,0.004532693220496689,0.9976046
682,0.005895909061995748,1.0008868
683,0.0065775171414445,0.9984186
684,0.007259124903494808,0.999924
685,0.008622340744993868,0.9990723
686,0.00930394882444262,0.999903
687,0.010667164665941678,0.9972588
688,0.01134877274539043,0.9985691
689,0.012030380824839182,0.998432
690,0.013393596666338242,0.9998713
691,0.014075204745786994,0.9991495
692,0.015438420587286053,1.0003796
693,0.016120028666734804,1.0010571
694,0.016801636428785113,0.9985501
695,0.018164852587682617,0.9997947
696,0.018846460349732926,1.0009799
697,0.020209676191231984,1.0008747
698,0.020891284270680734,0.9995871
699,0.021572892350129488,1.0005756
700,0.022936108191628547,1.0001293
701,0.0236177162710773,0.9997133
702,0.024299324033127605,1.0001643
703,0.02566254019202511,0.9996833
704,0.026344147954075418,1.0006477
705,0.02770736411297292,1.0003947
706,0.02838897187502323,1.0009771
707,0.02907057995447198,0.9994239
708,0.03043379579597104,0.9997096
709,0.031115403875419792,1.0001625
710,0.03247861971691885,0.9998186
711,0.033160227796367604,0.9999506
712,0.03384183555841791,1.0008209
713,0.035205051717315416,1.000617
714,0.03588665947936572,1.0001371
715,0.03724987563826323,1.0001001
716,0.037931483400313534,1.0005113
717,0.03861309147976229,0.9995083
718,0.039976307321261347,0.9998916
719,0.0406579154007101,1.0000549
720,0.041339523480158846,1.00061
721,0.042702739321657905,0.9993211
722,0.04338434740110666,1.0003511
723,0.04474756324260572,0.9998572
724,0.04542917100465603,0.9995314
725,0.046110779084104776,1.0005771
726,0.047473994925603835,0.999548
727,0.0502004269260004,1.0007721
728,0.050882035005449154,0.9986202
729,0.05224525084694821,0.9990042
730,0.052926858926396966,1.0016506
731,0.054290074767896025,0.9995033
732,0.05497168284734478,0.9988938
733,0.055653290609395084,0.9991183
734,0.05701650645089414,1.0012212
735,0.057698114530342896,1.0006109
736,0.05837972260979165,0.9991607
737,0.05974293845129071,1.000217
738,0.060424546530739455,0.9999136
739,0.06178776237223852,1.0007388
740,0.06246937045168727,0.9995536
741,0.06315097821373758,0.9996494
742,0.06451419437263509,1.0026248
743,0.06519580213468538,1.0000057
744,0.06655901829358289,0.9989972
745,0.0672406260556332,1.0009181
746,0.06792223413508196,1.0004694
747,0.06928544997658101,1.0000981
748,0.06996705805602976,0.9990809
749,0.07133027389752883,0.9999142
750,0.07201188197697757,0.9998147
751,0.07269348973902788,0.9996247
752,0.07405670589792539,1.0000555
753,0.0747383136599757,1.0007666
754,0.07541992173942444,0.9998141
755,0.0767831375809235,0.9988311
756,0.07746474566037226,0.9998006
757,0.07882796150187131,1.0010853
758,0.07950956958132006,0.9992717
759,0.08019117734337038,0.9989924
760,0.08155439350226788,1.0009737
761,0.08223600126431818,1.0003602
762,0.08359921742321569,0.9985511
763,0.084280825185266,0.9993996
764,0.08496243326471475,0.9997151
765,0.0863256491062138,0.9978366
766,0.08700725718566256,1.0001612
767,0.08837047302716163,0.998381
768,0.08905208110661038,0.9994711
769,0.08973368918605912,0.9996115
770,0.09109690502755818,0.9988817
771,0.09177851310700694,0.9994143
772,0.09246012086905725,1.0004053
773,0.0938233367105563,0.9994411
774,0.09450494479000505,0.9994258
775,0.09586816063150412,0.9991243
776,0.09654976871095286,0.9996554
777,0.09723137679040161,1.0000198
778,0.09859459263190068,0.9990948
779,0.09927620071134943,0.9992731
780,0.10063941655284848,1.0009616
781,0.10132102463229724,1.000482
782,0.10200263239434755,0.9987548
783,0.10336584855324506,0.9997741
784,0.10404745631529536,1.0001154
785,0.10541067215679442,1.0002058
786,0.10609228023624317,0.9999794
787,0.10677388831569193,0.9996134
788,0.10813710415719098,0.9992503
789,0.10881871223663973,1.0000218
790,0.10950031999869005,0.9993959
791,0.11086353615758754,1.0006893
792,0.11154514391963785,1.0005457
793,0.11290836007853536,0.9995931
794,0.11358996784058567,1.0005078
795,0.11427157592003441,0.9996635
796,0.11563479176153348,1.0008699
797,0.11631639984098223,0.9998033
798,0.11767961568248128,0.9998306
799,0.11836122376193003,0.9997533
800,0.11904283152398035,0.9994692
801,0.12040604768287785,0.9995857
802,0.12108765544492815,0.9998219
803,0.12245087160382566,1.000316
804,0.12313247936587597,0.9992729
805,0.12381408744532472,1.0000258
806,0.12517730328682378,1.0006858
807,0.12585891136627253,1.0001846
808,0.12654051944572128,1.0003231
809,0.12790373528722035,0.9994369
810,0.1285853433666691,1.000145
811,0.12994855920816817,0.999368
812,0.13063016697021845,1.0008345
813,0.1313117750496672,1.0003175
814,0.13267499089116627,0.9999125
815,0.13335659897061503,1.0005654
816,0.1347198148121141,1.0007423
817,0.13540142289156284,1.0003477
818,0.1360830309710116,1.0012537
819,0.13744624681251064,0.9997433
820,0.1381278548919594,0.9986186
821,0.13949107073345846,1.000204
822,0.1401726788129072,0.9998602
823,0.14085428657495752,1.0006818
824,0.1422175024164566,0.9997345
825,0.14289911049590534,0.9994063
826,0.1435807185753541,0.9998384
827,0.14494393441685313,0.9997196
828,0.14562554249630189,0.9995792
829,0.14698875833780095,0.9989748
830,0.1476703664172497,1.0000245
831,0.14835197417930002,1.0001568
832,0.14971519033819752,1.003202
833,0.15039679810024784,1.0001275
834,0.15176001425914531,0.9985838
835,0.15244162202119563,0.9988609
836,0.15312323010064438,1.0016716
837,0.15448644594214345,1.0014064
838,0.1551680540215922,1.0003905
839,0.15653126986309127,1.0001273
840,0.15721287794254002,1.0001817
841,0.1578944857045903,1.0007087
842,0.1592577018634878,1.0003038
843,0.15993930962553812,1.0002615
844,0.16062091770498688,0.9999544
845,0.16198413354648594,0.9998159
846,0.1626657416259347,0.9999259
847,0.16402895746743376,0.9993947
848,0.16471056554688251,0.9999263
849,0.1653921733089328,1.0013144
850,0.1667553894678303,1.0002836
851,0.16743699722988062,1.0002335
852,0.16880021338877813,0.999215
853,0.16948182115082844,0.9983126
854,0.1701634292302772,0.9999426
855,0.17152664507177626,0.9988811
856,0.172208253151225,1.0003065
857,0.17357146899272405,0.9991696
858,0.1742530770721728,1.0010538
859,0.17493468515162156,1.0003962
860,0.17629790099312062,1.000479
861,0.17697950907256937,1.0005679
862,0.1776611168346197,0.999923
863,0.17902433267611872,0.9997126
864,0.17970594075556748,0.9997703
865,0.18106915659706654,0.9993948
866,0.1817507646765153,1.0001786
867,0.18243237275596405,0.9998371
868,0.18379558859746312,1.0009371
869,0.18447719667691187,1.0003495
870,0.18584041251841094,0.9995854
871,0.1865220205978597,1.0003665
872,0.18720362835990997,0.9994508
873,0.18856684451880748,1.0002823
874,0.1892484522808578,1.0003601
875,0.19061166812235686,0.9996261
876,0.1912932762018056,0.9991361
877,0.19197488428125437,1.0000022
878,0.19333810012275343,0.9995806
879,0.19401970820220216,0.9996215
880,0.19470131596425247,0.9996322
881,0.19606453212314998,0.9995059
882,0.1967461398852003,0.9997212
883,0.1981093560440978,1.000418
884,0.1987909638061481,0.9998838
885,0.19947257188559686,0.9999839
886,0.2008357877270959,1.001204
887,0.20151739580654465,1.0006859
888,0.20288061164804372,1.0000494
889,0.20356221972749247,0.9997122
890,0.20424382748954278,1.0011843
891,0.2056070436484403,0.9988598
892,0.2062886514104906,0.9998808
893,0.2076518675693881,0.9992261
894,0.2083334753314384,1.0002875
895,0.20901508341088715,0.9995906
896,0.2103782992523862,1.0002595
897,0.21105990733183497,0.9995419
898,0.21174151541128372,1.0008482
899,0.2131047312527828,0.9997663
900,0.21378633933223154,0.9997028
901,0.21514955517373058,1.0007657
902,0.2158311629357809,0.9990873
903,0.21651277101522964,0.9995413
904,0.2178759868567287,1.0002153
905,0.21855759493617746,0.9998329
906,0.21992081077767653,0.999204
907,0.22060241885712528,1.0006098
908,0.22128402693657404,0.9986634
909,0.22264724277807307,0.998412
910,0.22332885085752183,1.0006132
911,0.2246920666990209,1.0002174
912,0.22537367477846965,0.9997209
913,0.22605528254051996,0.9997709
914,0.22741849838201902,0.9987616
915,0.22810010646146778,0.9996036
916,0.22878171454091653,1.0009777
917,0.23014493038241557,1.0001873
918,0.23082653846186432,1.0000294
919,0.2321897543033634,0.9997084
920,0.23287136238281214,0.9998931
921,0.23355297014486245,0.9991001
922,0.23491618630375996,0.9993608
923,0.23559779406581027,0.9992171
924,0.23696101022470775,1.0005893
925,0.23764261798675806,0.9994575
926,0.23832422606620682,1.0004479
927,0.23968744190770588,0.9993034
928,0.24036904998715464,1.0004484
929,0.2417322658286537,1.0001534
930,0.24241387390810246,0.9994217
931,0.24309548167015274,1.0005622
932,0.24445869782905025,1.0006933
933,0.24514030559110056,0.999475
934,0.2458219136705493,1.0000683
935,0.24718512951204838,1.0011442
936,0.24786673759149713,0.9997683
937,0.2492299534329962,0.9995032
938,0.24991156151244495,1.000981
939,0.25059316927449526,0.9994052
940,0.25195638543339277,1.0000986
941,0.25263799319544306,0.9994212
942,0.25400120935434056,0.9999698
943,0.25468281711639085,0.999451
944,0.25536442519583963,0.9998411
945,0.2567276410373387,1.0000255
946,0.2574092491167874,0.9996864
947,0.2587724649582865,1.0001326
948,0.25945407303773527,1.0004779
949,0.260135681117184,0.9986927
950,0.26149889695868306,1.0008589
951,0.2621805050381318,0.9996752
952,0.2628621128001821,0.9993502
953,0.2642253286416812,1.0005875
954,0.2649069367211299,0.9997689
955,0.266270152562629,1.0005133
956,0.26695176064207776,1.0001603
957,0.2676333687215265,0.9992541
958,0.26899658456302555,0.9996094
959,0.2696781926424743,0.9986519
960,0.27104140848397335,0.9985326
961,0.2717230165634221,1.0009776
962,0.2724046243254724,0.9991628
963,0.2737678404843699,1.0010093
964,0.27444944824642026,0.9986681
965,0.27581266408791927,1.0021401
966,0.27649427216736805,0.9999121
967,0.2771758802468168,0.9988218
968,0.27853909608831584,1.0000948
969,0.2792207041677646,1.0001073
970,0.2799023119298149,1.0004852
971,0.2812655280887124,1.0003537
972,0.2819471358507627,1.0004577
973,0.2833103520096602,1.0008372
974,0.28399195977171054,1.0005734
975,0.28467356785115927,1.0007562
976,0.28603678369265834,1.0000159
977,0.2867183917721071,0.9992675
978,0.2880816076136062,0.9995161
979,0.2887632156930549,0.9987964
980,0.2894448234551052,0.9991906
981,0.2908080396140027,1.001311
982,0.29148964737605304,1.0004788
983,0.29285286353495055,0.9997514
984,0.29353447129700083,1.0004159
985,0.2942160793764496,0.9989099
986,0.2955792952179487,0.9994298
987,0.2962609032973974,1.0002465
988,0.29694251137684613,1.0008578
989,0.2983057272183452,0.9990183
990,0.298987335297794,0.9996406
991,0.30035055113929304,1.001557
992,0.3010321589013433,1.0000178
993,0.3017137669807921,1.0003217
994,0.3030769828222911,1.0001351
995,0.3037585909017399,0.9995726
996,0.30512180674323897,0.9998982
997,0.3058034148226877,0.9987118
998,0.3064850229021365,1.0003001
999,0.30784823874363554,0.9989254
1000,0.30852984682308426,1.0005278
1001,0.30989306266458333,0.9996265
1002,0.31057467074403206,1.0003192
1003,0.3112562785060824,1.000662
1004,0.31261949434758146,1.0013078
1005,0.3133011024270302,0.9999652
1006,0.31398271050647897,1.0005534
1007,0.31534592634797803,0.999139
1008,0.31602753442742676,0.9999513
1009,0.3173907502689258,1.0010231
1010,0.31807235834837455,1.0003178
1011,0.3187539661104249,1.0005947
1012,0.3201171822693224,0.9993284
1013,0.3207987900313727,1.0009525
1014,0.3221620061902702,1.0004991
1015,0.32284361395232053,0.9992941
1016,0.32352522203176926,0.999143
1017,0.3248884378732683,0.9995367
1018,0.32557004595271705,0.9999774
1019,0.3269332617942161,1.0001158
1020,0.3276148698736649,1.0001536
1021,0.3282964776357152,1.0003734
1022,0.3296596937946127,1.0001453
1023,0.330341301556663,0.9997314
1024,0.33102290963611175,0.9991532
1025,0.3323861254776108,0.99881
1026,0.33306773355705954,1.0006857
1027,0.3344309493985586,0.9999474
1028,0.3351125574780074,0.9995112
1029,0.3357941652400577,0.9999207
1030,0.3371573813989552,1.0008414
1031,0.3378389891610055,0.9997141
1032,0.33920220531990297,1.0009174
1033,0.3398838130819533,1.0001623
1034,0.34056542116140204,1.000164
1035,0.3419286370029011,0.9994101
1036,0.3426102450823499,0.9994026
1037,0.34397346092384895,0.9998761
1038,0.3446550690032977,1.0002255
1039,0.34533667708274646,0.9992478
1040,0.34669989292424547,0.9984488
1041,0.34738150100369425,1.0012215
1042,0.34806310876574453,0.9987784
1043,0.3494263246072436,0.999897
1044,0.3501079326866924,1.0003765
1045,0.35147114852819145,0.9993745
1046,0.35215275660764017,0.999054
1047,0.3528343646870889,1.0003737
1048,0.35419758052858796,1.0000717
1049,0.35487918860803674,0.9998206
1050,0.3562424044495358,0.9990855
1051,0.35692401252898454,1.0010894
1052,0.3576056202910349,0.9998583
1053,0.3589688364499324,1.0007311
1054,0.35965044421198267,0.9996971
1055,0.36101366005348173,0.9987881
1056,0.36169526813293046,1.0004346
1057,0.36237687621237924,1.0010928
1058,0.3637400920538783,0.9995379
1059,0.36442170013332703,1.0002178
1060,0.36510330789537737,1.000591
1061,0.3664665240542749,0.9988246
1062,0.36714813181632516,0.9996477
1063,0.36851134797522267,1.0004232
1064,0.36919295573727295,0.9996175
1065,0.36987456381672174,1.0004046
1066,0.3712377796582208,1.001044
1067,0.3719193877376695,0.9996992
1068,0.3732826035791686,1.0016907
1069,0.3739642116586173,0.9994298
1070,0.37464581942066766,1.0000592
1071,0.37600903557956517,0.9995475
1072,0.37669064334161545,0.9987541
1073,0.37805385950051296,1.0009806
1074,0.3787354672625633,0.9992769
1075,0.379417075342012,0.9994891
1076,0.3807802911835111,0.999186
1077,0.3814618992629598,0.9998214
1078,0.3821435073424086,0.9998785
1079,0.38350672318390766,1.0001256
1080,0.3841883312633564,0.9991698
1081,0.38555154710485545,0.9991261
1082,0.3862331548669058,1.0012166
1083,0.3869147629463545,0.9990265
1084,0.3882779787878536,0.9998096
1085,0.3889595868673023,0.9995856
1086,0.3903228027088014,0.9996633
1087,0.39100441078825016,0.9996012
1088,0.3916860188676989,0.9990958
1089,0.39304923470919795,1.0002612
1090,0.39373084278864673,0.9997096
1091,0.39509405863014574,0.9988372
1092,0.3957756667095945,1.000294
1093,0.3964572744716448,0.9987969
1094,0.39782049031314387,0.9992201
1095,0.39850209839259265,0.9996176
1096,0.3991837064720414,0.9997346
1097,0.40054692231354044,1.0008257
1098,0.4012285303929892,0.9983592
1099,0.40259174623448823,1.001393
1100,0.403273354313937,0.9994814
1101,0.4039549620759873,0.9992791
1102,0.4053181782348848,0.999054
1103,0.40599978599693515,1.0010708
1104,0.40736300215583265,1.0005426
1105,0.40804460991788294,1.000335
1106,0.4087262179973317,0.9983024
1107,0.41008943383883073,1.0001688
1108,0.4107710419182795,0.9998296
1109,0.4121342577597786,1.0004242
1110,0.4128158658392273,0.9997095
1111,0.41349747360127764,0.9993679
1112,0.41486068976017515,0.9989525
1113,0.41554229752222543,1.0006007
1114,0.41622390560167416,1.0026231
1115,0.4175871214431732,1.0002399
1116,0.418268729522622,1.0010679
1117,0.4196319453641211,1.0009423
1118,0.4203135534435698,1.0002699
1119,0.42099516120562014,0.9994422
1120,0.42235837736451765,0.9992784
1121,0.42303998512656793,1.0005044
1122,0.42440320128546544,1.000503
1123,0.4250848090475157,0.9996486
1124,0.4257664171269645,0.999628
1125,0.42712963296846357,1.000392
1126,0.4278112410479123,0.99963
1127,0.42917445688941136,1.0001085
1128,0.42985606496886014,0.9988448
1129,0.43053767304830887,0.9998035
1130,0.43190088888980793,1.0007157
1131,0.43258249696925666,1.0005365
1132,0.433264104731307,0.999346
1133,0.43462732057280606,0.9999048
1134,0.4353089286522548,1.0004439
1135,0.43667214449375386,1.0004937
1136,0.4373537525732026,0.9991067
1137,0.43803536065265136,0.9998878
1138,0.43939857649415043,1.0013279
1139,0.44008018457359915,1.0010662
1140,0.4414434004150982,1.0004438
1141,0.442125008494547,0.9985179
1142,0.4428066162565973,0.9999761
1143,0.4441698324154948,1.0013704
1144,0.4448514401775451,0.9997417
1145,0.44621465601904414,1.0001677
1146,0.4468962640984929,0.9998348
1147,0.44757787217794165,1.0000896
1148,0.4489410880194407,1.0001498
1149,0.4496226960988895,0.9995388
1150,0.4503043038609398,0.9991821
1151,0.4516675200198373,0.9994029
1152,0.45234912778188757,1.0010398
1153,0.4537123439407851,1.0016198
1154,0.4543939517028354,0.999672
1155,0.45507555978228414,1.0003257
1156,0.4564387756237832,0.9998981
1157,0.457120383703232,1.0001732
1158,0.458483599544731,1.0003343
1159,0.4591652076241798,1.0010101
1160,0.45984681538623007,1.0002016
1161,0.4612100315451276,0.9998379
1162,0.4618916393071779,1.0010343
1163,0.4632548554660754,0.9987678
1164,0.4639364632281257,0.9999333
1165,0.4646180713075745,1.0002788
1166,0.4659812871490735,1.0002615
1167,0.4666628952285223,1.0005715
1168,0.467344503307971,1.0012001
1169,0.46870771914947007,0.9997527
1170,0.46938932722891885,1.0001422
1171,0.4707525430704179,1.0005663
1172,0.4714341508324682,1.0008044
1173,0.472115758911917,0.9999986
1174,0.473478974753416,1.0002354
1175,0.4741605828328648,0.9995502
1176,0.47552379867436384,1.0007863
1177,0.47620540675381257,1.0001988
1178,0.47688701483326135,0.999845
1179,0.4782502306747604,0.9993511
1180,0.47893183875420914,0.9989495
1181,0.4802950545957082,0.9998623
1182,0.48097666267515693,1.0006487
1183,0.48165827043720727,0.9987204
1184,0.48302148627870634,1.0012006
1185,0.48370309435815506,0.9992574
1186,0.48438470243760384,0.9991146
1187,0.4857479182791029,0.9991876
1188,0.48642952635855163,0.9996403
1189,0.4877927422000507,1.0003013
1190,0.4884743502794994,1.0000768
1191,0.48915595804154977,0.9999925
1192,0.49051917420044727,0.9991379
1193,0.49120078196249756,0.9994472
1194,0.49256399812139506,1.0000007
1195,0.4932456058834454,1.0002532
1196,0.49392721396289413,1.000551
1197,0.4952904298043932,0.9994044
1198,0.4959720378838419,0.999013
1199,0.497335253725341,0.9996521
1200,0.49801686180478977,1.0004091
1201,0.49869846956684005,1.0001933
1202,-0.4999383142742624,1.0003071
1203,-0.4992567065122121,1.0004949
1204,-0.49789349035331465,1.0001937
1205,-0.49721188259126436,1.0001681
1206,-0.49653027451181553,1.0007035
1207,-0.4951670586703165,0.9995768
1208,-0.4944854505908678,1.0000071
1209,-0.4938038428288174,0.9993126
1210,-0.49244062666991995,0.9996408
1211,-0.49175901890786966,1.0010293
1212,-0.4903958027489721,0.9994555
1213,-0.4897141949869218,0.999376
1214,-0.4890325869074731,0.9998444
1215,-0.48766937106597397,0.9990141
1216,-0.48698776298652524,1.0000149
1217,-0.48562454714502623,0.9989969
1218,-0.4849429390655775,0.9994199
1219,-0.48426133098612867,1.0004857
1220,-0.48289811514462966,0.99935
1221,-0.48221650706518093,0.9997407
1222,-0.4808532912236818,1.0004926
1223,-0.4801716834616315,0.999769
1224,-0.4794900753821828,1.0001148
1225,-0.4781268595406837,1.0005866
1226,-0.47744525146123495,0.9993663
1227,-0.47676364338178623,0.9999804
1228,-0.4754004275402871,1.000205
1229,-0.4747188194608384,1.0005534
1230,-0.47335560361933937,0.9998606
1231,-0.47267399553989053,0.9996123
1232,-0.47199238777784025,1.0006256
1233,-0.4706291716189428,0.9997979
1234,-0.4699475638568925,0.9997275
1235,-0.4685843480153934,0.9999868
1236,-0.46790273993594467,0.9985552
1237,-0.46722113185649594,1.0001971
1238,-0.4651763079355481,0.9999743
1239,-0.4638130920940491,1.0004214
1240,-0.46313148401460025,0.9992773
1241,-0.46244987625254996,0.999676
1242,-0.4610866600936525,0.9993654
1243,-0.4604050523316021,0.9997273
1244,-0.4597234442521534,0.9990056
1245,-0.4583602284106544,0.9990024
1246,-0.45767862033120554,1.0002409
1247,-0.45631540448970653,0.9996282
1248,-0.4556337964102578,0.9995031
1249,-0.4549521886482075,0.9993912
1250,-0.45358897248930996,0.999591
1251,-0.4529073647272597,0.9990082
1252,-0.4515441485683621,1.0003799
1253,-0.45086254080631183,1.0009796
1254,-0.4501809327268631,0.9994919
1255,-0.4488177168853641,1.0001254
1256,-0.44813610880591526,1.0003196
1257,-0.44677289296441625,1.0000023
1258,-0.4460912848849675,1.0011085
1259,-0.4454096768055187,0.9998852
1260,-0.4440464609640197,1.0002251
1261,-0.4433648532019694,1.0008028
1262,-0.44268324512252066,0.9989511
1263,-0.44132002928102154,0.9996129
1264,-0.4406384212015728,0.9993591
1265,-0.4392752053600737,0.9996984
1266,-0.43859359728062497,1.0005127
1267,-0.43791198920117624,0.9982829
1268,-0.4365487733596771,1.0004394
1269,-0.4358671652802284,1.0005106
1270,-0.4345039494387294,1.0011968
1271,-0.43382234135928066,1.0011731
1272,-0.43314073359723027,1.0000161
1273,-0.43177751775573125,1.000333
1274,-0.43109590967628253,0.9995216
1275,-0.4297326938347834,1.0004144
1276,-0.4290510857553347,1.0019533
1277,-0.42836947767588596,1.0001234
1278,-0.42700626183438684,1.0003419
1279,-0.4263246537549381,1.0002148
1280,-0.4256430459928878,0.9999749
1281,-0.42427982983399026,1.0006729
1282,-0.42359822207194,0.9992301
1283,-0.4222350059130425,0.9990459
1284,-0.42155339815099224,1.0004486
1285,-0.4208717900715434,1.0006958
1286,-0.4195085742300444,1.0001981
1287,-0.41882696615059567,1.0007431
1288,-0.41746375030909655,0.9993903
1289,-0.4167821422296478,1.0000385
1290,-0.41610053446759754,0.9995204
1291,-0.4147373183087,0.9992803
1292,-0.4140557105466497,0.9989534
1293,-0.41269249438775224,1.0003667
1294,-0.41201088662570184,0.9997496
1295,-0.4113292785462531,1.0009177
1296,-0.4099660627047541,0.9993544
1297,-0.40928445462530527,1.0003715
1298,-0.408602846863255,1.0002827
1299,-0.40723963070435754,0.9998752
1300,-0.40655802294230725,1.0006166
1301,-0.4051948067834097,1.0005691
1302,-0.4045131990213594,0.9997147
1303,-0.4038315909419107,1.0007608
1304,-0.40246837510041156,1.0003382
1305,-0.40178676702096283,1.000371
1306,-0.4004235511794638,0.9992339
1307,-0.399741943100015,1.0006549
1308,-0.39906033502056626,0.9995945
1309,-0.39769711917906725,0.9992885
1310,-0.3970155110996184,0.9997322
1311,-0.3956522952581194,0.9993016
1312,-0.3949706874960691,0.9991225
1313,-0.3942890794166203,0.9997109
1314,-0.39292586357512127,0.9998402
1315,-0.39224425549567254,0.9995091
1316,-0.3915626474162238,1.0002762
1317,-0.3901994315747247,1.0017231
1318,-0.38951782349527597,0.9993614
1319,-0.38815460765377685,1.0000304
1320,-0.3874729995743281,0.9983081
1321,-0.38679139181227784,1.0003625
1322,-0.3854281756533804,0.9992998
1323,-0.38474656789133,0.9997862
1324,-0.383383352049831,0.9997696
1325,-0.38270174397038226,1.0014298
1326,-0.3820201358909334,1.0011341
1327,-0.3806569200494344,1.000226
1328,-0.3799753119699857,1.0001526
1329,-0.37861209612848656,1.0008807
1330,-0.37793048804903784,1.0001726
1331,-0.37724888028698755,0.9995443
1332,-0.37588566412809,1.0007029
1333,-0.3752040563660397,0.9997689
1334,-0.374522448286591,0.9996266
1335,-0.37315923244509186,0.9994266
1336,-0.37247762436564313,0.9989593
1337,-0.3711144085241441,0.9989408
1338,-0.3704328004446954,1.0005134
1339,-0.369751192682645,0.9999351
1340,-0.36838797652374755,1.0007709
1341,-0.36770636876169727,0.9991401
1342,-0.3663431526027997,0.9996372
1343,-0.3656615448407494,0.9996117
1344,-0.3649799367613007,0.9994507
1345,-0.3636167209198016,0.9994501
1346,-0.36293511284035285,1.0006104
1347,-0.36157189699885384,1.0013914
1348,-0.360890288919405,0.9995788
1349,-0.3602086808399563,1.0001195
1350,-0.35884546499845726,0.9990566
1351,-0.358163857236407,1.0006492
1352,-0.35748224915695814,0.999796
1353,-0.35611903331545913,0.9990679
1354,-0.3554374252360104,1.0003869
1355,-0.3540742093945113,1.0012402
1356,-0.35339260131506256,0.9999249
1357,-0.35271099323561383,1.0004958
1358,-0.3513477773941147,1.0000356
1359,-0.350666169314666,0.9995099
1360,-0.349302953473167,0.9997912
1361,-0.34862134539371814,1.0007802
1362,-0.34793973763166786,0.9994145
1363,-0.34657652179016885,1.0000853
1364,-0.34589491371072,0.9996235
1365,-0.344531697869221,0.9996999
1366,-0.3438500897897723,1.0010205
1367,-0.34316848171032355,1.0010666
1368,-0.3418052658688244,1.0000304
1369,-0.3411236577893757,0.999818
1370,-0.3404420500273254,1.0005956
1371,-0.33907883386842785,0.9992901
1372,-0.33839722610637757,1.0005761
1373,-0.33703400994748,0.9996762
1374,-0.3363524021854297,0.9999026
1375,-0.335670794105981,0.9993692
1376,-0.334307578264482,1.0006754
1377,-0.33362597018503315,0.9999439
1378,-0.33226275434353414,1.0000046
1379,-0.3315811462640854,1.0004809
1380,-0.330899538502035,0.9994215
1381,-0.32953632234313757,1.0005039
1382,-0.3288547145810873,0.9992926
1383,-0.3274914984221897,0.9993168
1384,-0.32680989066013943,0.9994738
1385,-0.3261282825806907,0.9995478
1386,-0.3247650667391916,1.0007771
1387,-0.32408345865974286,0.9997926
1388,-0.3234018508976926,1.0011928
1389,-0.3220386347387951,1.0001042
1390,-0.32135702697674473,0.9993232
1391,-0.3199938108178473,1.0000996
1392,-0.319312203055797,0.9992609
1393,-0.31863059497634816,1.0004799
1394,-0.31726737913484915,1.000599
1395,-0.3165857710554004,0.9996833
1396,-0.3152225552139013,1.0017116
1397,-0.3145409471344526,0.9997583
1398,-0.31385933905500385,1.0004676
1399,-0.31249612321350473,0.9995636
1400,-0.311814515134056,0.9994524
1401,-0.310451299292557,1.0005424
1402,-0.3097696915305066,1.0001227
1403,-0.30908808345105787,1.0008916
1404,-0.30772486760955886,1.0008283
1405,-0.30704325953011014,0.9997069
1406,-0.3063616514506613,0.9998361
1407,-0.3049984356091623,0.9988901
1408,-0.30431682752971356,0.9999909
1409,-0.30295361168821444,1.0004802
1410,-0.3022720036087657,1.0003327
1411,-0.30159039584671543,1.0001843
1412,-0.30022717968781787,1.0003119
1413,-0.2995455719257676,1.0003258
1414,-0.2981823560842686,1.0008013
1415,-0.29750074800481974,1.0002668
1416,-0.296819139925371,1.0005997
1417,-0.295455924083872,1.0002047
1418,-0.29477431600442316,0.9992134
1419,-0.29341110016292415,0.9991427
1420,-0.29272949208347543,0.9996728
1421,-0.29204788432142514,0.9991741
1422,-0.2906846681625276,0.999671
1423,-0.2900030604004773,0.9997243
1424,-0.28932145232102857,0.9998885
1425,-0.28795823647952945,1.0003253
1426,-0.2872766284000807,1.0003609
1427,-0.2859134125585817,0.9998485
1428,-0.2852318044791329,1.0007098
1429,-0.2845501967170826,0.9992315
1430,-0.28318698055818514,0.9991703
1431,-0.28250537279613475,0.9998568
1432,-0.2811421566372373,0.9996838
1433,-0.280460548875187,0.9999148
1434,-0.2797789407957383,1.0012926
1435,-0.27841572495423916,1.0000114
1436,-0.27773411687479044,0.999115
1437,-0.2763709010332913,1.0007075
1438,-0.2756892929538426,0.9992985
1439,-0.27500768487439387,0.9999709
1440,-0.27364446903289474,0.9995404
1441,-0.27296286127084446,1.000525
1442,-0.27228125319139573,1.000497
1443,-0.2709180373498967,0.9992967
1444,-0.2702364292704479,0.9994483
1445,-0.2688732134289489,0.9995465
1446,-0.26819160534950015,1.0006272
1447,-0.2675099972700513,1.0002492
1448,-0.2661467814285523,0.999831
1449,-0.2654651733491036,0.9994196
1450,-0.26410195750760446,1.0009796
1451,-0.26342034942815573,0.999791
1452,-0.26273874166610545,1.0002998
1453,-0.2613755258246063,0.9995274
1454,-0.2606939177451576,0.9999663
1455,-0.2593307019036586,0.9989298
1456,-0.25864909382420986,0.9990494
1457,-0.257967485744761,1.0000221
1458,-0.256604269903262,0.9988532
1459,-0.2559226618238133,1.0004914
1460,-0.2552410540617629,0.9995695
1461,-0.25387783790286544,1.0008511
1462,-0.25319623014081516,0.9996731
1463,-0.2518330139819176,0.9991711
1464,-0.2511514062198673,1.0000784
1465,-0.2504697981404186,0.9985366
1466,-0.24910658229891947,1.0002277
1467,-0.24842497421947074,1.0000892
1468,-0.24706175837797173,0.9994945
1469,-0.2463801502985229,0.9997555
1470,-0.2456985425364726,0.9998438
1471,-0.24433532637757516,1.0006496
1472,-0.24365371861552487,1.0004726
1473,-0.2422905024566273,0.9986561
1474,-0.24160889469457703,0.999906
1475,-0.2409272866151283,1.0010208
1476,-0.23956407077362918,1.0001214
1477,-0.23888246269418045,1.0004278
1478,-0.23820085493213017,1.0005576
1479,-0.2368376387732326,1.0001305
1480,-0.23615603101118232,0.9995947
1481,-0.23479281485228487,1.0001631
1482,-0.23411120709023447,1.0011644
1483,-0.23342959901078575,1.0002351
1484,-0.23206638316928674,1.001464
1485,-0.2313847750898379,0.9995048
1486,-0.2300215592483389,0.999901
1487,-0.22933995116889017,1.0000216
1488,-0.22865834308944144,1.0006271
1489,-0.22729512724794232,1.0004412
1490,-0.2266135191684936,0.9996333
1491,-0.22525030332699447,0.9995372
1492,-0.2245686955649442,0.9991813
1493,-0.22388708748549546,0.9999875
1494,-0.22252387164399645,1.0008089
1495,-0.22184226356454761,0.9997257
1496,-0.2211606554850989,0.9999473
1497,-0.21979743964359988,1.0005191
1498,-0.21911583156415104,0.9993211
1499,-0.21775261572265203,1.0000162
1500,-0.2170710076432033,0.999478
1501,-0.21638939988115302,1.0003382
1502,-0.21502618372225546,0.9997161
1503,-0.21434457596020517,0.9996946
1504,-0.21298136011870605,1.0002274
1505,-0.21229975203925733,0.9984652
1506,-0.2116181439598086,0.9994797
1507,-0.21025492811830948,0.9998652
1508,-0.20957332003886076,0.9990295
1509,-0.20821010419736175,0.9994735
1510,-0.20752849611791302,0.9989946
1511,-0.20684688835586262,1.0005069
1512,-0.20548367219696517,0.9999137
1513,-0.2048020644349149,1.0004722
1514,-0.20412045635546605,0.9997384
1515,-0.20275724051396704,0.9995676
1516,-0.20207563243451832,1.0000716
1517,-0.2007124165930192,1.0003897
1518,-0.20003080851357047,1.0005117
1519,-0.19934920075152018,0.9998844
1520,-0.19798598459262262,0.9996935
1521,-0.19730437683057234,1.0000059
1522,-0.19594116067167489,0.9995479
1523,-0.1952595529096246,1.0001374
1524,-0.19457794483017576,1.0004304
1525,-0.19321472898867675,1.0002192
1526,-0.19253312090922803,0.9998581
1527,-0.1911699050677289,0.9994166
1528,-0.19048829698828018,1.0002695
1529,-0.18980668890883146,1.0004037
1530,-0.18844347306733233,0.9992457
1531,-0.18776186530528205,0.9995558
1532,-0.18708025722583332,1.0005354
1533,-0.1857170413843342,0.9987284
1534,-0.18503543330488548,1.0014939
1535,-0.18367221746338647,1.0006027
1536,-0.18299060938393763,1.0005923
1537,-0.1823090013044889,1.0000448
1538,-0.1809457854629899,0.9997249
1539,-0.18026417738354117,1.0001494
1540,-0.17890096154204205,0.9989642
1541,-0.17821935346259332,0.9993572
1542,-0.17753774570054304,1.0002872
1543,-0.17617452985904392,0.9999767
1544,-0.1754929217795952,0.9991589
1545,-0.17412970593809618,0.9990615
1546,-0.17344809785864734,1.000493
1547,-0.17276648977919862,1.0006731
1548,-0.1714032739376996,1.0010283
1549,-0.17072166585825077,0.9996151
1550,-0.17004005809620049,0.9996397
1551,-0.16867684193730303,0.9999
1552,-0.16799523417525264,1.0004194
1553,-0.1666320180163552,0.9995312
1554,-0.1659504102543049,0.9983628
1555,-0.16526880217485618,1.000405
1556,-0.16390558633335706,0.999915
1557,-0.16322397825390833,1.0008543
1558,-0.1618607624124092,1.0002022
1559,-0.16117915433296048,0.9993729
1560,-0.1604975465709102,0.9995694
1561,-0.15913433041201275,0.9996175
1562,-0.15845272264996235,0.9986773
1563,-0.1570895064910649,0.9991375
1564,-0.15640789872901462,0.9993914
1565,-0.15572629064956578,0.9987692
1566,-0.15436307480806677,0.9996431
1567,-0.15368146672861804,0.9986888
1568,-0.15299985896656776,1.0003416
1569,-0.1516366428076702,1.0009908
1570,-0.1509550350456199,0.9992773
1571,-0.14959181888672235,1.000264
1572,-0.14891021112467206,0.9995206
1573,-0.14822860304522334,0.9995187
1574,-0.14686538720372422,0.9998805
1575,-0.1461837791242755,1.0008119
1576,-0.14482056328277648,1.0002408
1577,-0.14413895520332776,0.9999895
1578,-0.14345734712387892,0.9994407
1579,-0.1420941312823799,1.0027716
1580,-0.14141252320293118,0.9996702
1581,-0.14004930736143206,1.0009624
1582,-0.13936769959938178,1.0004368
1583,-0.13868609151993305,1.0001662
1584,-0.13732287567843393,1.0002535
1585,-0.1366412675989852,0.9994524
1586,-0.13595965951953648,0.9991791
1587,-0.13459644367803736,1.0003263
1588,-0.13391483559858863,1.0000376
1589,-0.13255161975708962,0.9996242
1590,-0.13187001167764079,1.0004816
1591,-0.1311884039155905,1.000066
1592,-0.12982518775669305,0.9989341
1593,-0.12914357999464277,0.9996818
1594,-0.12778036415314364,0.9992089
1595,-0.12709875607369492,1.0004182
1596,-0.1264171479942462,1.0002508
1597,-0.12505393215274707,1.0001076
1598,-0.12437232407329835,1.0000914
1599,-0.12300910823179934,0.9995344
1600,-0.1223275001523505,0.9995128
1601,-0.12164589239030021,0.9999639
1602,-0.12028267623140276,1.0002835
1603,-0.11960106846935237,1.0011871
1604,-0.11891946038990364,1.0002898
1605,-0.11755624454840463,1.00055
1606,-0.1168746364689559,0.9998366
1607,-0.11551142062745678,1.0008957
1608,-0.11482981254800806,0.9996335
1609,-0.11414820478595777,0.9997558
1610,-0.11278498862706021,0.9985148
1611,-0.11210338086500993,0.9979794
1612,-0.11074016470611237,1.000531
1613,-0.11005855694406208,1.000871
1614,-0.10937694886461335,1.0000073
1615,-0.10733212494366551,0.9999348
1616,-0.1059689091021665,1.0000517
1617,-0.10528730102271777,0.9996105
1618,-0.10460569294326894,0.9993464
1619,-0.10324247710176992,0.999558
1620,-0.10256086933971964,1.0004366
1621,-0.10187926126027091,1.0002043
1622,-0.1005160454187718,1.0005532
1623,-0.09983443733932307,0.9996756
1624,-0.09847122149782395,0.9993416
1625,-0.09778961341837522,0.9994129
1626,-0.0971080053389265,0.9998275
1627,-0.09574478949742748,0.9994542
1628,-0.09506318141797865,1.0000466
1629,-0.09369996557647964,0.9997635
1630,-0.09301835749703091,0.9993832
1631,-0.09233674973498052,1.0002535
1632,-0.0909735338934815,1.0002279
1633,-0.09029192581403278,1.0001002
1634,-0.08892870997253366,0.9992195
1635,-0.08824710189308493,0.9993742
1636,-0.08756549381363621,1.0003514
1637,-0.08620227797213709,1.0004889
1638,-0.08552066989268836,1.0002888
1639,-0.08483906213063808,1.0006275
1640,-0.08347584597174051,0.9997293
1641,-0.08279423820969023,0.9992618
1642,-0.08143102205079278,1.0004268
1643,-0.0807494142887425,1.0000869
1644,-0.08006780620929366,0.9991467
1645,-0.07870459036779465,1.0000767
1646,-0.07802298228834592,1.000683
1647,-0.0766597664468468,1.0002543
1648,-0.07597815836739807,0.9994895
1649,-0.07529655060534779,1.0003412
1650,-0.07393333444645023,1.0011988
1651,-0.07325172668439994,0.9988572
1652,-0.07188851052550249,0.9999606
1653,-0.0712069027634521,0.9991845
1654,-0.07052529468400337,1.0003903
1655,-0.06916207884250436,0.9998369
1656,-0.06848047076305552,1.0006262
1657,-0.06779886300100524,0.9998369
1658,-0.06643564684210779,0.9996518
1659,-0.0657540390800575,0.9990353
1660,-0.06439082292115994,0.9995886
1661,-0.06370921515910966,0.9997123
1662,-0.06302760707966093,0.9999344
1663,-0.06166439123816181,0.9997365
1664,-0.06098278315871308,0.9997498
1665,-0.05961956731721407,1.0005445
1666,-0.058937959237765236,1.0000834
1667,-0.05825635115831651,1.000168
1668,-0.0568931353168175,1.0007148
1669,-0.056211527237368664,0.9998207
1670,-0.05484831139586965,0.9995299
1671,-0.05416670363381937,1.0001811
1672,-0.05348509555437064,1.0000866
1673,-0.05212187971287152,1.0007012
1674,-0.051440271633422796,0.9993853
1675,-0.05075866355397407,1.0002131
1676,-0.04939544771247495,1.0004997
1677,-0.048713839633026224,1.0003999
1678,-0.0473506237915271,0.9998401
1679,-0.04666901571207838,1.0003679
1680,-0.04598740795002809,0.9999726
1681,-0.04462419179113064,0.9997364
1682,-0.043942584029080245,1.000069
1683,-0.042579368187581235,0.9997223
1684,-0.04189776010813251,1.0000355
1685,-0.04121615202868367,1.0018449
1686,-0.03985293618718466,1.0001886
1687,-0.03917132810773594,1.0004206
1688,-0.037808112266236815,1.0003084
1689,-0.03712650418678809,1.0009395
1690,-0.036444896424737805,1.0011643
1691,-0.03508168026584024,1.0008046
1692,-0.03440007250378996,0.9995866
1693,-0.03371846442434123,0.999416
1694,-0.03235524858284222,1.0011742
1695,-0.031673640503393385,1.0007568
1696,-0.030310424661894375,1.0007646
1697,-0.02962881658244565,0.9999071
1698,-0.028947208820395254,1.0000604
1699,-0.027583992661497803,1.0000691
1700,-0.026902384899447518,1.0008428
1701,-0.025539168740549956,1.0001307
1702,-0.02485756097849967,0.9994017
1703,-0.024175952899050945,1.0008738
1704,-0.022812737057551824,1.0001717
1705,-0.0221311289781031,1.0005236
1706,-0.020767913136604088,0.9999613
1707,-0.02008630505715525,0.9991929
1708,-0.019404696977706526,0.9995468
1709,-0.018041481136207516,1.0009876
1710,-0.01735987337415723,0.9996395
1711,-0.016678265294708394,0.9998308
1712,-0.015315049453209384,1.0002301
1713,-0.014633441373760658,1.0003241
1714,-0.013270225532261537,0.9994741
1715,-0.012588617452812811,0.9986418
1716,-0.011907009373364086,0.9991507
1717,-0.010543793531864964,0.9984442
1718,-0.009862185452416239,0.999027
1719,-0.008498969610917229,0.9986913
1720,-0.007817361531468392,0.9980815
1721,-0.007135753769418107,0.9987394
1722,-0.005772537927919097,0.9981383
1723,-0.00509092984847026,0.9989324
1724,-0.00372771400697125,0.9979198
1725,-0.0030461059275225244,0.9983692
1726,-0.002364497848073799,0.9999757
1727,-0.0010012820065746775,0.9977989
1728,-0.0003196739271259519,0.9976179
1729,0.00036193383492433284,0.9972466
1730,0.001725149993821784,0.9996765
1731,0.0024067577558721798,0.9978962
1732,0.003769973914769631,0.9993703
1733,0.004451581676820027,0.9989809
1734,0.005133189756268752,0.9988673
1735,0.006496405597767874,0.9976971
1736,0.007178013677216599,0.9991577
1737,0.00854122951871572,0.999694
1738,0.009222837598164446,0.9966898
1739,0.00990444536021462,1.0005215
1740,0.011267661519112071,1.0000126
1741,0.011949269281162467,0.9982569
1742,0.013312485440059918,0.9979486
1743,0.013994093202110314,1.0001066
1744,0.01467570128155904,0.999481
1745,0.01603891712305816,1.0002813
1746,0.016720525202506886,1.0004973
1747,0.01740213296455706,0.9991594
1748,0.018765349123454733,0.9998664
1749,0.019446956885504907,0.9997247
1750,0.02081017304440258,0.9998258
1751,0.021491780806452754,1.0016202
1752,0.02217338888590148,0.9994868
1753,0.0235366047274006,1.0001479
1754,0.024218212806849326,1.0007858
1755,0.025581428648348448,1.0004585
1756,0.026263036727797173,0.9995789
1757,0.0269446448072459,1.0004756
1758,0.02830786064874502,0.9997189
1759,0.028989468728193746,0.9994544
1760,0.030352684569692867,0.9985266
1761,0.03103429233174304,0.9997985
1762,0.031715900411191766,0.999453
1763,0.03307911625269089,1.0004969
1764,0.03376072433213961,1.0001183
1765,0.03444233241158834,1.0001379
1766,0.03580554825308746,0.9994449
1767,0.036487156332536186,1.0006363
1768,0.03785037217403531,1.0002053
1769,0.03853198025348403,0.9989617
1770,0.03921358801553443,0.9995308
1771,0.04057680417443188,1.0003982
1772,0.04125841193648205,0.9992569
1773,0.042621627777981175,1.0000412
1774,0.0433032358574299,0.9990347
1775,0.043984843936878626,1.0001079
1776,0.04534805977837775,0.9994002
1777,0.04602966785782647,0.9999536
1778,0.047392883699325594,1.0006143
1779,0.04807449177877432,1.0000871
1780,0.048756099540824716,1.0006661
1781,0.05011931569972217,0.9999551
1782,0.05080092346177256,1.000037
1783,0.05148253154122129,0.9998419
1784,0.05284574738272019,1.0002522
1785,0.05352735546216891,0.9999643
1786,0.054890571303668034,1.0005496
1787,0.05557217938311676,1.0004288
1788,0.056253787145167156,0.9998221
1789,0.05761700330406461,0.9996999
1790,0.058298611066115,0.9998621
1791,0.059661827225012454,0.9995888
1792,0.06034343498706285,1.0008416
1793,0.061025043066511575,0.999322
1794,0.062388258908010474,0.9994928
1795,0.06306986698745942,0.9991209
1796,0.06443308282895832,1.0004407
1797,0.06511469090840705,1.0000057
1798,0.065796298987856,0.9997581
1799,0.0671595148293549,1.0012011
1800,0.06784112259140529,0.9995547
1801,0.06852273067085402,0.9996231
1802,0.06988594651235314,1.000811
1803,0.07056755459180186,1.000088
1804,0.07193077043330098,1.0007693
1805,0.07261237851274971,1.0008324
1806,0.07329398659219843,1.0010617
1807,0.07465720243369733,0.9997936
1808,0.07533881051314628,0.9999497
1809,0.07670202635464518,1.0003783
1810,0.0773836344340939,1.0000779
1811,0.0780652421961443,1.0004312
1812,0.07942845803764342,1.0009456
1813,0.08011006611709215,0.9996952
1814,0.08147328195859127,0.9999141
1815,0.08215489003804,0.999991
1816,0.08283649811748872,1.0020385
1817,0.08419971395898784,1.0001018
1818,0.08488132203843657,1.0009849
1819,0.08556292980048674,1.0008777
1820,0.08692614595938442,1.0005609
1821,0.08760775372143459,0.9997953
1822,0.08897096988033204,1.000218
1823,0.08965257764238244,0.9996867
1824,0.09033418572183116,0.999977
1825,0.09169740156333028,1.0008187
1826,0.09237900964277901,1.0001552
1827,0.09374222548427813,0.9999977
1828,0.09442383356372686,1.0006824
1829,0.09510544132577703,0.9999985
1830,0.0964686574846747,0.9996788
1831,0.09715026524672488,1.0002544
1832,0.09851348140562233,1.001437
1833,0.09919508916767272,0.9998864
1834,0.09987669724712145,1.0001724
1835,0.10123991308862057,1.0002723
1836,0.1019215211680693,0.998459
1837,0.10260312893011969,1.0001451
1838,0.10396634508901714,0.9989405
1839,0.10464795285106732,0.9989677
1840,0.10601116900996499,0.9999594
1841,0.10669277677201516,1.0003036
1842,0.10737438485146389,0.99919
1843,0.10873760069296301,0.9993875
1844,0.10941920877241174,0.9998074
1845,0.11078242461391086,1.0001318
1846,0.11146403269335958,0.9996289
1847,0.11214564077280831,1.0000375
1848,0.11350885661430743,0.9996596
1849,0.11419046469375616,0.9988914
1850,0.11555368053525528,1.0011926
1851,0.11623528829730545,0.9996049
1852,0.11691689637675418,1.0003005
1853,0.1182801122182533,0.99954
1854,0.11896172029770202,0.9997354
1855,0.11964332837715075,0.999064
1856,0.12100654421864987,1.0009847
1857,0.1216881522980986,1.0003935
1858,0.12305136813959772,0.999216
1859,0.12373297621904644,1.0003335
1860,0.12441458398109684,0.9990985
1861,0.1257778001399943,1.0002498
1862,0.12645940790204468,1.0008819
1863,0.12782262374354358,0.9995901
1864,0.1285042318229923,0.9992738
1865,0.12918583990244126,1.0004129
1866,0.13054905574394016,0.9997644
1867,0.13123066382338888,1.001055
1868,0.132593879664888,1.0001518
1869,0.13327548774433673,0.9997551
1870,0.13395709550638712,1.0002073
1871,0.13532031166528458,0.9991601
1872,0.13600191942733497,0.9984682
1873,0.1366835275067837,1.0011496
1874,0.1380467433482826,1.0001598
1875,0.13872835142773154,1.0000369
1876,0.14009156726923044,0.9997001
1877,0.14077317534867917,0.9998241
1878,0.14145478311072957,0.9992072
1879,0.14281799926962702,0.998539
1880,0.1434996070316774,1.0000115
1881,0.14486282319057486,0.9997185
1882,0.14554443095262526,0.9989149
1883,0.14622603903207398,1.000167
1884,0.1475892548735731,1.0001457
1885,0.14827086295302183,0.9992186
1886,0.14963407879452073,0.999126
1887,0.15031568687396968,1.0006939
1888,0.1509972949534184,1.0030596
1889,0.1523605107949173,0.9989347
1890,0.1530421185569677,1.0005916
1891,0.15372372663641642,0.999936
1892,0.15508694247791555,0.9994583
1893,0.15576855055736427,1.0005645
1894,0.1571317663988634,1.0008083
1895,0.15781337447831212,0.9998023
1896,0.15849498255776084,1.0000627
1897,0.15985819839925997,1.0011156
1898,0.1605398064787087,0.9990731
1899,0.1619030223202076,0.9989036
1900,0.16258463039965654,0.9998496
1901,0.1632662381617067,1.0004497
1902,0.16462945400320583,1.0004508
1903,0.16531106208265456,1.0005384
1904,0.16667427792415368,0.9994914
1905,0.1673558860036024,0.9999683
1906,0.16803749408305113,0.99924
1907,0.16940070992455025,0.9997863
1908,0.17008231800399898,1.0010749
1909,0.17076392576604915,0.9988404
1910,0.17212714192494682,1.0005355
1911,0.172808749686997,0.9992754
1912,0.17417196584589445,0.9997737
1913,0.17485357360794485,0.9999522
1914,0.17553518168739357,0.999917
1915,0.1768983975288927,0.9996882
1916,0.17758000560834142,1.0000958
1917,0.17894322144984054,0.9994274
1918,0.17962482952928926,1.0001853
1919,0.18030643729133944,0.9996638
1920,0.1816696534502371,0.9998229
1921,0.18235126121228729,0.9979205
1922,0.18371447737118496,0.9987867
1923,0.18439608513323513,0.999282
1924,0.18507769321268386,0.9992851
1925,0.18644090905418298,1.0000142
1926,0.1871225171336317,0.9998789
1927,0.1878041248956821,0.9999667
1928,0.18916734105457955,1.0002414
1929,0.18984894881662995,0.9991011
1930,0.1912121649755274,0.9997472
1931,0.19189377273757757,1.0007213
1932,0.19257538081702652,1.0002973
1933,0.19393859665852542,1.000196
1934,0.19462020473797415,1.0004589
1935,0.19598342057947327,0.9993854
1936,0.196665028658922,1.0013087
1937,0.19734663673837072,1.0003978
1938,0.19870985257986984,0.9988089
1939,0.19939146065931856,0.9994436
1940,0.20075467650081769,0.9997036
1941,0.20143628426286786,0.9994718
1942,0.2021178923423168,0.9991059
1943,0.2034811081838157,0.9988605
1944,0.20416271626326443,0.9981153
1945,0.20484432434271338,0.9996353
1946,0.20620754018421228,0.9994853
1947,0.206889148263661,1.0007389
1948,0.20825236410516013,0.9992629
1949,0.20893397218460885,1.0006772
1950,0.20961557994665925,0.9993898
1951,0.2109787961055567,0.9999714
1952,0.2116604038676071,0.9998131
1953,0.213023619709106,1.0005527
1954,0.21370522778855494,1.0002472
1955,0.21438683586800367,0.9995379
1956,0.21575005170950257,0.9991497
1957,0.2164316597889513,0.9999758
1958,0.2177948756304504,0.9995504
1959,0.21847648370989914,0.9996879
1960,0.21915809147194953,1.0004336
1961,0.22052130763084699,1.0001816
1962,0.22120291539289738,1.0006727
1963,0.2218845234723461,0.9994629
1964,0.22324773931384523,1.0008591
1965,0.22392934739329395,0.9989658
1966,0.22529256323479285,0.9999089
1967,0.2259741713142418,1.0001688
1968,0.22665577907629197,0.9989995
1969,0.22801899523518943,0.999357
1970,0.22870060299723982,0.999904
1971,0.23006381915613727,0.999328
1972,0.23074542691818767,1.0002864
1973,0.2314270349976364,0.9999395
1974,0.23279025083913552,1.0005454
1975,0.23347185891858424,0.9999679
1976,0.23483507476008336,0.998896
1977,0.2355166828395321,1.0005886
1978,0.2361982909189808,1.0011742
1979,0.2375615067604797,0.9992875
1980,0.2382431145225301,0.9999031
1981,0.23892472260197883,0.9999694
1982,0.24028793844347796,0.9996886
1983,0.24096954652292668,0.9995556
1984,0.2423327623644258,1.0001539
1985,0.24301437044387453,1.0002246
1986,0.24369597852332325,1.0006611
1987,0.24505919436482237,0.9995507
1988,0.2457408024442711,1.0006461
1989,0.24710401828577022,1.0008047
1990,0.24778562636521895,1.0004769
1991,0.24846723412726912,1.0018185
1992,0.24983044996876824,1.000215
1993,0.2518752738897161,0.9999215
1994,0.2525568819691648,0.9996578
1995,0.25323849004861354,0.9998747
1996,0.25460170589011266,0.9997693
1997,0.2552833139695614,1.0002134
1998,0.2559649217316118,1.0002051
1999,0.25732813789050923,0.9993717
2000,0.2580097456525594,0.9998645
2001,0.2593729618114571,0.9999944
2002,0.26005456957350725,1.0004146
2003,0.260736177652956,0.9995555
2004,0.2620993934944551,1.0008686
2005,0.2627810015739038,0.9996359
2006,0.26414421741540295,0.9991579
2007,0.2648258254948517,1.0004632
2008,0.26550743325690207,1.000588
2009,0.2668706494157995,1.0003049
2010,0.2675522571778497,0.9994129
2011,0.26891547333674737,1.0001033
2012,0.26959708109879754,1.0014798
2013,0.27027868917824627,1.0005645
2014,0.2716419050197454,0.9995304
2015,0.2723235130991941,0.9996231
2016,0.2730051208612445,1.0004546
2017,0.27436833702014196,0.9991587
2018,0.27504994478219236,1.0009686
2019,0.2764131609410898,0.9999519
2020,0.2770947687031402,1.0006548
2021,0.27777637678258893,1.0011996
2022,0.27913959262408783,0.9992369
2023,0.27982120070353655,0.9989924
2024,0.2811844165450357,0.9996718
2025,0.2818660246244844,0.9994758
2026,0.2825476327039331,1.0009413
2027,0.28391084854543225,1.0001759
2028,0.284592456624881,0.9994788
2029,0.2859556724663801,1.0001514
2030,0.2866372802284305,1.000451
2031,0.2873188883078792,0.9997163
2032,0.2886821041493781,1.002098
2033,0.28936371222882706,0.9997034
2034,0.2900453203082758,0.999822
2035,0.2914085361497747,1.0015534
2036,0.29209014422922364,1.0007928
2037,0.29345336007072254,0.9996696
2038,0.29413496815017126,0.9994565
2039,0.29481657591222166,0.9992906
2040,0.2961797920711191,1.0002868
2041,0.2968613998331695,0.9993149
2042,0.2982246156746686,1.0001876
2043,0.29890622375411735,1.0000881
2044,0.2995878318335661,0.9991031
2045,0.300951047675065,0.999488
2046,0.3016326557545139,0.999406
2047,0.3029958715960128,1.0008996
2048,0.30367747967546155,0.9991572
2049,0.30435908743751194,0.9997618
2050,0.3057223035964094,1.0004736
2051,0.3064039113584598,1.0002576
2052,0.3070855194379085,1.0000393
2053,0.30844873527940764,0.9990458
2054,0.30913034335885636,1.0000655
2055,0.3104935592003555,1.0002332
2056,0.3111751672798042,0.9988753
2057,0.3118567750418544,1.0016385
2058,0.31321999120075206,0.9992827
2059,0.31390159896280223,0.9990937
2060,0.3152648151216997,1.000365
2061,0.3159464228837501,1.0000836
2062,0.3166280309631988,0.9989162
2063,0.3179912468046979,1.0003281
2064,0.31867285488414665,1.0000185
2065,0.32003607072564577,1.000503
2066,0.3207176788050945,1.0001363
2067,0.3213992868845432,0.9996881
2068,0.32276250272604234,1.0001046
2069,0.3234441104880925,0.9993894
2070,0.32412571856754124,0.9996347
2071,0.32548893440904036,1.0004463
2072,0.3261705424884891,1.0002129
2073,0.3275337583299882,0.9991587
2074,0.32821536640943694,1.0002845
2075,0.32889697448888566,0.9992571
2076,0.3302601903303848,1.0000961
2077,0.3309417984098335,1.0010284
2078,0.33230501425133263,1.0000165
2079,0.33298662233078136,1.0002062
2080,0.33366823009283153,1.0012366
2081,0.33503144593433065,1.000823
2082,0.3357130540137794,0.9998462
2083,0.3370762698552785,1.0004848
2084,0.3377578779347272,1.000408
2085,0.33843948601417595,0.9995474
2086,0.33980270185567507,1.0003652
2087,0.3404843099351238,1.0002921
2088,0.3411659176971742,0.9992
2089,0.34252913385607164,1.0001473
2090,0.3432107416181218,1.0006841
2091,0.3445739577770195,1.0001395
2092,0.34525556553906966,1.0001135
2093,0.3459371736185184,0.9991409
2094,0.3473003894600175,0.9993731
2095,0.34798199753946624,0.9998704
2096,0.34934521338096536,1.0003095
2097,0.3500268214604141,1.0003724
2098,0.3507084292224645,0.9997455
2099,0.35207164538136193,0.9994821
2100,0.3527532531434123,1.0000044
2101,0.3541164693023098,1.0004682
2102,0.35479807706435995,0.9995458
2103,0.3554796851438089,0.999969
2104,0.3568429009853078,0.9999666
2105,0.3575245090647565,0.9999319
2106,0.3582061168268069,0.9982744
2107,0.35956933298570437,0.9992054
2108,0.36025094074775477,1.0004152
2109,0.3616141569066522,1.0009236
2110,0.3622957646687026,1.0005995
2111,0.36297737274815134,1.0016247
2112,0.36434058858965024,0.9994772
2113,0.3650221966690992,0.9996023
2114,0.3663854125105981,1.0004616
2115,0.3670670205900468,0.9992777
2116,0.36774862866949576,0.9990181
2117,0.36911184451099466,1.0002297
2118,0.3697934525904434,0.9995632
2119,0.3711566684319425,0.9996734
2120,0.3718382761939929,0.9994499
2121,0.3725198842734416,1.0003595
2122,0.37388310011494075,0.9990761
2123,0.3745647081943895,0.998544
2124,0.3752463162738382,0.9988823
2125,0.3766095321153373,0.9993937
2126,0.37729114019478605,0.9993998
2127,0.37865435603628494,0.9998784
2128,0.37933596411573367,0.9992639
2129,0.38001757187778407,1.0003975
2130,0.3813807880366815,1.0017877
2131,0.3820623957987319,1.0002946
2132,0.38342561164023103,1.0009338
2133,0.38410721971967976,0.9991114
2134,0.3847888277991285,0.9993725
2135,0.3861520436406276,1.0011778
2136,0.38683365172007633,0.9996383
2137,0.38819686756157523,1.0000931
2138,0.3888784756410242,0.9991453
2139,0.38956008340307435,1.0004127
2140,0.3909232995619718,0.999451
2141,0.3916049073240222,0.9993997
2142,0.3922865154034709,1.0007104
2143,0.39364973124497005,1.0001496
2144,0.3943313393244188,0.999302
2145,0.3956945551659179,0.9997776
2146,0.3963761632453666,1.0011986
2147,0.3970577710074168,1.0001205
2148,0.39842098716631447,1.0003123
2149,0.39910259492836464,0.9995458
2150,0.4004658110872621,0.9998964
2151,0.4011474188493125,1.0010165
2152,0.4018290269287612,1.0007696
2153,0.40319224277026033,1.000076
2154,0.40387385084970906,1.0000066
2155,0.4052370666912082,1.0008073
2156,0.4059186747706569,0.9993226
2157,0.40660028285010563,0.9988521
2158,0.40796349869160475,0.9999741
2159,0.4086451064536549,0.999758
2160,0.40932671453310365,0.999551
2161,0.4106899303746028,0.9998268
2162,0.4113715384540515,1.0004629
2163,0.41341636237499935,0.999895
2164,0.41409797045444807,1.000438
2165,0.4154611862959472,0.9980348
2166,0.4161427943753959,0.9992658
2167,0.41750601021689504,0.9996726
2168,0.41818761829634377,1.0004801
2169,0.41886922605839416,1.0018922
2170,0.42023244189989306,0.999544
2171,0.4209140499793418,1.0010354
2172,0.4222772658208409,0.9998053
2173,0.42295887390028963,1.0001715
2174,0.42364048197973836,0.999668
2175,0.4250036978212375,0.9999687
2176,0.4256853059006862,0.9999788
2177,0.4263669136627366,0.9992845
2178,0.42841173758368445,0.9999082
2179,0.4297749537425819,0.9989836
2180,0.4304565615046321,1.0007359
2181,0.431138169584081,1.0002606
2182,0.4325013854255799,0.9997883
2183,0.43318299350502865,1.0012661
2184,0.43454620934652777,0.9998759
2185,0.4352278174259765,1.0000251
2186,0.4359094251880269,0.9996551
2187,0.43727264134692434,1.0000491
2188,0.43795424910897474,1.0005814
2189,0.4393174652678722,0.9994764
2190,0.43999907302992236,0.9989032
2191,0.4406806811093713,1.0002429
2192,0.4420438969508702,1.0000348
2193,0.44272550503031893,1.0001884
2194,0.44340711279236933,0.9997494
2195,0.4447703289512668,1.000523
2196,0.4454519367133172,0.9996707
2197,0.4468151528722146,0.999856
2198,0.447496760634265,1.0000268
2199,0.44817836871371375,1.0024321
2200,0.44954158455521287,0.9999411
2201,0.4502231926346616,1.0002457
2202,0.4515864084761605,1.0003926
2203,0.45226801655560944,0.9983873
2204,0.45294962463505817,1.0006244
2205,0.45431284047655707,1.0001192
2206,0.4549944485560058,0.9994731
2207,0.4563576643975049,0.9995891
2208,0.4570392721595553,0.9995475
2209,0.45772088023900404,0.9987382
2210,0.45908409608050316,1.0004055
2211,0.4597657041599519,0.999892
2212,0.4604473122394006,1.0006516
2213,0.46181052808089973,0.9997362
2214,0.46249213616034845,0.9998116
2215,0.46385535200184735,1.000238
2216,0.4645369600812963,0.9996844
2217,0.4652185678433465,0.9997629
2218,0.4665817840022439,0.9998672
2219,0.4672633917642943,0.9997375
2220,0.46862660760579344,1.000074
2221,0.46930821568524217,0.9998464
2222,0.4699898237646909,1.0003318
2223,0.47135303960619,1.000618
2224,0.47203464768563874,0.9992587
2225,0.47339786352713786,0.999708
2226,0.4740794716065866,1.0005234
2227,0.47476107936863676,1.0003852
2228,0.4761242955275342,1.0003221
2229,0.4768059032895846,0.9999023
2230,0.47748751136903334,0.9991985
2231,0.47885072721053246,1.0019612
2232,0.4795323352899812,1.000641
2233,0.4808955511314803,0.9988532
2234,0.48157715921092903,0.9998433
2235,0.4822587669729792,1.0004766
2236,0.4836219831318769,0.999236
2237,0.48430359089392705,1.0000071
2238,0.4856668070528247,1.0010655
2239,0.4863484148148749,0.9998178
2240,0.4870300228943236,1.0003943
2241,0.48839323873582274,1.0007362
2242,0.48907484681527147,1.000336
2243,0.4904380626567706,0.9994801
2244,0.4911196707362193,0.9990673
2245,0.49180127881566804,0.999318
2246,0.49316449465716716,1.001005
2247,0.49384610241921734,1.0006387
2248,0.4945277104986663,0.9994254
2249,0.4958909263401652,0.9995569
2250,0.4965725344196139,0.999647
2251,0.49793575026111303,0.9996211
2252,0.49861735834056176,0.9996374
2253,0.4992989664200105,0.9991082
2254,-0.4993378177384904,1.0003582
2255,-0.49865620965904167,0.9999952
2256,-0.4966113857380938,0.9982649
2257,-0.49592977797604343,1.0018665
2258,-0.49456656213454453,0.9993067
2259,-0.4938849540550958,0.999529
2260,-0.4925217382135967,0.9995906
2261,-0.49184013013414796,0.9990928
2262,-0.49115852205469923,0.9996785
2263,-0.4897953062132001,1.0005324
2264,-0.4891136981337514,1.0003158
2265,-0.488432090371701,0.9995957
2266,-0.48706887421280354,0.9993487
2267,-0.48638726645075314,0.999026
2268,-0.4850240502918557,0.9990585
2269,-0.4843424425298053,1.0003045
2270,-0.48366083445035657,1.0016454
2271,-0.48229761860885767,1.0001726
2272,-0.48161601052940894,1.0010673
2273,-0.4802527946879098,1.0005584
2274,-0.4795711866084611,1.0001949
2275,-0.4788895788464107,0.9997558
2276,-0.47752636268751325,1.0003502
2277,-0.47684475492546285,1.0006734
2278,-0.4754815387665654,1.0011087
2279,-0.474799931004515,0.999548
2280,-0.4741183229250663,0.9994914
2281,-0.4727551070835674,1.0000777
2282,-0.47207349900411844,0.9998761
2283,-0.47139189124206826,0.9993304
2284,-0.4700286750831708,0.9992205
2285,-0.4693470673211204,0.999378
2286,-0.46798385116222296,1.000331
2287,-0.46730224340017257,1.0016303
2288,-0.46662063532072384,0.9995245
2289,-0.4652574194792247,1.0001025
2290,-0.464575811399776,1.0008626
2291,-0.4632125955582769,1.0009703
2292,-0.46253098747882815,1.0002505
2293,-0.4618493793993794,0.999528
2294,-0.4604861635578805,1.0002617
2295,-0.4598045554784316,0.9990632
2296,-0.4584413396369327,0.9998222
2297,-0.45707812379543356,1.0004324
2298,-0.45571490795393443,1.0010693
2299,-0.4550332998744857,0.9986853
2300,-0.454351691795037,1.0004521
2301,-0.45298847595353786,1.0009744
2302,-0.45230686787408914,1.0002799
2303,-0.45094365203259,1.0000059
2304,-0.4502620439531413,1.0001676
2305,-0.4495804361910911,1.0002589
2306,-0.44821722003219344,1.0000026
2307,-0.44753561227014327,1.0003447
2308,-0.44617239642864415,0.9999017
2309,-0.4454907883491954,0.9990592
2310,-0.4448091802697467,1.0001073
2311,-0.4434459644282476,0.9999705
2312,-0.44276435634879885,1.0001794
2313,-0.4414011405072997,1.0004641
2314,-0.440719532427851,1.0003966
2315,-0.44003792466580083,1.000047
2316,-0.43867470850690315,0.999203
2317,-0.437993100744853,1.0006584
2318,-0.43731149266540426,1.0006408
2319,-0.43594827682390513,1.0007861
2320,-0.4352666687444564,1.0001336
2321,-0.4339034529029573,1.000051
2322,-0.43322184482350856,1.0011149
2323,-0.43254023706145817,1.0000782
2324,-0.4311770209025607,1.0006271
2325,-0.43049541314051054,1.0002257
2326,-0.42913219698161287,0.9993832
2327,-0.4284505892195627,1.000632
2328,-0.42776898114011397,0.9993213
2329,-0.42640576529861485,0.9996532
2330,-0.4257241572191661,0.9991568
2331,-0.424360941377667,0.9997954
2332,-0.4236793332982183,1.0007413
2333,-0.42299772521876955,0.9998645
2334,-0.42163450937727043,1.0004035
2335,-0.42095290161522003,1.0010189
2336,-0.4202712935357713,0.9998314
2337,-0.4189080776942724,1.0015667
2338,-0.4182264696148237,0.9998575
2339,-0.41686325377332456,0.999763
2340,-0.41618164569387583,0.9989753
2341,-0.4155000376144271,1.0010996
2342,-0.414136821772928,1.0006534
2343,-0.41345521369347926,0.9993636
2344,-0.41209199785198014,0.9984328
2345,-0.4114103897725314,1.0002102
2346,-0.410728782010481,0.9994792
2347,-0.4093655661689821,0.9991616
2348,-0.4086839580895332,0.9999798
2349,-0.4073207422480343,1.0004775
2350,-0.40663913416858555,0.9993527
2351,-0.4059575260891366,0.9981046
2352,-0.4045943102476377,1.0000531
2353,-0.403912702168189,1.0002286
2354,-0.4032310944061386,1.0001341
2355,-0.40118627048519073,0.9994451
2356,-0.3998230543262933,0.998829
2357,-0.3991414465642429,1.0001252
2358,-0.39845983848479416,1.0002203
2359,-0.39709662264329526,0.9993769
2360,-0.3950517987223474,1.0000056
2361,-0.3943701906428987,0.9994775
2362,-0.3936885828808483,1.0006769
2363,-0.39232536672195084,0.9984769
2364,-0.39164375895990045,1.0000678
2365,-0.390280542801003,1.0002315
2366,-0.3895989350389526,0.9990357
2367,-0.3889173269595039,0.9994094
2368,-0.38755411111800475,0.9996489
2369,-0.386872503038556,1.0000617
2370,-0.38619089527650585,0.9997051
2371,-0.3848276791176082,0.9997274
2372,-0.384146071355558,1.0007431
2373,-0.38278285519666055,1.0008116
2374,-0.38210124743461016,0.9980893
2375,-0.38141963935516143,1.0001813
2376,-0.3800564235136623,0.9995321
2377,-0.37801159959271446,0.9995927
2378,-0.37732999151326574,0.9994415
2379,-0.376648383433817,0.9987381
2380,-0.3752851675923179,0.9994618
2381,-0.37324034367137027,0.9992261
2382,-0.37255873590931987,0.9986893
2383,-0.37187712782987115,1.0000697
2384,-0.370513911988372,0.9997734
2385,-0.3698323039089233,0.9999911
2386,-0.3691506958294746,1.0000794
2387,-0.36778747998797545,1.0007477
2388,-0.3671058719085267,0.9997051
2389,-0.3657426560670276,0.9997818
2390,-0.3650610479875789,0.9986807
2391,-0.3643794402255287,0.9993902
2392,-0.36301622406663103,0.9998934
2393,-0.36233461630458086,0.9993746
2394,-0.36097140046308174,0.9995195
2395,-0.360289792383633,0.9980536
2396,-0.3596081843041843,1.0004232
2397,-0.35824496846268516,0.9993075
2398,-0.35756336038323644,1.0006858
2399,-0.3562001445417373,0.9988496
2400,-0.3555185364622886,1.0002596
2401,-0.3548369287002384,0.9989819
2402,-0.35347371254134075,1.0001186
2403,-0.35279210477929057,0.9994611
2404,-0.35211049669984185,1.0002001
2405,-0.3507472808583427,0.9994217
2406,-0.350065672778894,0.9990549
2407,-0.3487024569373949,0.9999986
2408,-0.34802084885794615,1.0013288
2409,-0.34733924109589576,0.9989441
2410,-0.3459760249369983,1.0000063
2411,-0.3452944171749479,0.9998831
2412,-0.34393120101605046,1.0003593
2413,-0.3432495932540003,1.0006269
2414,-0.34256798517455134,0.9993957
2415,-0.3405231612536037,1.0006266
2416,-0.3391599454121046,1.0008571
2417,-0.33847833733265587,0.9992381
2418,-0.33779672925320714,0.9995103
2419,-0.336433513411708,0.9985053
2420,-0.3357519056496576,0.9990827
2421,-0.3350702975702089,0.9995058
2422,-0.33370708172871,0.9994587
2423,-0.33302547364926105,0.9995309
2424,-0.3309806497283134,1.0000276
2425,-0.3302990416488645,1.0016665
2426,-0.3289358258073656,0.9999929
2427,-0.32825421772791685,0.9992449
2428,-0.32689100188641773,0.9988857
2429,-0.326209393806969,0.9998824
2430,-0.3255277860449186,1.0002483
2431,-0.3241645702034195,1.0005808
2432,-0.32348296212397076,0.9985983
2433,-0.32211974628247186,1.0001957
2434,-0.3214381382030229,1.0001961
2435,-0.3207565301235742,0.9987784
2436,-0.3193933142820753,1.0002392
2437,-0.31871170620262657,1.0000126
2438,-0.31803009844057617,0.9994908
2439,-0.3166668822816787,0.9997619
2440,-0.3159852745196283,0.9996835
2441,-0.31462205836073087,0.9992594
2442,-0.3139404505986805,1.0004264
2443,-0.31325884251923175,0.9998174
2444,-0.31189562667773263,0.9993229
2445,-0.3112140185982839,1.0001353
2446,-0.309850802756785,1.0007179
2447,-0.30916919467733606,1.001054
2448,-0.3084875869152859,0.9996444
2449,-0.30712437075638843,0.9992898
2450,-0.30644276299433804,1.0017346
2451,-0.3050795468354406,0.9997405
2452,-0.3043979390733902,1.0006468
2453,-0.30235311515244234,0.9998535
2454,-0.3016715070729936,1.0001972
2455,-0.30098989931094344,0.9995906
2456,-0.29962668315204577,1.0007958
2457,-0.2989450753899956,0.9990481
2458,-0.29758185923109814,0.9999437
2459,-0.29690025146904775,0.9998361
2460,-0.296218643389599,0.9986537
2461,-0.2948554275480999,1.0001045
2462,-0.2941738194686512,1.000534
2463,-0.29281060362715206,1.0005588
2464,-0.29212899554770333,0.9994663
2465,-0.28940256354730676,1.0006628
2466,-0.28803934770580764,1.0015245
2467,-0.28735773994375746,0.9997416
2468,-0.28667613186430874,0.9999699
2469,-0.2853129160228096,1.0004663
2470,-0.2846313079433609,1.000679
2471,-0.28394969986391216,0.9992264
2472,-0.28258648402241304,0.9988903
2473,-0.2819048759429643,0.9999148
2474,-0.2805416601014652,0.9995665
2475,-0.27986005202201647,0.9994343
2476,-0.2791784442599661,1.0011798
2477,-0.2778152281010686,1.0006545
2478,-0.27713362033901845,1.0001174
2479,-0.27577040449751933,1.0000278
2480,-0.2750887964180706,0.9990669
2481,-0.2744071883386219,1.0015576
2482,-0.27304397249712276,1.0008085
2483,-0.2709991485761749,0.999487
2484,-0.2703175404967262,0.9991853
2485,-0.2696359327346758,0.9992077
2486,-0.26827271657577834,0.999378
2487,-0.26759110881372816,0.9998354
2488,-0.2669095007342792,1.0000971
2489,-0.2655462848927803,1.0000981
2490,-0.26350146097183247,0.9992956
2491,-0.26281985289238374,0.9992874
2492,-0.26213824513033335,1.0015832
2493,-0.2607750289714359,1.0005207
2494,-0.2600934212093855,0.99926
2495,-0.25873020505048805,0.9994208
2496,-0.25804859728843765,0.9990937
2497,-0.2573669892089889,1.000157
2498,-0.2553221652880413,0.9996865
2499,-0.2539589494465422,1.0004173
2500,-0.25327734136709346,1.0003264
2501,-0.25259573328764473,0.9997553
2502,-0.2505509096840952,0.9988282
2503,-0.2498693016046465,0.9993825
2504,-0.24850608576314737,0.999771
2505,-0.24782447768369864,0.9996078
2506,-0.24646126184219974,1.0010286
2507,-0.2457796537627508,1.0000117
2508,-0.24509804568330207,0.9990687
2509,-0.24373482984180317,0.9991671
2510,-0.24305322176235422,1.0001651
2511,-0.24169000592085532,1.0002584
2512,-0.2410083978414066,0.9996258
2513,-0.2403267900793562,0.9997125
2514,-0.23896357423785708,1.0000513
2515,-0.23828196615840835,1.0004867
2516,-0.2362371422374605,1.0006493
2517,-0.23555553415801178,0.999547
2518,-0.23419231831651288,1.0003024
2519,-0.23282910247501376,1.0001964
2520,-0.2314658863161163,1.0004396
2521,-0.2307842785540659,0.999898
2522,-0.22942106239516846,0.9994893
2523,-0.22873945463311807,1.0003728
2524,-0.22805784655366934,0.9984376
2525,-0.22669463071217022,1.0010872
2526,-0.22464980679122237,0.9996674
2527,-0.22396819871177365,0.9997419
2528,-0.22328659094972347,1.0002784
2529,-0.2219233747908258,1.000492
2530,-0.22124176702877563,1.0004432
2531,-0.21987855086987818,1.0007115
2532,-0.21919694310782778,0.999745
2533,-0.21851533502837905,0.9995643
2534,-0.21715211918687993,0.9993733
2535,-0.2164705111074312,0.9999603
2536,-0.2157889033453808,0.9994637
2537,-0.21442568718648336,1.0005866
2538,-0.2137440794244332,1.0001077
2539,-0.2123808632655355,1.0006615
2540,-0.21169925550348534,1.0014863
2541,-0.2096544315825375,0.9998968
2542,-0.20692799958214092,0.999741
2543,-0.20420156758174435,0.9998356
2544,-0.20283835174024523,1.000137
2545,-0.20215674397819505,1.0009176
2546,-0.20147513589874633,1.0002124
2547,-0.2001119200572472,1.0007858
2548,-0.19943031197779848,1.0002573
2549,-0.19874870389834975,0.9994618
2550,-0.19738548805685063,0.9993085
2551,-0.1967038799774019,1.0001867
2552,-0.19465905605645406,1.0008007
2553,-0.19397744829440366,0.9993466
2554,-0.1926142321355062,1.0003195
2555,-0.19193262437345604,1.0007431
2556,-0.18920619237305947,1.0009452
2557,-0.18784297653156035,0.9999878
2558,-0.1857981526106125,1.0003825
2559,-0.18511654453116377,1.0004684
2560,-0.18307172061021593,1.000572
2561,-0.17966368084776896,0.9992853
2562,-0.17761885692682133,0.9998263
2563,-0.17693724916477094,0.9996629
2564,-0.1755740330058735,0.9996063
2565,-0.1748924252438231,1.0002457
2566,-0.17352920908492564,1.0008292
2567,-0.17284760132287524,1.0002798
2568,-0.17216599324342652,1.0001948
2569,-0.17080277740192762,1.0005969
2570,-0.17012116932247867,0.9999303
2571,-0.1653499137185328,0.9999361
2572,-0.16466830563908408,1.0003646
2573,-0.16330508979758496,0.9992209
2574,-0.1612602658766371,1.0013218
2575,-0.16057865779718838,1.0015325
2576,-0.15989704971773966,0.9997836
2577,-0.15853383387624054,0.9997179
2578,-0.1578522257967918,1.0006943
2579,-0.1564890099552929,0.9997757
2580,-0.1558074018758442,1.0001109
2581,-0.1551257941137938,0.9998069
2582,-0.15376257827229467,0.9993791
2583,-0.15308097019284594,0.9995015
2584,-0.15171775435134682,0.998822
2585,-0.14899132235095025,1.0007945
2586,-0.14830971427150152,0.9995439
2587,-0.14762810650945135,1.0002217
2588,-0.14626489035055368,0.9997318
2589,-0.14422006642960605,1.0009814
2590,-0.14353845866755566,0.9996327
2591,-0.1414936347466078,1.0003216
2592,-0.14081202666715908,0.9997408
2593,-0.13944881082565996,1.0004838
2594,-0.13876720274621124,0.9991428
2595,-0.1367223788252634,0.9991433
2596,-0.13604077106321322,1.0001871
2597,-0.13467755490431577,0.999001
2598,-0.13399594714226537,1.0007988
2599,-0.13331433906281664,1.0000421
2600,-0.13195112322131752,0.999516
2601,-0.1312695151418688,0.9986693
2602,-0.1305879073798184,0.9995003
2603,-0.12922469122092095,1.0002582
2604,-0.12854308345887078,1.0011773
2605,-0.1271798672999731,0.9996491
2606,-0.12649825953792293,1.0006361
2607,-0.1258166514584742,1.0003192
2608,-0.12445343561697508,0.9997722
2609,-0.12240861169602724,0.9995428
2610,-0.12172700361657851,0.9997972
2611,-0.12104539553712979,0.9995073
2612,-0.11968217969563066,0.9997877
2613,-0.11763735577468282,0.999369
2614,-0.11695574801263264,1.0003899
2615,-0.1162741399331837,0.999491
2616,-0.1149109240916848,1.0000618
2617,-0.11218449209128822,0.9995854
2618,-0.10945806009089165,0.9996139
2619,-0.1074132361699438,0.9999365
2620,-0.10673162840789341,1.0001144
2621,-0.10536841256639451,1.0000072
2622,-0.10468680448694578,0.9999298
2623,-0.10400519640749684,1.000342
2624,-0.10264198056599794,0.9989124
2625,-0.10196037248654921,1.0005092
2626,-0.09991554856560136,0.9991266
2627,-0.09923394080355097,1.0005084
2628,-0.09718911688260312,0.9992784
2629,-0.0965075088031544,1.0008191
2630,-0.09446268488220655,0.9999835
2631,-0.09241786096125892,1.0008906
2632,-0.09173625319920853,1.0003408
2633,-0.09037303704031108,1.00092
2634,-0.08969142927826068,0.9994319
2635,-0.08832821311936323,0.9992216
2636,-0.08764660535731283,1.0007468
2637,-0.08696499727786411,0.9995632
2638,-0.08560178143636499,0.9993175
2639,-0.08355695751541736,1.0001288
2640,-0.08287534943596842,0.9989263
2641,-0.08219374135651969,1.0003753
2642,-0.08083052551502079,0.9996506
2643,-0.0801489177529704,1.0009051
2644,-0.07946730967352167,0.9991253
2645,-0.07742248575257382,1.0006581
2646,-0.0760592699110747,0.9992316
2647,-0.07469605375217725,1.000103
2648,-0.0712880139897305,1.0003768
2649,-0.06856158230673226,0.9990562
2650,-0.06651675838578441,0.9995953
2651,-0.06583515030633569,0.9988328
2652,-0.06379032638538784,1.0006338
2653,-0.06310871830593912,0.9993877
2654,-0.06242711054388894,1.0001415
2655,-0.06106389438499127,0.9990384
2656,-0.060382286622941095,1.0003518
2657,-0.05833746270199325,1.0005618
2658,-0.0562926387810454,1.0000939
2659,-0.055611030701596675,1.0008524
2660,-0.054247814860097554,0.9995316
2661,-0.05356620678064883,0.9995607
2662,-0.05288459901859843,0.9997162
2663,-0.05152138285970098,1.0005396
2664,-0.05083977509765081,0.9999024
2665,-0.049476558938753135,0.9996681
2666,-0.04879495117670296,0.9999712
2667,-0.048113343097254235,1.0008875
2668,-0.046750127255755114,0.9997216
2669,-0.04538691141425599,1.0017772
2670,-0.04402369525535854,1.0006104
2671,-0.043342087493308146,0.9996912
2672,-0.041978871334410695,1.0004465
2673,-0.04129726357236052,1.0007367
2674,-0.0365260076510161,0.99998
2675,-0.035844399571567376,1.000034
2676,-0.034481183730068254,1.0002223
2677,-0.03243635980912041,0.9995498
2678,-0.03175475204707001,0.9993855
2679,-0.031073143967621286,1.0006458
2680,-0.029709928126122387,1.000583
2681,-0.02902832004667366,1.000421
2682,-0.028346711967224714,1.0004018
2683,-0.024938672204777967,0.9997006
2684,-0.024257064125329242,0.9992457
2685,-0.023575456363278846,1.0003254
2686,-0.022212240204381395,0.9984422
2687,-0.0201674166008321,1.0011489
2688,-0.019485808521383152,1.0003337
2689,-0.018804200441934427,0.9986722
2690,-0.017440984600435527,1.0004063
2691,-0.01539616067948768,1.0022265
2692,-0.014714552600038955,0.999694
2693,-0.014032944837988559,0.9992485
2694,-0.012669728679091108,1.0005165
2695,-0.011988120917040712,0.9979965
2696,-0.009943296996092865,0.9977983
2697,-0.00926168891664414,0.9984886
2698,-0.007216864995696293,0.9986422
2699,-0.006535257233646119,0.9980792
2700,-0.005172041074748668,0.9982284
2701,-0.004490433312698272,0.9990103
2702,-0.003127217153800821,0.9991029
2703,-0.002445609391750425,0.9991628
2704,-0.0017640013123016995,0.9988578
2705,-0.0004007854708025782,0.9998039
2706,0.0002808226086461474,0.9992219
2707,0.0016440384501450467,0.9985504
2708,0.0023256465295937723,1.000498
2709,0.003007254609042498,0.998372
2710,0.004370470450541841,0.9964413
2711,0.005052078212592015,0.998204
2712,0.0057336862920407405,0.9984787
2713,0.00709690213353964,0.9985328
2714,0.009141726054487709,1.0001224
2715,0.009823334133936434,0.9972452
2716,0.01050494221338516,0.9993803
2717,0.01186815805488406,0.9995208
2718,0.012549766134332785,0.9987201
2719,0.013912981975832128,0.9993267
2720,0.015276197817331028,0.999744
2721,0.01663941365883037,0.9994818
2722,0.017321021738279097,1.000703
2723,0.018684237579777996,0.998835
2724,0.01936584565922672,1.0004433
2725,0.020047453738675447,1.0012994
2726,0.02277388542167369,0.9987795
2727,0.024818709342621315,1.0013126
2728,0.026181925501518766,1.0000404
2729,0.026863533263569384,1.0011777
2730,0.02754514134301811,1.0012006
2731,0.02890835718451701,1.0006928
2732,0.030953181105464633,1.0016759
2733,0.0316347891849138,0.9991853
2734,0.03231639694696398,0.9988484
2735,0.037087652868308396,0.9987924
2736,0.039814084551306195,1.000331
2737,0.041858908472254264,1.0002164
2738,0.044585340472650614,0.9999583
2739,0.04594855631414996,1.0000795
2740,0.04663016439359868,1.0006853
2741,0.04799338023509758,1.0005939
2742,0.04867498831454631,1.0022917
2743,0.049356596393995034,1.0000259
2744,0.05071981223549438,0.9991358
2745,0.0514014203149431,1.0003852
2746,0.052764636156442,1.0007868
2747,0.053446243918492176,0.9996335
2748,0.0541278519979409,0.9996238
2749,0.055491067839440245,0.9987732
2750,0.05617267591888897,1.0004469
2751,0.056854283998337696,0.9989079
2752,0.058217499839836595,0.9997412
2753,0.060262323760784664,0.9994202
2754,0.06162553960228356,0.9994883
2755,0.06571518744417926,1.0000661
2756,0.06639679552362798,0.9995069
2757,0.06844161944457561,0.9990623
2758,0.0725312672864713,1.0008504
2759,0.07321287504852148,1.0011157
2760,0.07389448312797064,1.0013011
2761,0.07593930704891827,0.9996473
2762,0.07730252289041717,1.0001037
2763,0.0779841309698659,1.0000916
2764,0.07866573873191651,1.0016258
2765,0.08002895489081396,1.0006549
2766,0.08207377881176159,0.9996275
2767,0.08480021049475983,0.9991974
2768,0.08548181857420856,0.9997821
2769,0.08752664249515618,0.999736
2770,0.08820825057460491,1.0009616
2771,0.08957146641610425,1.0000162
2772,0.09434272202005012,1.0000068
2773,0.09502433009949884,1.0000649
2774,0.09570593817894757,0.999738
2775,0.09706915402044647,0.9993152
2776,0.0977507620998952,1.0001161
2777,0.10184040962439278,0.9990902
2778,0.1038852335453404,1.0009347
2779,0.10456684162478913,1.0005944
2780,0.1079748813872361,0.9994789
2781,0.10933809754613355,0.9989376
2782,0.11206452922913179,0.9998344
2783,0.11683578515047621,0.9994398
2784,0.11751739291252639,1.0010726
2785,0.11956221683347401,0.9993061
2786,0.12092543299237146,0.9991533
2787,0.12160704075442208,0.999562
2788,0.1236518646753697,1.0003821
2789,0.12433347275481843,0.9999887
2790,0.12705990443781667,0.9992569
2791,0.1291047283587643,0.9997039
2792,0.12978633643821302,1.0004393
2793,0.1318311603591611,1.0004842
2794,0.13319437620066,0.9988362
2795,0.1379656321220044,0.998766
2796,0.13864723988405458,1.0002999
2797,0.1393288479635033,1.0004594
2798,0.1420552799639001,0.9996336
2799,0.143418495805399,1.0005446
2800,0.14410010388484773,0.9992034
2801,0.14682653556784597,0.9997814
2802,0.15023457533029294,0.9989005
2803,0.15091618340974167,0.9997921
2804,0.1515977914891904,0.9979389
2805,0.1529610073306893,0.9996556
2806,0.15568743933108609,0.9999608
2807,0.15636904709313626,1.0005706
2808,0.1577322632520337,0.9996233
2809,0.15841387101408433,0.9995977
2810,0.15909547909353305,0.9998448
2811,0.16045869493503195,0.9994624
2812,0.16114030301448068,0.9983872
2813,0.16250351885597958,1.0013286
2814,0.1631851269354283,1.0004253
2815,0.16522995085637637,1.0006298
2816,0.16591155861842655,0.9997403
2817,0.16795638253937462,1.0002201
2818,0.16863799061882334,0.9986237
2819,0.17068281453977097,1.0003608
2820,0.1727276384607186,0.9993146
2821,0.17340924654016776,0.9998943
2822,0.17477246238166666,0.9999766
2823,0.17613567822316556,0.9984995
2824,0.1774988940646649,1.0010087
2825,0.17818050214411363,1.0005768
2826,0.18022532606506125,1.0003578
2827,0.18090693414450998,0.9994103
2828,0.18227014998600888,0.9996047
2829,0.18295175806545805,0.9994576
2830,0.18431497390695695,0.9995119
2831,0.18499658198640567,0.9994687
2832,0.18567818974845585,0.9995533
2833,0.1870414055899552,0.9998331
2834,0.18772301366940392,1.0003702
2835,0.18908622951090281,1.0000219
2836,0.18976783759035154,1.0003548
2837,0.19044944566980027,0.9989572
2838,0.1918126615112996,0.9999707
2839,0.1931758773527985,1.0014018
2840,0.1972655251946942,0.9994908
2841,0.19931034911564183,1.0003174
2842,0.2013551730365899,1.00069
2843,0.2027183888780888,0.9985155
2844,0.20476321279903642,0.9998999
2845,0.20612642895793387,0.9997761
2846,0.2068080367199845,1.0001737
2847,0.20748964479943321,1.0001946
2848,0.20953446872038084,1.0012799
2849,0.21021607648243146,1.0006208
2850,0.2115792926413289,1.000253
2851,0.21226090040337908,0.9997094
2852,0.21362411656227653,1.0001852
2853,0.2143057243243267,0.9993402
2854,0.21498733240377543,1.0012731
2855,0.21635054824527478,0.9991504
2856,0.2170321563247235,0.9998105
2857,0.21975858832511985,0.999728
2858,0.2211218041666192,0.9997626
2859,0.22316662808756682,0.9994586
2860,0.223848235849617,0.9992416
2861,0.22725627592946251,1.0004633
2862,0.22930109985041014,0.9999209
2863,0.23202753153340838,0.9995089
2864,0.23407235545435645,0.9990326
2865,0.23543557129585535,1.0006172
2866,0.23611717937530408,0.9996797
2867,0.2367987874547528,0.9997026
2868,0.2381620032962517,1.0000079
2869,0.23884361137570043,1.000367
2870,0.24020682721719977,1.0000246
2871,0.24157004305869867,0.9996621
2872,0.24429647505909546,0.9993298
2873,0.24565969090059436,0.9991691
2874,0.2463412989800431,0.9995712
2875,0.2483861229009907,1.0002932
2876,0.25111255458398896,0.9996202
2877,0.2524757707428864,0.9996301
2878,0.253157378504937,0.9994761
2879,0.2558838105053334,1.000851
2880,0.2572470263468323,0.9997821
2881,0.25997345834722907,0.9997694
2882,0.26065506610927924,1.0000971
2883,0.26133667418872797,0.9995819
2884,0.26747114595157173,0.998491
2885,0.2701975779519681,1.0006568
2886,0.2722424015555176,0.9987644
2887,0.2742872254764652,1.0002728
2888,0.27496883355591395,0.999461
2889,0.2756504416353627,1.0000395
2890,0.27769526555631074,0.9994206
2891,0.27974008947725837,1.000166
2892,0.28042169723930854,0.9988452
2893,0.281784913398206,0.9995483
2894,0.2824665211602566,1.0009193
2895,0.28314812923970534,0.9991676
2896,0.28451134508120424,1.0000483
2897,0.28519295316065296,1.0002163
2898,0.2865561690021523,1.0006244
2899,0.28723777708160103,1.001131
2900,0.2920090326855469,0.999601
2901,0.2926906407649956,0.9992965
2902,0.2940538566064945,1.0008991
2903,0.29473546468594325,1.0000641
2904,0.29541707244799387,0.9994539
2905,0.2974618963689415,1.000445
2906,0.2995067202898891,0.9991955
2907,0.3001883283693383,1.0000722
2908,0.3015515442108372,1.0009402
2909,0.3022331522902859,0.999847
2910,0.30427797621123354,0.9995081
2911,0.30495958429068226,0.9998313
2912,0.30700440821163033,1.0003756
2913,0.30836762405312923,1.000259
2914,0.3090492318151794,1.0013875
2915,0.3110940557361275,0.9995755
2916,0.3117756638155762,1.0006233
2917,0.3124572718950249,1.0011151
2918,0.3138204877365238,1.0002742
2919,0.31450209581597255,0.9985271
2920,0.3158653116574719,1.0011664
2921,0.3165469197369206,1.0003694
2922,0.3172285274989708,1.0001497
2923,0.31859174365786824,1.0003358
2924,0.31927335141991886,1.0005287
2925,0.32063656726141776,1.0007184
2926,0.3213181753408665,0.9996061
2927,0.3219997834203152,1.0011896
2928,0.3233629992618141,0.9993789
2929,0.32404460734126284,1.0004882
2930,0.3254078231827622,1.0013836
2931,0.3260894312622109,1.0001735
2932,0.3267710390242611,1.0001357
2933,0.32881586294520915,0.9998791
2934,0.3294974710246579,1.0006987
2935,0.3308606868661568,0.9990634
2936,0.33358711886655357,0.9994455
2937,0.33426872662860374,0.9998528
2938,0.33631355054955137,1.0017004
2939,0.33835837447049943,1.0000875
2940,0.34040319839144706,0.999786
2941,0.3438112384712926,0.9991269
2942,0.3465376701542904,1.0001217
2943,0.3479008859957897,0.9990487
2944,0.34994570991673735,1.0004692
2945,0.35062731799618607,1.000486
2946,0.35267214191713414,0.9999957
2947,0.35335374999658287,1.000614
2948,0.35471696583808177,0.9990425
2949,0.3553985739175305,1.0003877
2950,0.35608018167958067,1.0000096
2951,0.35744339752108,0.9998034
2952,0.35812500560052873,1.0002773
2953,0.35948822144202763,1.0003351
2954,0.36016982952147636,0.9997934
2955,0.36221465344242443,1.0017571
2956,0.36289626152187315,0.9998119
2957,0.3649410854428208,1.0011033
2958,0.36562269320487095,1.0007346
2959,0.36698590936376885,1.0007633
2960,0.367667517125819,1.0000232
2961,0.36834912520526775,0.9999961
2962,0.36971234104676665,1.0003056
2963,0.37039394912621537,1.0008852
2964,0.3717571649677147,1.0009533
2965,0.37243877304716344,0.9991632
2966,0.3731203808092136,1.0015127
2967,0.37448359696811107,1.0004646
2968,0.37516520473016124,0.9999419
2969,0.37652842088905913,0.9995787
2970,0.3772100286511093,0.9992224
2971,0.37789163673055803,0.9997548
2972,0.3806180684135563,1.0000618
2973,0.3819812845724537,0.9997599
2974,0.38470771625545197,0.9997728
2975,0.3887973640973472,0.9999965
2976,0.39016058025624467,1.0004562
2977,0.391523796097744,0.9982609
2978,0.39356862001869164,1.0002482
2979,0.39425022778074226,0.9992537
2980,0.394931835860191,0.9993613
2981,0.3962950517016899,0.999119
2982,0.3969766597811386,0.9993479
2983,0.39765826786058733,1.0003584
2984,0.39902148370208623,1.0003358
2985,0.3997030917815354,0.9989933
2986,0.4024295234645332,0.9987461
2987,0.40447434738548127,0.9995931
2988,0.40583756322698017,0.9987376
2989,0.4085639952273765,0.9998747
2990,0.4092456033068257,0.99965
2991,0.4106088191483246,1.0001373
2992,0.4112904272277733,1.0006601
2993,0.4119720349898235,1.0004736
2994,0.4146984669902203,1.0000009
2995,0.4160616828317192,0.9998041
2996,0.4167432909111679,1.0004122
2997,0.41946972259416615,0.9999262
2998,0.4215145465151138,1.0018266
2999,0.4228777626740112,0.9995158
3000,0.42355937043606184,1.0009957
3001,0.4262858024364582,0.9995853
3002,0.42764901827795754,0.9998815
3003,0.42833062635740626,0.9995686
3004,0.4303754502783539,0.9995878
3005,0.4317386661198528,0.9992579
3006,0.43310188196135213,1.000528
3007,0.43514670588229976,0.9994247
3008,0.4358283139617485,1.0004998
3009,0.4365099220411972,1.0002647
3010,0.43787313788269655,1.0004231
3011,0.4405995698830929,0.9998634
3012,0.4412811776451431,1.0002873
3013,0.4426443934866424,0.9994856
3014,0.44332600156609114,1.0010655
3015,0.44468921740759004,0.9997367
3016,0.44537082548703877,1.0001292
3017,0.4460524335664875,0.9997005
3018,0.44741564940798684,0.9992681
3019,0.44877886524948574,0.9994065
3020,0.4501420814083832,0.9999619
3021,0.45082368917043336,0.9987847
3022,0.45218690532933126,1.0001239
3023,0.45491333701232906,1.0003657
3024,0.4555949450917778,1.0000006
3025,0.4569581609332771,0.999621
3026,0.458321376774776,0.9995464
3027,0.4596845929336735,0.999785
3028,0.4603662006957241,1.0002334
3029,0.46172941685462154,1.0000107
3030,0.4624110246166717,0.9998089
3031,0.46309263269612044,0.9999916
3032,0.46445584853761934,0.9991553
3033,0.46513745661706807,1.0000889
3034,0.4658190643791187,1.0002603
3035,0.4678638883000663,0.9992096
3036,0.46922710445896376,0.9996385
3037,0.4699087122210144,0.9998474
3038,0.4705903203004631,0.9993147
3039,0.47467996814235836,0.9997966
3040,0.4753615762218075,1.0009237
3041,0.4767247920633064,0.9992555
3042,0.47740640014275515,1.0002838
3043,0.4814960476672523,0.9999695
3044,0.4842224796676491,1.0008896
3045,0.48899373558899306,0.9992005
3046,0.4896753433510437,0.9995556
3047,0.4910385591925426,1.0019893
3048,0.4917201672719913,1.0004261
3049,0.495809815113887,0.9996664
3050,0.4971730309553859,1.0002132
3051,0.49853624711428335,0.9993911
3052,0.49921785487633397,0.9980155
3053,0.4998994629557827,1.0005421
3054,-0.4980557131232697,1.0008996
3055,-0.49669249728177034,0.9986313
3056,-0.4960108892023216,0.9997138
3057,-0.49532928144027144,1.0003291
3058,-0.4932844575193238,1.0003805
3059,-0.49192124136042636,1.0002607
3060,-0.49123963359837575,0.9997769
3061,-0.490558025518927,0.9997942
3062,-0.4885132015979794,0.9985444
3063,-0.48714998575648005,0.9994002
3064,-0.4864683776770313,0.9999968
3065,-0.4844235537560837,0.9999441
3066,-0.4830603379145848,0.9996255
3067,-0.48169712207308546,0.9999732
3068,-0.47351782638929407,0.9992058
3069,-0.4721546105477952,1.000018
3070,-0.47147300246834645,0.9997291
3071,-0.4694281785473988,0.9997275
3072,-0.4687465704679501,0.9997716
3073,-0.46738335462645075,1.0002987
3074,-0.466701746547002,1.0010931
3075,-0.46602013878495185,0.9997134
3076,-0.4646569226260544,0.9985646
3077,-0.4639753148640038,0.9993017
3078,-0.46261209870510633,1.0006151
3079,-0.46193049094305616,0.9992022
3080,-0.46124888286360743,0.9992364
3081,-0.45988566702210854,1.0001748
3082,-0.4592040589426598,1.0005327
3083,-0.45784084310116047,0.9999376
3084,-0.45715923502171174,0.999822
3085,-0.45647762725966157,1.0013001
3086,-0.4544328033387135,0.9998708
3087,-0.45170637133831715,0.9996627
3088,-0.45034315549681825,1.0002668
3089,-0.4496615474173695,1.0012845
3090,-0.4489799396553189,0.9997381
3091,-0.44761672349642145,1.0001455
3092,-0.4469351157343713,0.9998348
3093,-0.44557189957547383,0.9987377
3094,-0.4448902918134232,1.0002843
3095,-0.4442086837339745,0.9997851
3096,-0.44080064397152796,0.9996345
3097,-0.4401190358920788,0.9997943
3098,-0.43943742781263007,0.9999494
3099,-0.43807421197113117,0.9998193
3100,-0.43739260389168244,1.0017224
3101,-0.43602938805018354,0.9990333
3102,-0.4353477802881329,1.000013
3103,-0.4346661722086842,1.0004742
3104,-0.4333029563671853,0.9999096
3105,-0.4326213482877366,0.999804
3106,-0.43193974020828785,0.9998221
3107,-0.4285317004458409,0.9990764
3108,-0.427168484604342,0.9997747
3109,-0.4251236606833939,1.0005535
3110,-0.42239722868299756,0.9993781
3111,-0.4189891889205506,0.9992253
3112,-0.41830758084110187,1.0003801
3113,-0.4176259730790517,1.0022844
3114,-0.4162627569201538,1.0005417
3115,-0.4155811491581036,1.0003588
3116,-0.413536325237156,1.0004868
3117,-0.4128547171577073,1.0006827
3118,-0.41149150131620793,1.0015127
3119,-0.4108098932367592,1.0000923
3120,-0.4087650693158116,0.9997067
3121,-0.4080834615537614,0.9990366
3122,-0.4067202453948635,1.0001257
3123,-0.4053570295533646,0.9997993
3124,-0.403312205632417,0.9992611
3125,-0.40194898979091764,0.9996265
3126,-0.4005857736320202,1.000209
3127,-0.3992225577905213,0.9991368
3128,-0.3985409500284711,0.9991
3129,-0.39785934194902195,0.9999514
3130,-0.39649612610752305,0.9994817
3131,-0.3958145180280743,0.9995881
3132,-0.3944513021865754,0.9999104
3133,-0.3937696941071267,0.9997629
3134,-0.393088086027678,1.0005919
3135,-0.39172487018617863,0.9999392
3136,-0.3889984381857823,0.9997174
3137,-0.38695361458223276,1.0001546
3138,-0.38627200650278404,1.0010162
3139,-0.38490879066128514,0.9998493
3140,-0.38218235866088834,1.0012891
3141,-0.379455926660492,0.9992351
3142,-0.3774111027395439,1.0009756
3143,-0.37672949497749375,0.9984483
3144,-0.376047886898045,1.0001686
3145,-0.3746846710565461,1.0003247
3146,-0.37263984713559806,1.0003061
3147,-0.37195823905614933,0.9992098
3148,-0.37127663129409916,1.0008964
3149,-0.36718698345220346,1.0008771
3150,-0.36514215953125584,1.0001474
3151,-0.36446055145180667,0.9999266
3152,-0.3637789436897565,1.0004727
3153,-0.36173411976880887,0.9996257
3154,-0.3603709036099114,1.0000438
3155,-0.3596892958478608,1.0003265
3156,-0.3590076877684121,0.9997027
3157,-0.35696286384746445,0.9999694
3158,-0.3549180399265164,0.9999186
3159,-0.35287321600556876,1.0004338
3160,-0.35219160792612003,1.0002833
3161,-0.35082839208462113,0.9992254
3162,-0.3501467843225705,0.9996332
3163,-0.3494651762431218,0.9994403
3164,-0.3481019604016229,0.9993938
3165,-0.34742035232217416,0.999988
3166,-0.34673874424272544,0.9992672
3167,-0.3453755284012261,0.9997905
3168,-0.34469392032177737,0.9988824
3169,-0.34264909640082974,1.0005113
3170,-0.34196748863877957,0.9985424
3171,-0.3406042724798817,0.9990967
3172,-0.3399226647178315,1.0010902
3173,-0.3385594488763326,0.9990595
3174,-0.33719623271743515,0.9993933
3175,-0.3358330168759358,0.9988743
3176,-0.3351514087964871,1.0000821
3177,-0.3337881929549882,1.0006
3178,-0.33310658487553946,0.9992788
3179,-0.3324249771134893,0.9992599
3180,-0.3310617609545914,1.0005089
3181,-0.3303801531925412,1.0002226
3182,-0.3296985451130925,0.9989911
3183,-0.32765372119214486,1.0003209
3184,-0.3262905053506455,1.0006907
3185,-0.32356407335024917,1.00074
3186,-0.322882465588199,0.9998941
3187,-0.3215192494293011,0.9986594
3188,-0.32083764166725093,1.0006535
3189,-0.3201560335878022,0.9999924
3190,-0.3187928177463033,0.9987637
3191,-0.3181112096668546,1.0006474
3192,-0.31674799382535523,1.0002236
3193,-0.3160663857459065,0.9995308
3194,-0.3153847776664578,0.9995505
3195,-0.31265834598345954,0.9999427
3196,-0.31129513014196064,0.9992867
3197,-0.309250306221013,0.9992051
3198,-0.3085686981415643,0.9990581
3199,-0.30788709006211556,1.0013533
3200,-0.3065238742206162,0.9993504
3201,-0.30379744222021987,0.9989394
3202,-0.30311583445816925,0.999268
3203,-0.30175261861667035,0.9995835
3204,-0.30107101053722163,0.9975005
3205,-0.29970779469572273,0.9991536
3206,-0.299026186616274,1.0002303
3207,-0.29834457853682483,0.9985832
3208,-0.29698136269532593,0.999828
3209,-0.29561814685382704,1.0000247
3210,-0.2942549306949296,0.9997917
3211,-0.29357332293287897,0.9986008
3212,-0.29152849901193134,0.9998287
3213,-0.2908468909324826,0.9996984
3214,-0.28743885117003565,0.9997184
3215,-0.2867572430905869,0.9999519
3216,-0.28198598748664105,1.0005449
3217,-0.28130437940719233,1.0003575
3218,-0.279941163565693,0.998897
3219,-0.2785779477241941,1.0002421
3220,-0.27721473156529663,1.0000212
3221,-0.275169907644349,1.0002034
3222,-0.2744882998822984,0.9993526
3223,-0.27176186788190204,1.0002461
3224,-0.2703986520404027,1.0016669
3225,-0.269717043960954,1.0014076
3226,-0.2656273961190587,0.9986669
3227,-0.2642641802775594,1.0002574
3228,-0.26221935635661175,0.9992918
3229,-0.25949292435621496,1.0017684
3230,-0.25812970851471606,0.9989054
3231,-0.25744810043526734,0.9999696
3232,-0.25676649267321716,0.9992987
3233,-0.25267684483132147,0.9997231
3234,-0.25199523675187274,0.9994127
3235,-0.2506320209103734,0.9993848
3236,-0.24858719698942577,1.0010673
3237,-0.24722398114792643,1.001511
3238,-0.24586076498902898,1.0000312
3239,-0.2451791572269788,0.9992988
3240,-0.24449754914753008,1.001204
3241,-0.24313433330603118,0.9991248
3242,-0.24245272522658246,0.9990159
3243,-0.2410895093850831,0.9995461
3244,-0.24040790130563439,1.000359
3245,-0.2397262935435842,0.9997198
3246,-0.23563664570168852,0.9981316
3247,-0.2349550376222398,1.0009136
3248,-0.23291021370129217,0.9992716
3249,-0.23154699785979282,0.9994812
3250,-0.2308653897803441,0.999549
3251,-0.23018378170089537,0.9999508
3252,-0.22882056585939647,0.9989575
3253,-0.22813895809734586,0.9981011
3254,-0.22745735001789713,1.0001677
3255,-0.22609413417639823,1.0007922
3256,-0.2240493102554506,1.0003991
3257,-0.22336770217600188,1.0002935
3258,-0.2226860940965527,0.9995549
3259,-0.2213228782550538,1.0006459
3260,-0.2206412701756051,0.9988847
3261,-0.2192780543341062,1.0001775
3262,-0.21859644625465746,0.9994501
3263,-0.21314358257126242,1.000295
3264,-0.21178036672976353,1.0002642
3265,-0.2110987586503148,0.999879
3266,-0.21041715088826463,1.000593
3267,-0.20905393472936717,0.9991791
3268,-0.20837232696731656,0.999666
3269,-0.2070091108084191,1.0009825
3270,-0.20632750304636893,1.0005977
3271,-0.2056458949669202,1.000387
3272,-0.20428267912542086,1.0014629
3273,-0.20223785520447324,1.0003272
3274,-0.20087463936297434,0.9988528
3275,-0.1995114232040769,1.0015373
3276,-0.19882981544202627,0.999838
3277,-0.19746659928312882,1.0008955
3278,-0.19610338344162992,1.0001867
3279,-0.19474016760013058,0.9997615
3280,-0.19337695175863168,1.0005073
3281,-0.18928730391673598,1.0003382
3282,-0.18860569583728726,0.9999605
3283,-0.18724247999578836,1.0012645
3284,-0.18656087191633963,1.0005755
3285,-0.1851976560748403,1.0005114
3286,-0.18247122407444394,1.0005037
3287,-0.1817896159949952,1.0015957
3288,-0.18042640015349587,1.0006229
3289,-0.1797447923914457,0.9994186
3290,-0.17906318431199697,1.0011685
3291,-0.17769996847049807,0.9997162
3292,-0.17633675231160062,0.9989435
3293,-0.17429192839065255,1.0010973
3294,-0.17292871254915365,0.9994015
3295,-0.17224710446970493,0.9998671
3296,-0.1715654967076543,0.9994345
3297,-0.16952067278670668,0.9997634
3298,-0.16815745694520778,1.0000115
3299,-0.16747584886575906,1.0008356
3300,-0.16679424078631033,0.9989815
3301,-0.16474941686536226,1.001883
3302,-0.16338620102386336,1.0008032
3303,-0.16270459294441464,1.0000302
3304,-0.1545252975780218,0.9992198
3305,-0.15248047365707373,1.00044
3306,-0.15111725749817628,0.9996635
3307,-0.14839082581517848,0.9994737
3308,-0.14498278573533296,1.0009115
3309,-0.14293796213178345,1.0001301
3310,-0.14089313821083582,1.0002834
3311,-0.13816670621043903,1.0006048
3312,-0.1374850981309903,1.0007265
3313,-0.13407705836854378,1.0005387
3314,-0.13135062668554554,0.9990658
3315,-0.1306690186060968,1.0002578
3316,-0.12930580276459747,1.0004558
3317,-0.12862419468514874,0.998723
3318,-0.12521615492270222,0.9982799
3319,-0.12385293876380477,1.0021843
3320,-0.12317133100175415,0.9995549
3321,-0.1218081148428567,1.0001818
3322,-0.12112650708080652,0.9992985
3323,-0.11840007508040973,0.9999194
3324,-0.11703685923891083,0.9999676
3325,-0.1163552511594621,0.9997092
3326,-0.11226560331756641,0.9997047
3327,-0.11158399555551624,1.0001069
3328,-0.10885756355511944,0.9993176
3329,-0.10681273963417182,0.9999413
3330,-0.10476791571322375,0.9985143
3331,-0.10408630795117357,0.9989514
3332,-0.09454379642588329,1.0000602
3333,-0.09386218834643456,0.9997912
3334,-0.08977254050453887,0.9990288
3335,-0.08772771658359124,0.999409
3336,-0.0863645007420919,0.9993263
3337,-0.08500128458319445,1.0004124
3338,-0.08431967682114427,1.0011985
3339,-0.08295646097964537,0.9996194
3340,-0.08227485290019665,0.999038
3341,-0.08023002897924858,0.9993466
3342,-0.07750359697885223,0.999751
3343,-0.07545877305790416,0.9994048
3344,-0.07477716529585399,1.0005661
3345,-0.07205073329545719,1.0011539
3346,-0.0693243016124594,1.0001626
3347,-0.06727947769151132,0.9999935
3348,-0.05569214224527341,0.99967
3349,-0.053647318324325344,1.0002919
3350,-0.04887606240298137,1.0003962
3351,-0.0454680226405344,0.9999013
3352,-0.04410480679903506,0.9997439
3353,-0.042741590640137606,1.0002178
3354,-0.04069676671918998,0.999604
3355,-0.04001515895713981,0.9995715
3356,-0.03865194279824191,1.0008686
3357,-0.03592551111524411,1.0000841
3358,-0.03319907911484732,1.000097
3359,-0.03183586327334842,1.0000846
3360,-0.03047264743184952,1.000866
3361,-0.02842782351090145,1.0000169
3362,-0.027064607352004,1.0002836
3363,-0.0257013915105051,0.9998148
3364,-0.02365656758955703,1.0009248
3365,-0.022974959827506858,0.9996668
3366,-0.02093013590655879,1.0003565
3367,-0.018885311985611164,1.0002822
3368,-0.01820370390616244,0.9987287
3369,-0.01684048806466354,0.9990422
3370,-0.01479566414371547,1.000229
3371,-0.013432447984818019,0.9998253
3372,-0.01206923214331912,0.9989902
3373,-0.011387624063870394,0.9992903
3374,-0.01002440822237105,0.9985661
3375,-0.009342800460320877,1.00061
3376,-0.008661192380872151,0.9974369
3377,-0.007297976539373252,0.9980514
3378,-0.0066163684599245265,0.9980989
3379,-0.005934760380475357,0.9984619
3380,-0.0025267206180288326,0.9984691
3381,0.0008813191444181356,0.9980078
3382,0.0029261430653657605,0.9980084
3383,0.00360775114481493,0.9989111
3384,0.0049709669863138295,0.998119
3385,0.009742222907658249,1.0002643
3386,0.010423830669708423,0.9977804
3387,0.011105438749157148,0.9990015
3388,0.012468654590656492,0.9988456
3389,0.015195086591052842,0.9998072
3390,0.015876694353103016,1.0006931
3391,0.020647950274447435,0.9988886
3392,0.02201116611594678,0.9995292
3393,0.022692774195395504,1.0008243
3394,0.024055990036894404,1.0013205
3395,0.026782422037290754,0.9994675
3396,0.027464029799341372,1.0003176
3397,0.029508853720288997,1.0003249
3398,0.031553677641237066,0.9988033
3399,0.03291689380013452,1.0002568
3400,0.03496171772108214,1.0004807
3401,0.036324933562581485,1.0009469
3402,0.037688149404080384,0.9990597
3403,0.039051365245579284,1.0006532
3404,0.04109618916652735,1.0006566
3405,0.0438226211669237,0.9998158
3406,0.04450422924637243,0.998941
3407,0.0465490531673205,1.0007689
3408,0.04723066092937067,0.9997823
3409,0.051320308771266365,0.9995632
3410,0.05200191685071509,1.0011283
3411,0.054046740771662716,1.0004443
3412,0.05677317245466096,0.9990003
3413,0.05813638861355841,0.9989173
3414,0.063589252296953,1.000781
3415,0.0690421159803476,0.9996047
3416,0.07176854798074439,1.000025
3417,0.07313176382224329,0.9994588
3418,0.07381337190169202,0.9993517
3419,0.07517658774319136,0.9991445
3420,0.07585819550524153,0.9993143
3421,0.07653980358469026,0.9997117
3422,0.07790301942618916,1.00073
3423,0.07858462750563833,1.0004728
3424,0.07926623558508705,1.0000785
3425,0.0833558834269823,1.0003366
3426,0.08403749118903292,0.9999861
3427,0.08608231510998055,1.0005532
3428,0.08880874711037734,1.0001599
3429,0.09017196295187624,0.9995959
3430,0.09085357103132496,1.000577
3431,0.09221678687282386,1.0001018
3432,0.09289839495227259,1.0000158
3433,0.09358000271432321,0.9992655
3434,0.09562482663527083,0.9991808
3435,0.09630643471471956,0.9992796
3436,0.10039608255661525,1.0004701
3437,0.1031225142396135,0.9992372
3438,0.10516733816056112,0.9994812
3439,0.10789377016095791,1.0004421
3440,0.10925698600245681,0.999948
3441,0.11539145776530013,0.9995473
3442,0.11811788976569693,1.0002908
3443,0.11948110560719583,1.0004693
3444,0.1215259295281439,0.9999082
3445,0.12220753760759262,0.9997889
3446,0.1228891453696428,1.0011437
3447,0.1242523612111417,0.9992665
3448,0.12493396929059042,1.0006318
3449,0.1276604012909872,0.9995257
3450,0.12970522521193484,1.0005204
3451,0.13038683297398546,1.000863
3452,0.1385661286577764,0.9997055
3453,0.13924773673722513,0.9996584
3454,0.1412925606581732,1.0006274
3455,0.14333738457912082,1.0001097
3456,0.144018992341171,1.0005181
3457,0.14606381626211906,1.0008252
3458,0.14742703210361796,0.9988524
3459,0.14947185602456603,0.9984546
3460,0.15083507218346348,1.0001665
3461,0.15151667994551365,1.0005215
3462,0.15628793586685807,1.0002874
3463,0.16037758370875377,1.0001527
3464,0.16105919147080394,0.9996243
3465,0.163104015391752,1.0002361
3466,0.16583044739214836,0.9989969
3467,0.1665120554715971,0.9994228
3468,0.16923848715459533,0.9989231
3469,0.17060170331349278,1.0006575
3470,0.17878099867988562,1.0008573
3471,0.18082582260083324,0.9997995
3472,0.18355225460123004,1.0002868
3473,0.18491547044272894,0.9992177
3474,0.18559707852217766,1.0013059
3475,0.18764190244312573,1.0015234
3476,0.19309476612652032,0.999677
3477,0.19445798196801922,1.0008379
3478,0.19582119812691667,0.9993026
3479,0.19718441396841602,1.0001307
3480,0.1978660217304662,0.9991736
3481,0.19854762980991492,0.9992068
3482,0.20059245373086254,0.9991277
3483,0.2026372776518106,1.0006856
3484,0.20331888573125934,0.9990974
3485,0.20536370965220696,1.0001392
3486,0.2067269254937063,1.0000642
3487,0.2080901413352052,0.9995121
3488,0.2094533571767041,1.0005861
3489,0.21149818109765217,0.9996049
3490,0.21490622117749725,0.9995669
3491,0.21558782893954787,1.0001283
3492,0.2176326528604955,0.9997664
3493,0.21899586901939294,0.9997883
3494,0.21967747678144312,1.0001267
3495,0.2237671246233388,1.0008026
3496,0.22513034046483815,1.0002071
3497,0.2264935566237356,0.9992025
3498,0.22717516438578578,1.0001588
3499,0.23126481222768147,0.9983837
3500,0.23262802806918037,0.9998243
3501,0.23467285199012844,1.0003129
3502,0.2360360681490259,0.9994955
3503,0.2373992839905248,0.9998317
3504,0.23876249983202413,1.0006419
3505,0.24080732375297176,1.0019471
3506,0.2435337557533681,0.999389
3507,0.24557857967431618,1.000273
3508,0.24898661943676315,1.0001933
3509,0.24966822751621187,1.0004317
3510,0.25375787535810757,0.9997506
3511,0.25443948312015774,0.9993292
3512,0.2558026992790552,1.0002528
3513,0.25852913096205343,1.0002462
3514,0.26057395488300106,1.0007866
3515,0.2612555629624498,0.9993975
3516,0.263981994645448,0.9999862
3517,0.26602681856639565,0.999602
3518,0.26875325056679245,0.998727
3519,0.27147968224979024,0.9995485
3520,0.27284289840868814,1.0000082
3521,0.2735245061707383,0.9993557
3522,0.27488772232963576,1.0013408
3523,0.27829576209208273,1.0003634
3524,0.2810221940924791,1.0005777
3525,0.2823854099339784,1.0003778
3526,0.2830670176960286,1.0027727
3527,0.28579344969642495,1.0004648
3528,0.287838273617373,0.9994439
3529,0.28851988169682175,0.9996139
3530,0.28988309753832064,0.9996459
3531,0.2946543531422665,0.999663
3532,0.2973807851426633,0.9996351
3533,0.3021520410640077,0.9993308
3534,0.3028336488260579,1.0006993
3535,0.30419686498495535,1.000107
3536,0.3069232966679536,1.0011819
3537,0.30964972866834994,0.9993454
3538,0.31033133643040056,1.0001556
3539,0.311694552589298,0.9999724
3540,0.3123761603513482,1.000077
3541,0.31442098427229626,1.0011573
3542,0.315102592351745,0.9985915
3543,0.3164658081932439,0.9997844
3544,0.3178290240347428,0.9987264
3545,0.31919224019364023,0.9997169
3546,0.31987384795569085,0.9989178
3547,0.32464510387703527,0.9996271
3548,0.3294163597983797,1.0004737
3549,0.3307795756398786,1.0003281
3550,0.33350600732287683,1.0009812
3551,0.33418761540232556,0.9994824
3552,0.3362324393232732,0.9996423
3553,0.3369140474027219,1.0005932
3554,0.3416853030066678,0.9985263
3555,0.34373012692761584,0.999644
3556,0.34441173500706457,0.9995712
3557,0.34918299061101044,1.0004016
3558,0.3505462067699079,0.9993094
3559,0.3519094226114068,0.9993755
3560,0.35327263845290613,0.999624
3561,0.35395424653235485,1.0028484
3562,0.3559990704533025,0.99915
3563,0.3587255021363007,1.0003438
3564,0.3600887182951982,0.9999021
3565,0.36077032605724835,1.0007412
3566,0.3614519341366971,1.0001578
3567,0.36349675805764514,1.0003714
3568,0.3662231900580415,0.999203
3569,0.368268013661591,1.0008973
3570,0.37099444566198736,0.999131
3571,0.3723576615034867,1.0002851
3572,0.3771289174248311,0.9999811
3573,0.37781052550427985,1.0005994
3574,0.3825817811082257,1.0006059
3575,0.38326338918767444,1.0004217
3576,0.38462660502917334,0.9999003
3577,0.38530821310862207,1.0002554
3578,0.3859898208706727,0.9995323
3579,0.38735303702957014,1.0006051
3580,0.3880346447916203,0.9989939
3581,0.38939786095051776,0.9991467
3582,0.3900794687125684,1.0004897
3583,0.39280590071296473,1.0010257
3584,0.3941691165544636,0.999548
3585,0.39485072463391235,0.9999451
3586,0.3968955485548604,0.9985289
3587,0.3975771563169106,1.0008501
3588,0.39894037247580805,1.0001362
3589,0.39962198023785866,1.0008374
3590,0.4003035883173074,0.9993856
3591,0.4016668041588063,0.9997746
3592,0.402348412238255,0.9995517
3593,0.4030300200003052,1.0006616
3594,0.4112093156840966,0.9981913
3595,0.4118909237635453,0.9994754
3596,0.41257253184299403,1.0002335
3597,0.41393574768449337,0.9995212
3598,0.4146173557639421,1.0002873
3599,0.415980571605441,0.999024
3600,0.41666217936749117,1.0011727
3601,0.4173437874469399,1.0002735
3602,0.41870700328843924,0.9984086
3603,0.41938861136788796,1.0003872
3604,0.4200702194473367,1.0003274
3605,0.4214334352888356,1.0000288
3606,0.4221150433682843,0.9995555
3607,0.42347825920978366,0.9994207
3608,0.4241598672892324,0.9991818
3609,0.42484147505128256,0.9992555
3610,0.42620469121018,1.0021575
3611,0.4268862989722302,0.9995024
3612,0.4282495148137295,0.9989616
3613,0.42893112289317825,1.0005081
3614,0.429612730972627,1.000631
3615,0.4309759468141259,0.9990199
3616,0.4316575548935746,0.9993254
3617,0.43302077073507395,0.9993052
3618,0.43370237881452267,0.9999481
3619,0.43438398657657284,1.0005491
3620,0.4357472027354703,1.0000513
3621,0.43642881049752047,0.999932
3622,0.4371104185769692,0.9996639
3623,0.43847363441846854,0.9999693
3624,0.43915524249791726,0.9995606
3625,0.44051845833941616,0.9992838
3626,0.4412000664188649,1.0001347
3627,0.4418816741809155,0.9993391
3628,0.44324489033981296,1.0003326
3629,0.44392649810186313,1.0004682
3630,0.4452897142607606,1.0004327
3631,0.44597132202281076,1.0001864
3632,0.4466529301022595,1.000766
3633,0.4480161459437588,0.9997112
3634,0.44869775402320755,0.9998333
3635,0.45006096986470645,1.0000456
3636,0.4507425779441552,0.9992876
3637,0.4514241860236039,1.0002273
3638,0.45278740186510325,0.9999329
3639,0.4534690096271534,1.0008205
3640,0.45415061770660214,1.0009465
3641,0.45551383354810104,1.0
3642,0.4561954416275502,0.9991092
3643,0.4575586574690491,1.0001752
3644,0.45824026554849784,0.9999615
3645,0.45892187362794656,1.0005576
3646,0.46028508946944546,1.0003782
3647,0.4609666975488942,1.0000786
3648,0.46232991339039353,0.9999708
3649,0.46301152146984226,0.9992741
3650,0.46369312923189243,0.9998872
3651,0.4650563450733918,0.9994408
3652,0.4657379531528405,1.0006032
3653,0.4671011689943394,0.9996769
3654,0.4677827770737881,1.0007323
3655,0.46846438515323685,0.999264
3656,0.46982760099473575,1.0011988
3657,0.4705092090741845,0.9986052
3658,0.4711908168362351,0.999446
3659,0.47255403299513254,0.9995322
3660,0.4732356407571827,1.0005066
3661,0.47459885691608017,1.0000334
3662,0.4752804646781308,0.9992057
3663,0.4759620727575795,0.9997896
3664,0.4773252885990784,1.0003722
3665,0.47800689667852714,0.998849
3666,0.47937011252002604,1.0001955
3667,0.4800517205994752,0.9993054
3668,0.4807333283615254,0.9993636
3669,0.48209654452042283,1.0000583
3670,0.482778152282473,0.9998148
3671,0.48414136844137046,1.0001195
3672,0.4848229762034211,0.9996633
3673,0.4855045842828698,1.0005943
3674,0.4868678001243687,0.9999135
3675,0.4875494082038174,0.999781
3676,0.4882310159658676,0.9989265
3677,0.4895942321247655,0.9999686
3678,0.49027583988681567,1.0003009
3679,0.4916390560457131,0.9997491
3680,0.4923206638077633,0.9996085
3681,0.493002271887212,1.0000604
3682,0.49436548772871136,0.9999454
3683,0.4950470958081601,0.9992775
3684,0.496410311649659,0.9986123
3685,0.4970919197291077,1.0006838
3686,0.49777352780855644,0.999902
3687,0.4991367436500558,1.0006381
3688,0.4998183517295045,0.9995394
3689,-0.4988184324289966,0.9988374
3690,-0.4981368246669464,1.0002649
3691,-0.4974552165874977,1.0007908
3692,-0.49609200074599835,1.0009273
3693,-0.4954103926665496,1.0001728
3694,-0.4947287845871009,0.9994102
3695,-0.493365568745602,0.999922
3696,-0.4926839606661533,1.0003573
3697,-0.49132074482465393,1.0006565
3698,-0.4906391367452052,0.9997102
3699,-0.48995752898315503,1.0009081
3700,-0.4885943128242576,1.0002726
3701,-0.4879127050622074,0.9997552
3702,-0.48654948922070806,0.9993907
3703,-0.48586788114125934,0.9996316
3704,-0.4851862730618106,0.999483
3705,-0.4838230572203117,0.9996238
3706,-0.483141449140863,1.0001369
3707,-0.48177823329936365,0.9997646
3708,-0.4810966252199149,0.9994123
3709,-0.48041501745786475,0.9997759
3710,-0.4790518012989673,1.0003971
3711,-0.4783701935369171,1.0007124
3712,-0.47768858545746795,1.0002135
3713,-0.47632536961596905,1.0004911
3714,-0.4756437615365203,1.0005716
3715,-0.4742805456950214,0.9990088
3716,-0.4735989376155727,0.9996676
3717,-0.4729173298535221,0.9995374
3718,-0.47155411369462463,0.9991546
3719,-0.47087250593257446,0.9998847
3720,-0.469509289773677,1.0004635
3721,-0.46882768201162683,0.9996741
3722,-0.46814607393217766,1.0003314
3723,-0.46678285809067876,0.9998631
3724,-0.46610125001123004,1.0008462
3725,-0.46473803416973114,1.0016951
3726,-0.4640564260902824,1.0000105
3727,-0.4633748180108337,0.9993382
3728,-0.46201160216933435,0.9991202
3729,-0.46132999440728417,0.9991988
3730,-0.46064838632783545,1.000146
3731,-0.4592851704863361,0.9995844
3732,-0.4586035624068874,0.999283
3733,-0.4572403465653885,1.0005462
3734,-0.45655873848593975,0.9998599
3735,-0.455877130406491,0.999631
3736,-0.4545139145649921,0.9998606
3737,-0.4538323064855434,0.998647
3738,-0.45246909064404406,0.9989978
3739,-0.45178748256459533,0.9997254
3740,-0.45110587480254516,1.0001993
3741,-0.4497426589610458,0.9995157
3742,-0.4490610508815971,1.0009557
3743,-0.4476978350400982,0.9999857
3744,-0.44701622696064947,0.9998404
3745,-0.44633461888120074,0.9999919
3746,-0.44497140303970184,1.0007275
3747,-0.44428979496025267,0.9997426
3748,-0.4436081871982025,1.001017
3749,-0.44224497103930505,1.0008196
3750,-0.44156336327725487,1.00141
3751,-0.4402001471183574,0.9997966
3752,-0.4395185393563068,1.0000704
3753,-0.4388369312768581,0.9995513
3754,-0.4374737154353592,0.9996706
3755,-0.43679210735591045,1.0006921
3756,-0.4354288915144111,0.9989223
3757,-0.4347472834349624,0.9997895
3758,-0.4340656756729122,0.9990428
3759,-0.43270245951401476,1.0002559
3760,-0.4320208517519646,0.9999411
3761,-0.43065763559306713,0.9993731
3762,-0.4299760278310165,0.9994031
3763,-0.4292944197515678,1.0011547
3764,-0.4279312039100689,0.9994201
3765,-0.42724959583062017,0.9988294
3766,-0.42656798806857,0.9996928
3767,-0.4252047719096721,0.9999809
3768,-0.4245231641476219,1.0002524
3769,-0.42315994798872447,1.0001232
3770,-0.4224783402266743,0.9995042
3771,-0.4217967321472256,1.0001911
3772,-0.42043351630572623,0.9991742
3773,-0.4197519082262775,0.9998263
3774,-0.4183886923847786,1.0003992
3775,-0.4177070843053299,0.9996684
3776,-0.41702547622588115,0.9997407
3777,-0.4156622603843818,1.0004654
3778,-0.4149806523049331,1.0000442
3779,-0.4136174364634342,1.00012
3780,-0.412935828701384,1.0000227
3781,-0.4122542206219353,0.999312
3782,-0.41089100478043594,1.0007225
3783,-0.4102093967009872,1.0011494
3784,-0.4095277886215385,0.9993115
3785,-0.4081645727800396,1.0008
3786,-0.40748296470059087,1.0001918
3787,-0.4061197488590915,1.0005995
3788,-0.4054381407796428,0.9992223
3789,-0.4047565330175926,1.0001394
3790,-0.4033933168586952,1.0003003
3791,-0.402711709096645,0.9998112
3792,-0.40134849325514566,0.9988429
3793,-0.40066688517569693,0.9990748
3794,-0.3999852770962482,0.9994888
3795,-0.3986220612547493,0.9989296
3796,-0.3979404531753006,0.9995056
3797,-0.39657723733380124,1.0002626
3798,-0.3958956292543525,0.9997805
3799,-0.39521402149230234,1.0013285
3800,-0.3938508053334049,0.9985414
3801,-0.39316919757135427,1.0002338
3802,-0.39248758949190554,1.0011125
3803,-0.39112437365040664,1.0005902
3804,-0.3904427655709579,1.0000151
3805,-0.389079549729459,0.9997077
3806,-0.3883979416500103,0.9999504
3807,-0.3877163338879597,0.9996668
3808,-0.3863531177290622,1.001089
3809,-0.38567150996701205,1.0001903
3810,-0.3843082938081146,1.0004995
3811,-0.383626686046064,1.0013583
3812,-0.38294507796661525,1.0017208
3813,-0.38158186212511636,1.0009745
3814,-0.38090025404566763,1.0004736
3815,-0.37953703820416873,1.0006766
3816,-0.37885543012472,0.9993751
3817,-0.37817382204527084,1.0007073
3818,-0.37681060620377194,0.9998866
3819,-0.37612899844172176,0.9992586
3820,-0.37544739036227304,1.0000506
3821,-0.3740841745207737,1.0005687
3822,-0.37340256644132497,1.0010637
3823,-0.37203935059982607,0.9999578
3824,-0.37135774252037734,1.0000391
3825,-0.3706761344409286,1.0000724
3826,-0.3693129185994297,0.9997624
3827,-0.36863131051998055,0.9989629
3828,-0.36726809467848165,1.000094
3829,-0.3665864865990329,1.0005061
3830,-0.36590487883698275,1.0000828
3831,-0.3645416629954834,0.9996874
3832,-0.3638600549160347,0.9997128
3833,-0.3624968390745358,1.0003589
3834,-0.36181523099508706,0.9999277
3835,-0.36113362291563833,1.0002897
3836,-0.359770407074139,0.9996567
3837,-0.35908879899469026,0.9992061
3838,-0.3584071912326401,0.9995984
3839,-0.35704397507374264,1.0001493
3840,-0.35636236731169246,1.0001997
3841,-0.354999151152795,0.9999748
3842,-0.3543175433907444,0.9996511
3843,-0.35363593531129567,1.0000819
3844,-0.35227271946979677,0.9993967
3845,-0.35159111139034804,1.000413
3846,-0.3502278955488487,0.9996222
3847,-0.3495462874694,0.9998476
3848,-0.3488646797073498,0.9998707
3849,-0.34750146354845235,0.9997804
3850,-0.3468198557864022,0.9999603
3851,-0.3454566396275047,1.0007279
3852,-0.3447750318654541,0.9993
3853,-0.3440934237860054,0.9999626
3854,-0.3427302079445065,1.0008296
3855,-0.34204859986505776,1.0002514
3856,-0.34136699210300714,0.9992243
3857,-0.3400037759441097,0.999623
3858,-0.3393221681820595,0.999239
3859,-0.33795895202316206,1.0000505
3860,-0.3372773442611119,0.9991157
3861,-0.33659573618166316,1.000477
3862,-0.3352325203401638,0.9992996
3863,-0.3345509122607151,1.0008924
3864,-0.3331876964192162,0.999702
3865,-0.33250608833976747,0.9991293
3866,-0.33182448026031874,1.0004031
3867,-0.3304612644188194,0.9999467
3868,-0.3297796563393707,0.9992446
3869,-0.3284164404978718,1.0011757
3870,-0.3277348327358216,1.000688
3871,-0.3270532246563729,0.9999131
3872,-0.32569000881487353,1.0003781
3873,-0.3250084007354248,1.0003676
3874,-0.3243267926559761,1.0003914
3875,-0.3229635768144772,1.0002808
3876,-0.32228196873502846,0.9991547
3877,-0.3209187528935291,0.9993514
3878,-0.3202371448140804,0.9997634
3879,-0.3195555370520302,0.9994912
3880,-0.31819232089313276,0.9997238
3881,-0.31751071313108215,1.000772
3882,-0.31614749728958325,1.0006087
3883,-0.3154658892101345,0.9991199
3884,-0.3147842811306858,1.0011258
3885,-0.3134210652891869,0.9992788
3886,-0.31273945720973817,0.9999872
3887,-0.3113762413682388,0.9994423
3888,-0.3106946332887901,1.0003609
3889,-0.3100130255267399,1.0005151
3890,-0.3086498093678425,0.999557
3891,-0.30796820160579186,1.0008113
3892,-0.30728659352634313,0.9998892
3893,-0.30592337768484423,0.9998326
3894,-0.3052417696053955,0.9996597
3895,-0.3038785537638966,1.0003372
3896,-0.3031969456844479,1.0004926
3897,-0.30251533792239726,0.9995929
3898,-0.3011521217634998,0.9991428
3899,-0.30047051400144964,0.9991361
3900,-0.2991072978425522,0.9999604
3901,-0.29842569008050157,1.000212
3902,-0.29774408200105285,0.9991329
3903,-0.29638086615955395,1.000348
3904,-0.2956992580801052,0.9996899
3905,-0.2943360422386063,0.9999162
3906,-0.29365443415915715,0.9998095
3907,-0.2929728260797084,0.9998916
3908,-0.2916096102382095,1.001092
3909,-0.29092800247615935,1.0007426
3910,-0.2902463943967106,1.0009686
3911,-0.2888831785552113,0.9997713
3912,-0.28820157047576256,1.0001043
3913,-0.28683835463426366,0.9995468
3914,-0.28615674655481493,1.0008158
3915,-0.2854751384753662,1.000012
3916,-0.28411192263386686,0.9993501
3917,-0.28343031455441814,1.0009945
3918,-0.28206709871291924,1.0010837
3919,-0.2813854906334705,0.9997072
3920,-0.28070388287142034,0.9995646
3921,-0.279340667029921,0.99927
3922,-0.27865905895047227,0.9980225
3923,-0.27729584310897337,0.9992652
3924,-0.27661423502952465,1.0000628
3925,-0.2759326269500759,1.0014857
3926,-0.2745694111085766,0.9991572
3927,-0.27388780302912785,0.9992706
3928,-0.2732061952670777,0.9999774
3929,-0.2718429791081802,1.000862
3930,-0.27116137134613005,1.001746
3931,-0.2697981551872326,0.9985342
3932,-0.269116547425182,0.9983709
3933,-0.26843493934573326,1.0005337
3934,-0.26707172350423436,1.0002096
3935,-0.26639011542478563,0.9997244
3936,-0.2650268995832863,0.9990041
3937,-0.26434529150383757,0.9997906
3938,-0.2636636837417874,0.9992662
3939,-0.26230046758288994,0.9994227
3940,-0.26161885982083977,1.0000221
3941,-0.26025564366194187,1.0001346
3942,-0.2595740358998917,0.9988484
3943,-0.25889242782044297,0.9991875
3944,-0.2575292119789441,1.0001646
3945,-0.25684760389949535,1.0005805
3946,-0.25616599613744473,1.0007914
3947,-0.2548027799785473,1.0000473
3948,-0.2541211722164971,0.9996596
3949,-0.25275795605759965,1.0001025
3950,-0.2520763482955495,1.0000654
3951,-0.2513947402161003,1.0001021
3952,-0.2500315243746014,1.0004148
3953,-0.24934991629515268,1.0005441
3954,-0.24798670045365379,1.0003447
3955,-0.24730509237420506,0.9995344
3956,-0.24662348429475633,1.0004998
3957,-0.245260268453257,0.9991792
3958,-0.24457866037380827,1.0002706
3959,-0.24321544453230937,1.0001015
3960,-0.2425338367702592,1.0006177
3961,-0.24185222869081002,0.9997527
3962,-0.24048901284931112,0.9993289
3963,-0.2398074047698624,1.001041
3964,-0.23912579669041367,1.0005236
3965,-0.23776258084891477,0.999774
3966,-0.23708097276946605,0.9992954
3967,-0.2357177569279667,1.0002995
3968,-0.23503614884851798,0.9994521
3969,-0.2343545410864678,0.9992894
3970,-0.23299132492757035,1.0003854
3971,-0.23230971716551974,1.0006043
3972,-0.23094650132402084,1.0009725
3973,-0.2302648932445721,1.0000107
3974,-0.22958328516512339,0.9993103
3975,-0.22822006932362449,0.9997806
3976,-0.22753846124417576,0.9992187
3977,-0.22617524540267642,0.9993137
3978,-0.2254936373232277,1.0003468
3979,-0.22481202956117752,1.0004692
3980,-0.22344881340228007,1.0009581
3981,-0.22276720564022945,1.0005892
3982,-0.22208559756078072,0.9996431
3983,-0.22072238171928182,1.0005017
3984,-0.2200407736398331,1.0004379
3985,-0.2186775577983342,0.9995049
3986,-0.21799594971888503,0.9990557
3987,-0.21731434195683486,0.9997489
3988,-0.2159511257979374,1.0000206
3989,-0.21526951803588723,1.0012239
3990,-0.21390630187698978,1.0010474
3991,-0.21322469411493916,0.999831
3992,-0.21254308603549044,0.9990461
3993,-0.21117987019399154,0.9992675
3994,-0.2104982621145428,0.9981057
3995,-0.20913504627304347,0.9998546
3996,-0.20845343819359474,0.9992388
3997,-0.20777183011414602,0.9998832
3998,-0.20640861427264712,0.9987272
3999,-0.20572700651059694,1.0001477
4000,-0.20504539843114822,0.9993367
4001,-0.20368218258964887,1.0005846
4002,-0.20300057451020015,1.000311
4003,-0.20163735866870125,0.9987655
4004,-0.20095575058925252,0.9988147
4005,-0.2002741425098038,0.9998155
4006,-0.19891092666830446,0.9993356
4007,-0.19822931858885573,1.0005761
4008,-0.19686610274735683,1.0002782
4009,-0.1961844946679081,0.9998253
4010,-0.19550288690585793,0.9994953
4011,-0.1941396710643586,0.9996917
4012,-0.19345806298490986,1.0001205
4013,-0.19209484714341096,1.0000307
4014,-0.19141323906396224,0.9999192
4015,-0.1907316309845135,1.0008746
4016,-0.18936841514301417,1.0013201
4017,-0.18868680706356544,0.9992467
4018,-0.18800519930151527,0.99986
4019,-0.18664198314261782,0.999894
4020,-0.18596037538056764,0.9995306
4021,-0.18459715922166975,0.9999247
4022,-0.18391555145961958,1.0006694
4023,-0.18323394338017085,0.9985072
4024,-0.18187072753867195,0.9996313
4025,-0.18118911945922322,1.0007655
4026,-0.17982590361772388,0.9996915
4027,-0.17914429553827516,0.9993621
4028,-0.17846268777622498,1.0001685
4029,-0.17709947161732753,0.9994458
4030,-0.17641786385527736,0.9985909
4031,-0.17505464769637946,1.0008953
4032,-0.1743730399343293,1.0001858
4033,-0.17369143185488056,1.0025624
4034,-0.17232821601338166,1.0001834
4035,-0.17164660793393294,1.0006711
4036,-0.17096500017188232,0.9995755
4037,-0.16960178401298487,0.9994323
4038,-0.1689201762509347,0.9991804
4039,-0.16755696009203724,1.0005225
4040,-0.16687535232998663,1.0005487
4041,-0.1661937442505379,0.9998358
4042,-0.164830528409039,1.0004873
4043,-0.16414892032959028,0.9996648
4044,-0.16278570448809138,0.9996706
4045,-0.16210409640864265,0.999898
4046,-0.16142248832919392,1.0009359
4047,-0.16005927248769458,1.0002332
4048,-0.15937766440824586,0.9996769
4049,-0.15801444856674696,0.9995044
4050,-0.15733284080469634,1.0001437
4051,-0.1566512327252476,1.0004253
4052,-0.15528801688374871,1.00092
4053,-0.1546064088043,0.9998517
4054,-0.15392480072485126,0.9999604
4055,-0.15256158488335236,0.9996015
4056,-0.1518799768039032,1.0003057
4057,-0.1505167609624043,1.0000587
4058,-0.14983515288295557,1.000194
4059,-0.1491535451209054,1.00129
4060,-0.14779032896200794,1.0000079
4061,-0.14710872119995733,1.0007075
4062,-0.14574550535845843,1.0004962
4063,-0.1450638972790097,0.9995762
4064,-0.14438228919956098,1.000708
4065,-0.14301907335806208,1.0004786
4066,-0.1423374652786129,1.0005827
4067,-0.140974249437114,0.9991528
4068,-0.14029264135766528,0.9991104
4069,-0.1396110335956151,0.9998163
4070,-0.13824781743671766,0.99988
4071,-0.13756620967466704,1.0007663
4072,-0.1368846015952183,0.9981572
4073,-0.13552138575371941,0.9997337
4074,-0.1348397776742707,1.0008001
4075,-0.13347656183277135,0.9999502
4076,-0.13279495375332262,0.9994344
4077,-0.13211334599127245,0.9994173
4078,-0.130750129832375,0.9999513
4079,-0.13006852207032482,0.9999958
4080,-0.12870530591142737,1.0005093
4081,-0.12802369814937675,0.9989522
4082,-0.12734209006992803,0.9998849
4083,-0.12597887422842913,0.9993832
4084,-0.1252972661489804,1.0003835
4085,-0.12393405030748106,0.9999401
4086,-0.12325244222803233,0.9991174
4087,-0.12257083414858361,0.9998489
4088,-0.12120761830708471,1.0003646
4089,-0.12052601054503453,1.0004516
4090,-0.11984440246558581,1.0003879
4091,-0.11848118662408647,1.0003332
4092,-0.11779957854463774,1.0005869
4093,-0.11643636270313884,0.9995705
4094,-0.11575475462369011,0.9996608
4095,-0.11507314654424139,1.0000057
4096,-0.11370993070274205,1.0010345
4097,-0.11302832262329332,0.9993545
4098,-0.11166510678179442,0.9991347
4099,-0.1109834987023457,1.0000891
4100,-0.11030189094029552,1.000513
4101,-0.10893867509879618,1.000371
4102,-0.10825706701934745,0.9994923
4103,-0.10689385117784855,1.0006009
4104,-0.10621224309839983,1.0003023
4105,-0.1055306350189511,0.9986022
4106,-0.10416741917745176,1.0009055
4107,-0.10348581109800303,0.9989997
4108,-0.10280420333595286,0.9988447
4109,-0.10144098717705541,1.0004526
4110,-0.10075937941500523,1.0005234
4111,-0.09939616325610734,0.9994543
4112,-0.09871455549405717,1.0001561
4113,-0.09803294741460844,1.0004452
4114,-0.09666973157310954,0.9988183
4115,-0.09598812349366082,0.9995844
4116,-0.09462490765216147,0.9994215
4117,-0.09394329957271275,0.9995386
4118,-0.09326169181066257,1.000728
4119,-0.09189847565176512,1.0000796
4120,-0.0912168678897145,0.9989969
4121,-0.08985365173081705,0.9997596
4122,-0.08917204396876688,1.0006292
4123,-0.08849043588931815,1.0010361
4124,-0.08712722004781925,0.9999796
4125,-0.08644561196837053,0.9998935
4126,-0.08576400420631991,1.0002039
4127,-0.08440078804742246,0.9985441
4128,-0.08371918028537229,0.9994034
4129,-0.08235596412647483,0.9992559
4130,-0.08167435636442422,0.9999678
4131,-0.08099274828497549,1.0004808
4132,-0.07962953244347659,0.9996357
4133,-0.07894792436402787,1.0001058
4134,-0.07758470852252897,0.999408
4135,-0.07690310044308024,1.0008466
4136,-0.07622149236363107,0.9997464
4137,-0.07485827652213217,1.0003255
4138,-0.07417666844268345,1.0002346
4139,-0.07281345260118455,0.9995295
4140,-0.07213184483913393,0.9993269
4141,-0.0714502367596852,0.9994582
4142,-0.0700870209181863,0.9988709
4143,-0.06940541283873758,0.9998414
4144,-0.06872380475928885,1.0005184
4145,-0.06736058891778951,0.9999102
4146,-0.06667898083834078,0.9999026
4147,-0.06531576499684189,0.9992199
4148,-0.06463415691739316,0.999857
4149,-0.06395254915534299,1.0005592
4150,-0.06258933299644553,0.9998735
4151,-0.06190772523439492,1.0016312
4152,-0.06054450939289602,0.9996821
4153,-0.05986290131344729,0.9998413
4154,-0.059181293233998566,0.9999033
4155,-0.05781807739249922,0.9998734
4156,-0.0571364693130505,1.0001646
4157,-0.0557732534715516,1.0019387
4158,-0.05509164539210287,0.9998421
4159,-0.0544100376300527,1.0002514
4160,-0.05304682147115525,1.001106
4161,-0.05236521370910463,1.0003036
4162,-0.051683605629655904,0.9995144
4163,-0.050320389788157005,1.0006364
4164,-0.04963878170870828,1.0007721
4165,-0.048275565867208936,0.9999716
4166,-0.04759395778776021,1.0000295
4167,-0.04691235002571004,1.0000603
4168,-0.045549133866812586,0.9993328
4169,-0.04486752610476241,1.000241
4170,-0.04350430994586496,0.9999152
4171,-0.04282270218381434,1.001603
4172,-0.04214109410436562,1.0006627
4173,-0.04077787826286672,1.0004878
4174,-0.04009627018341799,1.0001703
4175,-0.03873305434191865,1.000618
4176,-0.03805144626246992,1.0002011
4177,-0.0373698381830212,1.0004351
4178,-0.0360066223415223,1.000543
4179,-0.035325014579472125,1.0004404
4180,-0.0346434065000234,1.0004992
4181,-0.033280190658524056,1.000378
4182,-0.03259858257907533,1.0007552
4183,-0.03123536673757643,1.0007371
4184,-0.030553758658127705,0.9997036
4185,-0.02987215057867898,0.9996535
4186,-0.028508934737179636,1.0004433
4187,-0.02782732665773091,0.9993998
4188,-0.02646411081623201,1.0003321
4189,-0.025782502736783286,0.9999928
4190,-0.025100894974732668,0.9991826
4191,-0.02373767913323377,0.9996629
4192,-0.023056071053785043,1.0004981
4193,-0.021692855212286144,1.0001749
4194,-0.02101124713283742,1.0005522
4195,-0.020329639053388693,1.0001629
4196,-0.01896642321188935,1.0000214
4197,-0.018284815132440624,0.9998933
4198,-0.01760320737039045,1.0007224
4199,-0.016239991211493,1.0001428
4200,-0.015558383449442381,0.9994996
4201,-0.01419516729054493,1.000322
4202,-0.013513559528494756,0.9992187
4203,-0.01283195144904603,0.9989769
4204,-0.011468735607547131,0.998574
4205,-0.010787127528098406,0.9976219
4206,-0.009423911686599062,0.9994646
4207,-0.008742303607150337,0.9979445
4208,-0.008060695845100163,0.999508
4209,-0.006697479686202712,0.9997503
4210,-0.006015871924152094,0.9991533
4211,-0.004652655765254643,0.9990052
4212,-0.003971048003204469,0.9988873
4213,-0.0032894399237557437,0.9989932
4214,-0.0019262240822568444,0.9980913
4215,-0.0012446160028081188,0.9991826
4216,-0.000563008240757501,0.9981306
4217,0.0008002079181395061,0.9980355
4218,0.0014818156801901239,0.9981796
4219,0.002845031839087575,0.9986181
4220,0.003526639601138193,0.9987565
4221,0.004208247680586474,0.9989821
4222,0.005571463522086262,0.9985261
4223,0.006253071601534543,0.9985546
4224,0.007616287443033443,0.9990471
4225,0.008297895522482612,0.9986764
4226,0.008979503601930894,0.9994296
4227,0.010342719443429793,0.9986661
4228,0.011024327522878963,0.998817
4229,0.012387543364377862,0.9988829
4230,0.01306915112642848,0.9998635
4231,0.013750759205876761,0.999327
4232,0.015113975047376549,1.0013664
4233,0.01579558312682483,1.0002555
4234,0.016477191206274,0.999381
4235,0.0178404070477729,0.9997382
4236,0.01852201512722118,0.9999534
4237,0.01988523096872008,1.0013153
4238,0.02056683904816925,1.0005087
4239,0.021248446810219868,0.9989163
4240,0.02261166296911732,0.9998117
4241,0.02329327073116705,0.9995273
4242,0.024656486572666836,0.9994077
4243,0.025338094652115117,1.0000836
4244,0.026019702731564287,0.9997723
4245,0.027382918573063186,1.001382
4246,0.028064526652511468,0.9995363
4247,0.029427742494011255,1.0006534
4248,0.030109350573459537,0.9995507
4249,0.030790958335510155,1.0003764
4250,0.032154174494407606,0.9999352
4251,0.032835782256457335,0.9998174
4252,0.033517390335906505,1.0003505
4253,0.034880606177405404,1.0006855
4254,0.035562214256854574,1.00025
4255,0.03692543009835347,0.9991165
4256,0.037607038177801755,1.000031
4257,0.03828864593985237,0.9999879
4258,0.039651862098749824,1.0006543
4259,0.04033346986080044,1.0001526
4260,0.04169668601969789,0.9999786
4261,0.04237829378174762,1.0004815
4262,0.04305990186119679,0.9989936
4263,0.04442311770269569,0.9999956
4264,0.04510472578214486,1.0006277
4265,0.04646794162364376,1.0004631
4266,0.04714954970309204,1.0000872
4267,0.04783115778254121,0.9998245
4268,0.04919437362404011,1.0013538
4269,0.04987598138609073,0.9998214
4270,0.05055758946553901,0.9995845
4271,0.05192080530703791,0.9998083
4272,0.05260241338648708,1.000523
4273,0.05396562922798598,0.9998978
4274,0.05464723730743515,1.0004733
4275,0.05532884538688343,0.9994019
4276,0.05669206122838233,1.000563
4277,0.0573736693078315,0.9997146
4278,0.0587368851493304,0.9999056
4279,0.05941849322877957,0.9993165
4280,0.0601001009908293,0.9992785
4281,0.061463316832328196,1.0011671
4282,0.062144924911777366,1.0001547
4283,0.06350814075327627,0.9998581
4284,0.06418974883272544,0.9997274
4285,0.06487135691217372,1.0006467
4286,0.06623457275367262,1.0003572
4287,0.06691618083312179,0.9996117
4288,0.0675977885951724,0.9999621
4289,0.06896100475406985,0.9993157
4290,0.06964261251611958,0.9997612
4291,0.07100582867501704,1.0013996
4292,0.07236904451651682,0.9995979
4293,0.07373226035801572,0.9996058
4294,0.074413868437464,1.0009009
4295,0.0757770842789629,1.0000284
4296,0.07645869235841207,1.0008929
4297,0.07714030012046269,1.0003292
4298,0.07850351627936014,1.0000923
4299,0.07918512404140987,0.9986873
4300,0.08054834020030732,1.0004165
4301,0.08122994796235794,0.9992158
4302,0.08191155604180711,1.0005117
4303,0.08327477188330601,0.9988917
4304,0.08395637996275429,0.9996801
4305,0.08463798772480491,0.9999962
4306,0.08600120388370236,1.0002004
4307,0.08668281164575298,0.9996835
4308,0.08804602780465043,0.9992825
4309,0.08872763556670016,1.0002168
4310,0.08940924364614933,1.0001128
4311,0.09077245948764823,1.0003422
4312,0.0914540675670974,1.0007115
4313,0.0928172834085963,1.0002174
4314,0.09349889148804458,1.0000365
4315,0.09418049956749375,0.9999657
4316,0.09554371540899265,0.9994408
4317,0.09622532348844182,1.0005706
4318,0.09758853932994072,0.9998801
4319,0.09827014709199045,0.9995588
4320,0.09895175517143961,0.9994653
4321,0.10031497101293851,1.0003118
4322,0.10099657909238768,0.9991606
4323,0.10167818717183597,0.9995348
4324,0.10304140301333486,1.0001205
4325,0.10372301109278403,0.999917
4326,0.10508622693428293,0.9999072
4327,0.1057678350137321,1.0002967
4328,0.10644944277578183,1.0010831
4329,0.10781265893467928,0.9995861
4330,0.1084942666967299,1.0006957
4331,0.1098574825382288,0.9998178
4332,0.11053909061767797,1.0002424
4333,0.11122069869712625,0.9996196
4334,0.11258391453862515,1.0000825
4335,0.11326552261807432,0.9994653
4336,0.11462873845957322,1.0002964
4337,0.11531034653902239,0.9999401
4338,0.11599195430107212,0.9998387
4339,0.11735517045996957,1.0004093
4340,0.11803677822202019,0.9996221
4341,0.11871838630146847,1.0000634
4342,0.12008160214296826,0.9989215
4343,0.12076321022241654,1.000261
4344,0.12212642606391544,0.9998667
4345,0.12280803414336461,0.9997876
4346,0.12348964190541523,1.0009069
4347,0.12485285806431268,0.999919
4348,0.1255344658263624,1.0006064
4349,0.12689768198525986,0.9998947
4350,0.12757928974731048,0.9997323
4351,0.12826089782675876,1.0003572
4352,0.12962411366825854,0.9995315
4353,0.13030572174770683,0.9997502
4354,0.13166893758920573,1.0008456
4355,0.1323505456686549,0.9997746
4356,0.13303215374810318,1.0003757
4357,0.13439536958960296,0.9996558
4358,0.1350769773516527,0.9998143
4359,0.13575858543110186,0.999204
4360,0.13712180127260076,1.0000366
4361,0.13780340935204993,0.9997235
4362,0.13916662519354883,1.0004346
4363,0.1398482332729971,0.9988665
4364,0.14052984135244628,1.000541
4365,0.14189305719394518,1.0001377
4366,0.14257466527339346,0.9992996
4367,0.14393788111489325,1.000618
4368,0.14461948919434153,0.9998278
4369,0.14530109695639215,1.0005941
4370,0.14666431279789105,0.9993954
4371,0.14734592087734022,0.9995902
4372,0.14870913671883912,1.0000839
4373,0.1493907447982874,1.0008968
4374,0.15007235287773657,0.9998971
4375,0.15143556871923547,0.9994802
4376,0.15211717679868375,1.0007373
4377,0.15279878456073437,0.9993472
4378,0.15416200071963182,0.9994378
4379,0.15484360848168244,0.999393
4380,0.1562068246405799,0.9997536
4381,0.1568884324026305,1.0001423
4382,0.1575700404820788,1.0008572
4383,0.1589332563235777,0.9990622
4384,0.15961486440302686,1.0000804
4385,0.16097808024452576,1.0007978
4386,0.16165968832397404,0.9996839
4387,0.16234129608602466,1.0005093
4388,0.1637045122449221,1.0001974
4389,0.16438612000697272,1.0001608
4390,0.16574933616587018,1.0000747
4391,0.1664309439279208,0.99948
4392,0.16711255200736908,0.9998347
4393,0.16847576784886797,0.9999414
4394,0.16915737592831714,1.0002269
4395,0.16983898369036687,0.9991837
4396,0.1712021998492652,1.0000406
4397,0.17188380761131494,1.0004622
4398,0.1732470237702124,1.0007678
4399,0.173928631532263,1.0003561
4400,0.1746102396117113,0.9996631
4401,0.17597345545321108,0.9988971
4402,0.17665506353265936,0.9995485
4403,0.17801827937415826,0.9991618
4404,0.17869988745360743,1.0001982
4405,0.1793814955330557,0.9997054
4406,0.1807447113745555,0.9990722
4407,0.18142631945400378,0.9987312
4408,0.18278953529550268,1.0009807
4409,0.1834711430575533,1.0007236
4410,0.18415275113700158,1.0005659
4411,0.18551596697850137,0.9995665
4412,0.18619757505794965,1.0009115
4413,0.18687918313739882,0.9996418
4414,0.18824239897889772,0.9993604
4415,0.188924007058346,1.0002503
4416,0.1902872228998458,1.0002702
4417,0.19096883097929407,1.0008306
4418,0.1916504387413447,1.000296
4419,0.19301365490024214,1.0003517
4420,0.19369526266229187,1.0008255
4421,0.19505847850379165,0.9993633
4422,0.19574008658323994,1.0003905
4423,0.1964216946626891,0.9995424
4424,0.197784910504188,0.9996234
4425,0.1984665185836363,0.9999215
4426,0.19982973442513607,1.0007527
4427,0.20051134250458436,1.0004384
4428,0.20119295026663497,0.9996103
4429,0.20255616642553242,0.9987794
4430,0.20323777418758215,0.9998739
4431,0.20391938226703132,1.0007829
4432,0.20528259810853022,0.9990503
4433,0.2059642061879794,1.0013594
4434,0.2073274220294783,0.9995545
4435,0.20800903010892657,0.9997934
4436,0.2086906378709772,0.9999434
4437,0.21005385402987464,1.0008698
4438,0.21073546179192526,0.9995957
4439,0.2120986779508227,1.0002359
4440,0.21278028571287244,0.999187
4441,0.2134618937923216,1.0008826
4442,0.2148251096338205,0.9993273
4443,0.21550671771326968,1.0004274
4444,0.21686993355476858,0.9994081
4445,0.21755154163421686,0.9997491
4446,0.21823314971366603,1.0004908
4447,0.21959636555516493,1.000231
4448,0.22027797331721555,1.0013533
4449,0.22095958139666383,0.9999701
4450,0.22232279723816362,0.9992056
4451,0.2230044053176119,1.0000003
4452,0.2243676211591108,0.9998425
4453,0.22504922923855997,1.0007602
4454,0.22573083731800825,0.9998522
4455,0.22709405315950715,1.000412
4456,0.22777566123895632,0.9999055
4457,0.22913887708045522,0.999239
4458,0.2298204851599044,0.998965
4459,0.23050209292195412,0.999494
4460,0.2318653087634539,1.0003903
4461,0.23254691684290218,0.9995284
4462,0.23391013268440108,0.9995133
4463,0.23459174076385025,1.0005174
4464,0.23527334884329854,1.0008583
4465,0.23663656468479743,1.0007823
4466,0.2373181727642466,1.0003381
4467,0.23799978052629722,1.0006009
4468,0.23936299668519467,0.99968
4469,0.2400446044472444,0.9995036
4470,0.24140782060614185,0.9992617
4471,0.24208942836819247,1.0001106
4472,0.24277103644764164,1.0008422
4473,0.24413425228914054,0.9989488
4474,0.24481586036858882,1.0002747
4475,0.24617907621008772,0.9999247
4476,0.2468606842895369,0.998431
4477,0.2475422920515875,0.9990503
4478,0.24890550821048496,0.9994135
4479,0.2495871159725347,1.0006319
4480,0.25095033213143214,0.9983105
4481,0.25163193989348276,0.9995058
4482,0.25231354797293193,1.0012103
4483,0.25367676381443083,1.0000474
4484,0.2543583718938791,1.0008818
4485,0.2550399796559297,1.0003333
4486,0.2564031958148272,0.9995992
4487,0.2570848035768778,1.0000666
4488,0.25844801973577525,0.9993693
4489,0.259129627497825,0.9994843
4490,0.25981123557727415,1.0003071
4491,0.26117445141877305,1.0001765
4492,0.2618560594982222,1.0000622
4493,0.2632192753397211,1.0004361
4494,0.2639008834191694,0.999416
4495,0.26458249149861857,0.9991073
4496,0.26594570734011747,0.9996357
4497,0.26662731541956664,1.0003719
4498,0.26799053126106553,0.9996189
4499,0.26867213902311526,1.0005024
4500,0.26935374710256443,1.0007516
4501,0.27071696294406333,0.9993779
4502,0.2713985710235125,0.9989344
4503,0.2720801791029608,1.0001892
4504,0.2734433949444597,0.9997882
4505,0.27412500302390885,0.9994359
4506,0.27548821886540775,1.0001209
4507,0.2761698269448569,1.0006931
4508,0.27685143470690665,1.0002946
4509,0.2782146508658041,0.9999777
4510,0.2788962586278547,1.0006733
4511,0.2802594744693536,1.0000223
4512,0.2809410825488028,1.0007964
4513,0.28162269062825107,0.9998782
4514,0.28298590646974997,0.9996002
4515,0.28366751454919914,1.0007037
4516,0.28503073039069804,0.9989849
4517,0.2857123384701472,0.9990174
4518,0.28639394623219694,0.9998296
4519,0.2877571623910944,0.9992413
4520,0.288438770153145,0.9999791
4521,0.2891203782325942,1.0007193
4522,0.2904835940740931,1.0001793
4523,0.29116520215354136,0.9989161
4524,0.29252841799504026,1.0003068
4525,0.2932100260744894,1.0007548
4526,0.29389163383654004,0.9996788
4527,0.2952548499954375,0.9996814
4528,0.2959364577574872,0.9995239
4529,0.2972996739163847,1.0006943
4530,0.2979812816784353,0.9991959
4531,0.29866288975788446,0.9991018
4532,0.30002610559938336,0.9984311
4533,0.30070771367883165,0.9990577
4534,0.30207092952033054,1.000618
4535,0.3027525375997797,0.9996828
4536,0.303434145679228,0.9995736
4537,0.3047973615207278,0.9999703
4538,0.3054789692827775,0.9988106
4539,0.3061605773622267,0.999572
4540,0.3075237932037256,1.001835
4541,0.30820540128317475,0.9996682
4542,0.30956861712467365,0.9998751
4543,0.31025022520412193,0.9996731
4544,0.3109318332835711,0.9986466
4545,0.31229504912507,0.9998479
4546,0.31297665720451917,1.0008912
4547,0.31433987304601807,0.9989936
4548,0.31502148112546635,1.0003997
4549,0.31570308888751697,0.9994094
4550,0.31706630472901587,0.999629
4551,0.31774791280846504,1.0002808
4552,0.31911112864996394,1.0001309
4553,0.3197927367294122,0.9995276
4554,0.3204743448088614,1.0011204
4555,0.3218375606503603,1.0005073
4556,0.32251916872980946,0.9996069
4557,0.3232007764918592,0.9993011
4558,0.32456399265075664,0.9989237
4559,0.32524560041280726,1.001184
4560,0.3266088165717047,1.00088
4561,0.3272904243337553,1.0010388
4562,0.3279720324132036,1.0010895
4563,0.3293352482547025,1.000297
4564,0.3300168563341517,0.9998076
4565,0.3313800721756506,1.0013031
4566,0.33206168025509974,0.9998773
4567,0.3327432880171495,1.0000766
4568,0.3341065041760469,0.9998686
4569,0.33478811193809754,1.0003863
4570,0.336151328096995,1.0015278
4571,0.3368329358590456,1.0019562
4572,0.3375145439384939,0.9997828
4573,0.3388777597799928,0.998854
4574,0.33955936785944196,0.9987984
4575,0.3402409756214926,1.0012334
4576,0.34160419178039003,1.0002144
4577,0.34228579954243976,1.0000222
4578,0.3436490157013372,1.0008683
4579,0.34433062346338783,0.9995689
4580,0.3450122315428361,1.0003718
4581,0.3463754473843359,0.9998641
4582,0.3470570554637842,0.9996094
4583,0.3484202713052831,1.0006969
4584,0.34910187938473225,0.9994314
4585,0.34978348746418053,1.0008088
4586,0.3511467033056803,1.0000027
4587,0.3518283113851286,0.9998794
4588,0.3531915272266275,0.9999609
4589,0.3538731349886781,0.9991138
4590,0.3545547430681264,0.9981169
4591,0.3559179589096262,0.9991949
4592,0.35659956698907447,1.0001838
4593,0.35728117506852364,0.9998533
4594,0.35864439091002254,0.9997784
4595,0.3593259989894708,0.9999092
4596,0.3606892148309706,1.0002739
4597,0.3613708229104189,1.0004438
4598,0.3620524306724695,1.001068
4599,0.36341564683136696,1.0019066
4600,0.3640972545934176,0.9993069
4601,0.3654604704349165,0.9997504
4602,0.36614207851436475,0.9998778
4603,0.3668236865938139,1.0000285
4604,0.3681869024353128,0.9987857
4605,0.3688685105147611,1.0003119
4606,0.3702317263562609,0.9987445
4607,0.3709133344357092,0.9990684
4608,0.3715949421977598,0.9994781
4609,0.37295815835665724,0.9992177
4610,0.37432137419815614,1.0002976
4611,0.3763661981191042,0.9997714
4612,0.3777294139606031,1.0005037
4613,0.3784110220400514,1.0004966
4614,0.379092629802102,1.0004631
4615,0.38045584596099946,0.9995928
4616,0.3811374537230501,0.9994517
4617,0.38250066988194753,1.0002082
4618,0.38318227764399815,1.0007667
4619,0.38386388572344643,1.0021087
4620,0.38522710156494533,1.0002964
4621,0.3859087096443945,0.999827
4622,0.3872719254858934,1.0004456
4623,0.3879535335653417,0.9999615
4624,0.38863514164479085,0.9996451
4625,0.38999835748628975,0.9990427
4626,0.39067996524834037,1.0003546
4627,0.39136157332778865,1.0003599
4628,0.39272478916928844,1.0002759
4629,0.3934063972487367,1.0002765
4630,0.3947696130902356,1.0007493
4631,0.3954512211696848,1.0005546
4632,0.39613282924913307,0.9996663
4633,0.39749604509063285,1.0007088
4634,0.39817765317008114,0.9998924
4635,0.39954086901158004,1.0003966
4636,0.4002224770910292,0.9999039
4637,0.40090408485307893,1.0012967
4638,0.4022673006945787,1.0002822
4639,0.402948908774027,0.9997587
4640,0.4043121246155259,1.0017984
4641,0.4049937326949751,0.9994398
4642,0.40567534077442335,0.9994521
4643,0.40703855661592314,1.0005247
4644,0.4077201646953714,0.9994835
4645,0.40840177245742204,0.9999214
4646,0.4097649886163195,1.0001857
4647,0.4104465963783692,1.00018
4648,0.4118098125372667,0.9995648
4649,0.4124914202993173,0.9995527
4650,0.41317302837876646,0.9998758
4651,0.41453624422026536,0.9990922
4652,0.41521785229971364,0.9999722
4653,0.41658106814121343,0.999046
4654,0.4172626762206617,1.0003078
4655,0.41794428398271233,0.9996356
4656,0.4193075001416098,0.9992281
4657,0.4199891079036595,1.0007545
4658,0.42135232406255785,0.9991243
4659,0.4220339318246076,0.9997453
4660,0.42271553990405675,1.0004359
4661,0.42407875574555565,0.9999786
4662,0.42476036382500393,0.9988584
4663,0.42544197158705455,1.0001339
4664,0.426805187745952,0.9995195
4665,0.4274867955080026,0.9989418
4666,0.42885001166690007,0.999025
4667,0.4295316194289498,0.9994844
4668,0.43021322750839897,1.000082
4669,0.43157644334989786,1.0009954
4670,0.43225805142934703,1.0008248
4671,0.43362126727084593,0.9999935
4672,0.4343028753502942,0.9998411
4673,0.4349844834297434,1.0005625
4674,0.4363476992712423,0.9999825
4675,0.43702930735069145,1.0005567
4676,0.43839252319219035,1.0001752
4677,0.4390741309542401,1.0011986
4678,0.43975573903368925,0.9987448
4679,0.44111895487518815,0.9991182
4680,0.4418005629546373,0.9997463
4681,0.4424821710340856,1.0000661
4682,0.4438453868755845,0.9985588
4683,0.44452699495503367,0.9984277
4684,0.44589021079653257,0.999721
4685,0.44657181887598174,0.99926
4686,0.44725342663803147,0.9998483
4687,0.4486166427969289,0.9998073
4688,0.44929825055897954,0.9997573
4689,0.45066146640047844,0.9992875
4690,0.4513430744799276,0.9989202
4691,0.4520246825593759,1.0012933
4692,0.4533878984008748,0.9995192
4693,0.45406950648032396,0.9991877
4694,0.45543272232182286,0.9993769
4695,0.45611433040127203,1.0000969
4696,0.45679593816332176,1.0004656
4697,0.4581591543222192,1.0009787
4698,0.4588407620842698,1.0006428
4699,0.459522370163719,1.0001758
4700,0.4608855860052179,0.9998197
4701,0.4615671940846662,0.9997081
4702,0.4629304099261651,0.9995416
4703,0.46361201800561425,0.9990792
4704,0.46429362576766486,0.9990511
4705,0.4656568419265623,0.999164
4706,0.46633844968861204,1.0003624
4707,0.4677016658475095,0.9987577
4708,0.4683832736095601,1.0006614
4709,0.4690648816890093,1.0006438
4710,0.4704280975305082,0.9997522
4711,0.47110970560995646,0.9994681
4712,0.47247292145145536,1.0003701
4713,0.47315452953090453,0.9994637
4714,0.4738361376103537,0.9993147
4715,0.4751993534518526,1.0000915
4716,0.47588096121390233,0.9997489
4717,0.4765625692933515,0.9994124
4718,0.4779257851348504,0.9993834
4719,0.47860739321429957,1.0005203
4720,0.47997060905579847,1.0009667
4721,0.48065221713524675,1.0005963
4722,0.4813338252146959,1.0001783
4723,0.4826970410561948,0.9994371
4724,0.483378649135644,1.000024
4725,0.4847418649771429,0.9996081
4726,0.48542347305659117,1.0002593
4727,0.4861050808186418,1.0008088
4728,0.4874682966601407,1.0001523
4729,0.48814990473958986,0.9985862
4730,0.48951312058108876,1.0011999
4731,0.49019472866053704,1.0007707
4732,0.4908763367399862,1.0007593
4733,0.4922395525814851,0.9995866
4734,0.4929211606609343,1.0000966
4735,0.493602768422984,1.0000893
4736,0.49496598458188146,1.0002366
4737,0.4956475923439321,0.9992046
4738,0.4970108085028295,0.9994937
4739,0.49769241626488014,0.9995457
4740,0.4983740243443284,1.0001915
4741,0.4997372401858273,0.9988704
4742,-0.4995811517347235,1.0012208
4743,-0.4982179358932246,1.0003092
4744,-0.49753632781377544,1.0004774
4745,-0.4968547200517257,1.0004817
4746,-0.49549150389282826,1.0020508
4747,-0.49480989613077764,0.9998748
4748,-0.4934466799718802,1.0016436
4749,-0.49276507220982957,1.0002899
4750,-0.4920834641303813,0.9999711
4751,-0.4907202482888824,0.9999377
4752,-0.4900386402094332,1.0005145
4753,-0.4893570324473826,0.999221
4754,-0.48799381628848515,1.0000876
4755,-0.4873122085264354,1.0003692
4756,-0.48594899236753797,1.0005285
4757,-0.48526738460548735,1.0011603
4758,-0.4845857765260382,1.0000666
4759,-0.4832225606845393,1.0006455
4760,-0.482540952605091,0.9994759
4761,-0.4811777367635921,1.0013205
4762,-0.48049612868414293,0.9993191
4763,-0.47981452060469465,0.9997328
4764,-0.47845130476319486,1.0001551
4765,-0.4777696966837466,1.0007831
4766,-0.4764064808422477,0.9989999
4767,-0.47572487308019706,1.0000655
4768,-0.4750432650007479,0.9989304
4769,-0.473680049159249,0.9994422
4770,-0.4729984410798007,0.9998619
4771,-0.47231683300035154,0.9991807
4772,-0.47095361715885264,0.9998314
4773,-0.47027200907940436,0.9999105
4774,-0.4689087932379046,0.9994341
4775,-0.4682271851584563,0.9993986
4776,-0.4675455773964057,1.0002725
4777,-0.4661823612375082,1.0004703
4778,-0.4655007534754576,1.0003166
4779,-0.4641375376339587,0.9995668
4780,-0.4634559295545104,1.0000035
4781,-0.46277432147506126,0.9998413
4782,-0.46141110563356236,0.9997419
4783,-0.4607294975541132,1.0001581
4784,-0.4593662817126143,1.0002201
4785,-0.458684673633166,0.9989828
4786,-0.4580030658711154,1.0000125
4787,-0.45663984971221794,1.0003354
4788,-0.4559582419501673,1.0003661
4789,-0.45527663387071904,0.999401
4790,-0.45391341802922014,0.9993681
4791,-0.45323180994977097,0.9996186
4792,-0.45186859410827207,0.9997264
4793,-0.4511869860288229,0.9989182
4794,-0.45050537826677317,0.9993759
4795,-0.4491421621078757,0.9996094
4796,-0.4484605543458251,1.0004239
4797,-0.44709733818692765,1.0010905
4798,-0.44641573042487703,1.000383
4799,-0.44573412234542875,1.0008018
4800,-0.44437090650392985,1.0001265
4801,-0.4436892984244807,1.0003074
4802,-0.4423260825829818,1.000929
4803,-0.4416444745035326,1.0002841
4804,-0.44096286642408433,0.9995401
4805,-0.43959965058258543,1.000862
4806,-0.4389180428205348,0.9997202
4807,-0.43823643474108653,0.9999316
4808,-0.43687321889958675,0.9995527
4809,-0.43619161082013846,1.0002996
4810,-0.43482839497863957,1.0004685
4811,-0.4341467868991904,0.9998726
4812,-0.4334651788197421,0.999343
4813,-0.4321019629782423,1.0007385
4814,-0.43142035489879405,0.9998073
4815,-0.43005713905729515,0.9992831
4816,-0.429375530977846,1.0006544
4817,-0.42869392321579625,0.9999506
4818,-0.42733070737429646,0.9998305
4819,-0.4266490992948482,0.9990857
4820,-0.4252858834533493,1.0005288
4821,-0.4246042753739001,1.0013736
4822,-0.4239226672944518,1.0003108
4823,-0.42255945145295204,0.9994869
4824,-0.42187784337350376,0.9996949
4825,-0.42119623561145314,0.9987958
4826,-0.4198330194525557,1.0003522
4827,-0.41915141169050596,1.0001718
4828,-0.4177881955316076,1.0013877
4829,-0.4171065877695579,0.9998319
4830,-0.4164249796901087,0.9991934
4831,-0.4150617638486098,1.0000559
4832,-0.41438015576916154,1.0002405
4833,-0.41301693992766175,1.0004812
4834,-0.41233533184821347,0.9999252
4835,-0.41165372408616285,0.9996184
4836,-0.4102905079272654,0.9991763
4837,-0.4096089001652148,0.9990666
4838,-0.40824568400631733,0.9991687
4839,-0.4075640762442676,0.9999545
4840,-0.40688246816481843,1.0007977
4841,-0.40551925232331953,0.9999456
4842,-0.40483764424387125,0.998564
4843,-0.40415603648182064,1.0013731
4844,-0.4027928203229232,0.9995761
4845,-0.40211121256087257,0.9995946
4846,-0.4007479964019751,1.0006541
4847,-0.4000663886399245,0.999936
4848,-0.3993847805604762,0.9996978
4849,-0.3980215647189773,0.9991056
4850,-0.39733995663952815,1.0001511
4851,-0.39597674079802925,0.9992763
4852,-0.39529513271858097,1.0005657
4853,-0.3946135246391318,0.9991315
4854,-0.3932503087976329,1.0002067
4855,-0.3925687007181837,1.0001898
4856,-0.39120548487668483,1.000194
4857,-0.3905238771146342,0.9999504
4858,-0.38984226903518593,0.9997265
4859,-0.38847905319368703,0.9989331
4860,-0.38779744511423786,1.0002468
4861,-0.3871158370347896,0.9999678
4862,-0.3857526211932907,1.0002942
4863,-0.3850710131138415,1.0006677
4864,-0.3837077972723426,1.0024802
4865,-0.38302618919289344,1.0010195
4866,-0.3823445814308437,0.9995357
4867,-0.38098136527194626,1.0003326
4868,-0.38029975750989564,1.0000919
4869,-0.37893654166839674,1.0000677
4870,-0.3782549335889476,1.0000554
4871,-0.3775733255094993,0.9997626
4872,-0.3762101096679995,0.9995454
4873,-0.3755285015885512,0.9997288
4874,-0.3741652857470523,0.9998204
4875,-0.37348367766760315,0.9993522
4876,-0.3728020699055534,1.0000716
4877,-0.371438853746656,0.9997653
4878,-0.37075724598460535,0.9993024
4879,-0.3700756379051562,1.0003116
4880,-0.3687124220636573,0.9995752
4881,-0.368030813984209,1.0008385
4882,-0.3666675981427092,1.0008951
4883,-0.36598599006326094,0.9991432
4884,-0.3653043823012103,1.0017045
4885,-0.36394116614231287,0.9988878
4886,-0.36325955838026314,1.0000264
4887,-0.3618963422213657,0.9995266
4888,-0.36121473445931507,0.9997097
4889,-0.3605331263798659,0.9995089
4890,-0.359169910538367,1.000112
4891,-0.3584883024589187,1.0005601
4892,-0.35712508661741893,0.9993569
4893,-0.35644347853797065,1.0000258
4894,-0.3557618704585215,1.0000832
4895,-0.3543986546170226,1.0009423
4896,-0.35371704685497285,1.0012569
4897,-0.3530354387755237,1.0007257
4898,-0.3516722229340248,1.0010128
4899,-0.3509906148545756,0.9992211
4900,-0.3496273990130767,0.999688
4901,-0.34894579093362843,1.0001267
4902,-0.34826418285417926,0.9995765
4903,-0.34690096701268036,0.9997568
4904,-0.3462193589332312,0.9999797
4905,-0.3448561430917323,0.9993983
4906,-0.344174535012284,0.9997886
4907,-0.3434929272502334,0.9992527
4908,-0.3421297114087345,0.9995532
4909,-0.3414481033292853,0.9999175
4910,-0.3400848874877864,0.9997976
4911,-0.33940327940833814,1.0000637
4912,-0.338721671328889,1.0003761
4913,-0.3373584554873901,1.0000624
4914,-0.3366768474079409,1.0008092
4915,-0.3359952396458912,0.9993856
4916,-0.3346320234869937,0.9990187
4917,-0.3339504157249431,1.0007372
4918,-0.33258719956604565,0.9999156
4919,-0.33190559180399504,0.999501
4920,-0.33122398372454676,0.9996069
4921,-0.32986076788304786,0.9997434
4922,-0.3291791598035987,0.9999953
4923,-0.3278159439620998,0.9991119
4924,-0.3271343358826506,1.0000806
4925,-0.3264527281206009,0.999952
4926,-0.32508951196170344,1.0000774
4927,-0.3244079041996528,1.0011507
4928,-0.32304468804075537,1.0010721
4929,-0.32236308027870475,1.0004219
4930,-0.32168147219925647,1.0015087
4931,-0.32031825635775757,1.0002297
4932,-0.3196366482783084,0.9993867
4933,-0.3189550405162578,0.9995168
4934,-0.31759182435736033,0.9992724
4935,-0.3169102165953106,1.0000806
4936,-0.31554700043641315,1.0009692
4937,-0.31486539267436253,1.0005813
4938,-0.31418378459491336,0.9999103
4939,-0.31282056875341446,1.0000429
4940,-0.3121389606739662,0.9996318
4941,-0.3107757448324673,1.0009691
4942,-0.3100941367530181,1.0006461
4943,-0.30941252867356894,1.0001188
4944,-0.30804931283207004,1.0014539
4945,-0.30736770475262176,1.0002887
4946,-0.30600448891112286,0.9979807
4947,-0.30532288114907224,0.9991643
4948,-0.3046412730696231,1.0010379
4949,-0.3032780572281242,1.000482
4950,-0.3025964491486759,0.999577
4951,-0.3019148410692267,0.999745
4952,-0.3005516252277278,0.9996904
4953,-0.29987001714827866,0.9999734
4954,-0.29850680130677976,0.9994485
4955,-0.2978251932273315,1.0004132
4956,-0.29714358546528086,0.9994684
4957,-0.2957803693063834,0.9998275
4958,-0.2950987615443328,0.9990966
4959,-0.2937355457028339,0.9992371
4960,-0.2930539376233856,0.9987629
4961,-0.29237232954393644,0.9996522
4962,-0.29100911370243754,0.9990042
4963,-0.29032750562298837,1.0004956
4964,-0.28896428978148947,1.0004291
4965,-0.2882826817020412,1.0005665
4966,-0.28760107393999057,0.9993186
4967,-0.2862378577810931,1.0001073
4968,-0.2855562500190425,0.999958
4969,-0.2848746419395942,0.9999535
4970,-0.2835114260980953,0.9992763
4971,-0.28282981801864615,0.9997155
4972,-0.28146660217714725,1.0004744
4973,-0.2807849940976981,0.9994846
4974,-0.28010338633564835,1.0004539
4975,-0.2787401701767509,1.0001018
4976,-0.2780585624147003,0.9998717
4977,-0.27669534625580283,0.9999427
4978,-0.2760137384937522,0.9997579
4979,-0.27533213041430393,0.9996556
4980,-0.27396891457280503,1.000177
4981,-0.27328730649335586,1.0003884
4982,-0.27192409065185696,0.9998425
4983,-0.2712424825724078,1.0000994
4984,-0.2705608744929595,1.0006319
4985,-0.2691976586514606,0.9998652
4986,-0.26851605088941,1.0003193
4987,-0.2678344428099617,1.0007935
4988,-0.2664712269684619,0.9998353
4989,-0.26578961888901365,1.0021251
4990,-0.26442640304751475,0.9994913
4991,-0.2637447949680656,0.9997331
4992,-0.2630631868886173,0.999193
4993,-0.2616999710471175,0.9998496
4994,-0.2610183629676692,0.9995476
4995,-0.2596551471261703,1.001102
4996,-0.25897353904672116,0.9995779
4997,-0.25829193128467054,1.0000467
4998,-0.25692871544317164,0.9994271
4999,-0.25624710736372336,0.9995201
5000,-0.25488389152222446,1.0011612
5001,-0.2542022834427753,0.9994637
5002,-0.253520675363327,0.9995675
5003,-0.2521574595218272,0.999053
5004,-0.25147585144237894,0.9994116
5005,-0.2507942436803283,1.0008572
5006,-0.24943102752143087,1.0006443
5007,-0.24874941975938025,0.9998302
5008,-0.2473862036004828,0.9996045
5009,-0.24670459583843307,1.000006
5010,-0.2460229877589839,1.0002106
5011,-0.244659771917485,0.9989287
5012,-0.24397816383803672,1.0003134
5013,-0.24261494799653693,0.9992394
5014,-0.24193333991708865,0.9999186
5015,-0.24125173215503803,0.998807
5016,-0.23988851599614058,1.0005413
5017,-0.23920690823408997,0.9990884
5018,-0.23784369207519251,0.9990907
5019,-0.23716208431314278,0.9990516
5020,-0.23648047623369362,0.9996666
5021,-0.23511726039219472,1.0000617
5022,-0.23443565231274555,1.00026
5023,-0.23375404455069582,1.000159
5024,-0.23239082839179837,1.0009797
5025,-0.23170922062974775,1.0000352
5026,-0.2303460044708503,0.9998398
5027,-0.22966439670879968,0.9996129
5028,-0.2289827886293514,0.9998045
5029,-0.2276195727878525,1.0009771
5030,-0.22693796470840333,0.9988055
5031,-0.22557474886690443,0.9996448
5032,-0.22489314078745526,1.0003524
5033,-0.22421153270800698,1.0007544
5034,-0.22284831686650808,1.0010186
5035,-0.2221667087870589,0.999607
5036,-0.22080349294556,0.999946
5037,-0.2201218851835094,0.999886
5038,-0.2180770612625622,0.9994193
5039,-0.21739545318311304,1.0003792
5040,-0.21671384510366476,1.0002607
5041,-0.21535062926216497,0.9995616
5042,-0.2146690211827167,0.9999816
5043,-0.2133058053412178,1.0007086
5044,-0.21262419726176862,1.0000107
5045,-0.2119425894997189,1.0010745
5046,-0.21057937334082144,0.999652
5047,-0.20989776557877082,1.0000535
5048,-0.20853454973727192,1.0001918
5049,-0.20785294165782275,0.9999152
5050,-0.20717133357837447,0.9997416
5051,-0.20580811773687469,0.9991201
5052,-0.2051265096574264,1.0009008
5053,-0.2037632938159275,1.0002627
5054,-0.20308168573647833,0.9987653
5055,-0.2024000779744286,1.0003401
5056,-0.20103686181553027,0.9990161
5057,-0.20035525405348054,0.9987546
5058,-0.19967364597403137,1.0006558
5059,-0.19831043013253247,0.99999
5060,-0.19762882205308419,1.0002769
5061,-0.1962656062115844,1.0002192
5062,-0.19558399813213612,0.9998845
5063,-0.1949023903700855,1.0005164
5064,-0.19353917421118805,1.0004905
5065,-0.19285756644913832,0.9990116
5066,-0.19149435029023998,0.9993778
5067,-0.19081274252819025,1.0002175
5068,-0.19013113444874108,1.0000843
5069,-0.18876791860724218,1.0000185
5070,-0.1880863105277939,0.9995986
5071,-0.1867230946862941,1.0002774
5072,-0.18604148660684583,1.0006368
5073,-0.18535987852739666,1.0009285
5074,-0.18399666268589776,1.0006111
5075,-0.18331505492384803,0.9999784
5076,-0.18263344684439886,0.999624
5077,-0.18127023100289996,0.9992738
5078,-0.1805886229234508,1.0008435
5079,-0.1792254070819519,0.9998579
5080,-0.1785437990025036,1.0002113
5081,-0.17786219092305444,1.0002934
5082,-0.17649897508155554,0.9993791
5083,-0.17581736700210637,1.000268
5084,-0.17445415116060747,0.9995496
5085,-0.1737725430811592,1.0001667
5086,-0.17309093531910857,1.0001764
5087,-0.17172771947760967,0.9995726
5088,-0.1710461113981605,0.9996685
5089,-0.1696828955566616,1.0011744
5090,-0.16900128747721332,0.9994363
5091,-0.16831967939776415,1.0001754
5092,-0.16695646355626526,1.0002016
5093,-0.16627485547681609,1.0000855
5094,-0.16559324771476636,1.0003351
5095,-0.1642300315558689,1.0003759
5096,-0.1635484237938183,1.000139
5097,-0.16218520763492084,0.9998996
5098,-0.16150359987287022,0.9997885
5099,-0.16082199179342194,1.0003987
5100,-0.15945877595192304,0.9997175
5101,-0.15877716787247387,1.0002537
5102,-0.15741395203097497,1.0007463
5103,-0.1567323439515258,1.0000535
5104,-0.15605073618947607,0.9988229
5105,-0.15468752003057862,0.9990374
5106,-0.154005912268528,1.000055
5107,-0.15264269610963055,1.0006833
5108,-0.15196108834757993,1.0000251
5109,-0.15127948026813165,0.9995435
5110,-0.14991626442663186,0.9985685
5111,-0.14923465634718358,1.0007499
5112,-0.14855304858513296,0.9993604
5113,-0.1471898324262355,0.9995657
5114,-0.14650822466418578,1.0004012
5115,-0.14514500850528833,0.9994942
5116,-0.1444634007432377,0.9988967
5117,-0.14378179266378854,1.0002082
5118,-0.14241857682228964,1.0005465
5119,-0.14173696874284136,1.0010875
5120,-0.14037375290134158,1.0008161
5121,-0.1396921448218933,1.0004319
5122,-0.13901053674244412,0.9999196
5123,-0.13764732090094522,1.000477
5124,-0.13696571282149694,0.9997977
5125,-0.13560249697999804,0.9984114
5126,-0.13492088921794743,0.9991436
5127,-0.13423928113849826,0.9991932
5128,-0.13287606529699936,0.9996178
5129,-0.13219445721755108,1.0006332
5130,-0.1315128491381019,0.9999042
5131,-0.130149633296603,1.0000296
5132,-0.12946802521715384,1.0008831
5133,-0.12810480937565494,0.9995195
5134,-0.12742320129620666,1.001409
5135,-0.12674159353415604,1.0000645
5136,-0.1253783773752586,0.9991436
5137,-0.12469676961320797,1.0011941
5138,-0.12333355377170907,0.9994806
5139,-0.12265194569226079,1.000365
5140,-0.12197033761281162,0.9990696
5141,-0.12060712177131272,1.0000951
5142,-0.11992551369186355,0.9994009
5143,-0.11856229785036465,1.0000547
5144,-0.11788068977091637,0.9995422
5145,-0.11719908200886575,0.9993565
5146,-0.1158358658499683,0.9994474
5147,-0.11515425808791768,1.001394
5148,-0.1144726500084694,1.0013161
5149,-0.1131094341669705,0.9995239
5150,-0.11242782608752133,1.0000439
5151,-0.11106461024602243,0.9995955
5152,-0.11038300216657326,0.9987612
5153,-0.10970139440452353,0.9988858
5154,-0.10833817824562608,1.0005377
5155,-0.10765657048357546,1.0001244
5156,-0.10629335432467801,0.999292
5157,-0.1056117465626274,1.0006047
5158,-0.10493013848317911,0.9996762
5159,-0.10356692264168021,0.9999831
5160,-0.10288531456223104,1.0004212
5161,-0.10152209872073215,0.999348
5162,-0.10084049064128298,0.9989762
5163,-0.1001588825618347,1.0005414
5164,-0.0987956667203358,1.0001949
5165,-0.09811405895828518,0.999049
5166,-0.09743245087883601,0.9996208
5167,-0.09606923503733711,1.0006642
5168,-0.09538762695788883,1.0009108
5169,-0.09402441111638993,1.0005472
5170,-0.09334280303694076,1.0009123
5171,-0.09266119495749159,1.0000488
5172,-0.09129797911599269,0.9998522
5173,-0.09061637103654441,1.0005047
5174,-0.08925315519504551,0.9998908
5175,-0.08857154711559634,0.9999525
5176,-0.08788993935354572,0.9998245
5177,-0.08652672351204682,1.0012937
5178,-0.08584511543259854,1.0003029
5179,-0.08448189959109964,0.9994649
5180,-0.08380029151165047,1.0014169
5181,-0.0831186834322013,1.0003674
5182,-0.0817554675907024,1.0016298
5183,-0.08107385951125412,0.9986239
5184,-0.0803922517492035,0.9994545
5185,-0.07902903559030605,0.9991969
5186,-0.07834742782825543,1.0000804
5187,-0.07698421166935798,0.9990765
5188,-0.07630260390730825,0.9992059
5189,-0.07562099582785908,1.0000452
5190,-0.07425777998636018,0.999809
5191,-0.07357617190691101,1.0001128
5192,-0.07221295606541211,1.0004063
5193,-0.07153134798596383,1.0000884
5194,-0.07084974022391322,1.0009663
5195,-0.06948652406501576,0.999473
5196,-0.06880491630296515,1.0002728
5197,-0.0674417001440677,1.0002058
5198,-0.06676009238201797,1.0000421
5199,-0.0660784843025688,1.000336
5200,-0.0647152684610699,0.9999801
5201,-0.06403366038162073,1.0004983
5202,-0.063352052619571,0.9993382
5203,-0.061988836460673546,1.0008018
5204,-0.06130722869862293,0.999622
5205,-0.05994401253972548,0.9998994
5206,-0.05926240477767486,0.9998948
5207,-0.05858079669822658,0.9996219
5208,-0.05721758085672768,0.9996505
5209,-0.05653597277727851,0.9996189
5210,-0.05517275693577961,1.0003528
5211,-0.05449114885633044,0.9998906
5212,-0.05380954077688216,1.0009268
5213,-0.05244632493538326,1.0005647
5214,-0.05176471685593409,1.0004136
5215,-0.05040150101443519,1.0003683
5216,-0.04971989325238457,1.0009101
5217,-0.04903828517293629,1.001291
5218,-0.04767506933143739,0.9991404
5219,-0.04699346125198822,0.9998392
5220,-0.04631185317253994,0.9997009
5221,-0.04494863733104015,0.9995779
5222,-0.04426702925159187,0.9997984
5223,-0.04290381341009297,1.0001629
5224,-0.0422222053306438,1.0001149
5225,-0.04154059756859407,1.0009226
5226,-0.040177381409695734,1.0005145
5227,-0.039495773647646004,1.0018122
5228,-0.038132557806147105,0.9995399
5229,-0.037450949726697935,1.0004551
5230,-0.036769341647249654,1.0000016
5231,-0.035406125805749866,1.000085
5232,-0.034724517726301585,1.0001994
5233,-0.033361301884802685,0.9999746
5234,-0.032679693805353516,1.0001844
5235,-0.0319980860433029,0.9998264
5236,-0.030634869884405447,0.9997888
5237,-0.029953262122355717,0.999322
5238,-0.029271654042906547,0.9992724
5239,-0.027908438201407648,0.9987523
5240,-0.027226830121959367,0.9993908
5241,-0.02586361428045958,1.0005395
5242,-0.025182006201011298,1.0001554
5243,-0.02450039843896068,1.0017062
5244,-0.02313718228006323,0.9990894
5245,-0.02245557451801261,0.9994929
5246,-0.02109235835911516,0.9996732
5247,-0.02041075059706543,0.9999904
5248,-0.01972914251761626,1.0011494
5249,-0.01836592667611736,0.9986409
5250,-0.01768431859666908,0.9999164
5251,-0.016321102755169292,1.0016182
5252,-0.01563949467572101,1.0003009
5253,-0.014957886596271841,0.9997456
5254,-0.013594670754772942,0.9996114
5255,-0.012913062992722324,0.9982589
5256,-0.012231454913274042,0.9987603
5257,-0.010868239071775143,0.9984706
5258,-0.010186630992325973,0.9983945
5259,-0.008823415150827074,0.9974914
5260,-0.008141807071377904,0.9998323
5261,-0.007460198991929623,0.9981603
5262,-0.006096983150430724,0.9984382
5263,-0.005415375070981554,0.9982775
5264,-0.004052159229482655,0.9996384
5265,-0.0033705511500343732,0.9981169
5266,-0.0026889433879837554,0.9986902
5267,-0.0013257275464848561,0.9985189
5268,-0.0006441194670356865,0.9991477
5269,0.0007190963744632128,0.9986131
5270,0.0014007044539123825,0.9990636
5271,0.002082312533360664,0.9991178
5272,0.0034455283748595633,0.9988188
5273,0.004127136454308733,0.9973834
5274,0.004808744216358463,0.9974605
5275,0.006171960375255914,0.9988444
5276,0.006853568137306532,0.9976701
5277,0.008216784296203983,0.9977257
5278,0.0088983920582546,0.9981403
5279,0.009580000137702882,0.9992382
5280,0.01094321597920267,0.9978522
5281,0.011624824058650951,0.9982876
5282,0.01298803990014985,0.9987993
5283,0.01366964797959902,0.9994194
5284,0.01435125574164875,1.0010574
5285,0.0157144719005462,1.0005229
5286,0.01639607966259682,0.9995533
5287,0.01775929582149427,0.9999462
5288,0.018440903583544888,0.9996384
5289,0.01912251166299317,1.0001229
5290,0.020485727504492957,1.0002058
5291,0.021167335583941238,0.9999859
5292,0.021848943345991856,1.0002115
5293,0.023212159504889307,1.0006999
5294,0.023893767266939037,0.9997173
5295,0.025256983425837376,0.9994637
5296,0.025938591187887106,1.0003198
5297,0.026620199267336275,1.0002189
5298,0.027983415108835175,0.9997232
5299,0.028665023188283456,0.999657
5300,0.030028239029783244,1.0004598
5301,0.030709847109231525,0.9999454
5302,0.031391455188680695,0.9993424
5303,0.032754671030179594,1.0000075
5304,0.033436279109627876,0.9994688
5305,0.03479949495112766,1.0002793
5306,0.03548110271317739,1.0012172
5307,0.03616271079262656,0.9993455
5308,0.03752592663412546,0.9998254
5309,0.03820753471357374,1.000393
5310,0.03888914279302291,0.999194
5311,0.04025235863452181,0.9998885
5312,0.04093396671397098,0.9987828
5313,0.04229718255546988,0.9998937
5314,0.04297879063491816,1.0002037
5315,0.04366039839696878,1.0004533
5316,0.04502361455586623,0.9990567
5317,0.04570522231791685,0.9990281
5318,0.04706843815941575,1.0003612
5319,0.04775004623886403,0.999821
5320,0.0484316543183132,0.9990917
5321,0.0497948701598121,1.0002993
5322,0.05047647823926127,1.0002519
5323,0.05183969408076017,1.0002016
5324,0.05252130216020845,1.000684
5325,0.05320290992225907,1.0005189
5326,0.05456612608115652,0.9999477
5327,0.055247733843207136,1.0007246
5328,0.05592934192265542,1.0003907
5329,0.05729255776415432,1.0000257
5330,0.05797416584360349,0.9992527
5331,0.059337381685102386,0.9998108
5332,0.060018989764551556,1.0015081
5333,0.060700597526601285,0.9996745
5334,0.06206381368549874,1.0004058
5335,0.06274542144754935,1.0000237
5336,0.0641086376064468,0.9999642
5337,0.06479024536849742,1.000028
5338,0.0654718534479457,0.9995448
5339,0.0668350692894446,1.0000862
5340,0.06751667736889377,0.9992129
5341,0.06887989321039267,1.0000173
5342,0.06956150128984184,1.0003913
5343,0.07024310936929012,1.0002865
5344,0.07160632521078902,0.9997274
5345,0.07228793297283964,1.0013577
5346,0.07296954105228881,0.9989171
5347,0.07433275689378771,1.0007471
5348,0.07501436497323599,0.9990748
5349,0.07637758081473578,1.0001691
5350,0.07705918889418406,0.9991223
5351,0.07774079697363323,1.0001919
5352,0.07910401281513213,0.9996749
5353,0.07978562089458041,1.0001372
5354,0.08114883673607931,1.0003337
5355,0.08183044481552848,1.0002752
5356,0.0825120525775791,1.0014228
5357,0.083875268419078,0.9999831
5358,0.08455687649852628,1.0003807
5359,0.08592009234002607,1.0005623
5360,0.08660170041947435,0.999719
5361,0.08728330849892352,0.9992505
5362,0.08864652434042242,0.9993497
5363,0.0893281324198707,1.0002755
5364,0.09000974018192132,1.0004763
5365,0.09137295634081877,1.0005333
5366,0.09205456410286939,1.0005965
5367,0.09341778026176684,1.0003794
5368,0.09409938802381657,1.0001192
5369,0.09478099610326574,0.9996194
5370,0.09614421194476463,0.9997529
5371,0.0968258200242138,0.9994997
5372,0.0981890358657127,0.9994766
5373,0.09887064394516099,0.999835
5374,0.0995522517072116,1.0008109
5375,0.10091546786610905,0.9994547
5376,0.10159707562815967,1.0011902
5377,0.10296029178705712,0.9994062
5378,0.10364189954910685,1.0003323
5379,0.10432350762855602,0.9997747
5380,0.10568672347005492,0.9996126
5381,0.10636833154950409,1.0007019
5382,0.10704993931155382,0.9997132
5383,0.10841315547045127,0.9997324
5384,0.10909476323250189,1.0008973
5385,0.11045797939139934,1.0009723
5386,0.11113958715344996,1.001666
5387,0.11182119523289824,0.9997783
5388,0.11318441107439714,1.0000282
5389,0.11386601915384631,1.0005374
5390,0.11522923499534521,1.0016843
5391,0.11591084307479438,1.0001784
5392,0.11659245115424266,1.0006934
5393,0.11795566699574156,0.9989472
5394,0.11863727507519073,1.0000205
5395,0.12000049091668963,1.0000563
5396,0.12068209867874025,0.9996188
5397,0.12136370675818853,0.999097
5398,0.12272692259968743,1.000414
5399,0.1234085306791366,0.9994295
5400,0.12409013875858488,0.9990323
5401,0.12545335460008467,0.9996575
5402,0.12613496267953295,1.000857
5403,0.12749817852103185,1.0000781
5404,0.12817978660048102,1.0002766
5405,0.12886139436253163,1.0005244
5406,0.13022461052142908,1.0000095
5407,0.13090621828347881,0.9988873
5408,0.13226943412497771,0.9987741
5409,0.13295104220442688,0.9999697
5410,0.13363265028387605,1.0003755
5411,0.13499586612537495,1.0006686
5412,0.13567747420482323,1.0000296
5413,0.13704069004632213,0.9996205
5414,0.1377222981257713,1.0017832
5415,0.13840390588782192,1.0003393
5416,0.13976712204671937,0.9996362
5417,0.1404487298087691,0.9996599
5418,0.14113033788821827,1.0005745
5419,0.14249355372971717,0.999472
5420,0.14317516180916634,0.9997514
5421,0.14453837765066524,0.9994418
5422,0.14521998573011352,0.9991527
5423,0.14590159349216414,0.9991816
5424,0.1472648096510616,0.9991208
5425,0.1479464174131122,0.9997356
5426,0.14930963357200966,0.9999897
5427,0.1499912413340594,0.9994368
5428,0.15067284941350856,1.0007033
5429,0.15203606525500746,1.0012239
5430,0.15271767333445663,0.9995317
5431,0.15408088917595553,0.9986083
5432,0.1547624972554038,1.001365
5433,0.15544410533485298,0.9995073
5434,0.15680732117635188,0.9995406
5435,0.1574889289384025,1.0002229
5436,0.15817053701785078,1.0003263
5437,0.15953375285934968,0.9998947
5438,0.16021536093879885,1.000616
5439,0.16157857678029774,0.9999278
5440,0.16226018485974691,0.9998981
5441,0.1629417929391952,0.9992784
5442,0.1643050087806941,0.9994927
5443,0.16498661686014326,1.000696
5444,0.16634983270164216,0.9996231
5445,0.16703144078109133,0.9991851
5446,0.16771304854314106,1.0007312
5447,0.16907626438463996,0.9990656
5448,0.16975787246408913,0.9992714
5449,0.17112108830558803,0.9990279
5450,0.1718026963850372,1.0005787
5451,0.17248430446448548,0.9995084
5452,0.17384752030598438,0.9998497
5453,0.17452912838543355,1.0004187
5454,0.17521073614748328,0.9995257
5455,0.17657395230638162,1.0022828
5456,0.17725556006843135,0.9993327
5457,0.1786187762273288,0.9996803
5458,0.17930038398937942,1.0003442
5459,0.1799819920688277,1.0005393
5460,0.1813452079103275,0.999689
5461,0.18202681598977577,1.0001512
5462,0.18339003183127467,1.0007171
5463,0.18407163991072384,0.999671
5464,0.18475324767277357,1.0006093
5465,0.1861164638316719,1.0000723
5466,0.18679807159372164,0.9992844
5467,0.1881612877526191,1.0006696
5468,0.1888428955146697,1.0000654
5469,0.189524503594118,0.9996614
5470,0.19088771943561778,0.9994009
5471,0.19156932751506606,0.9987562
5472,0.19225093527711667,0.9994799
5473,0.19361415143601413,1.0005157
5474,0.19429575919806474,0.9995516
5475,0.1956589753569622,1.0015707
5476,0.19634058311901192,0.9995955
5477,0.1970221911984611,0.9999401
5478,0.19838540703996,0.9996036
5479,0.19906701511940827,0.9996287
5480,0.20043023096090806,0.9997791
5481,0.20111183904035634,0.9989946
5482,0.2017934471198055,0.9994299
5483,0.2031566629613044,1.0006155
5484,0.2038382710407527,0.999884
5485,0.20520148688225248,1.000626
5486,0.2058830946443022,1.0000203
5487,0.20656470272375138,0.9998128
5488,0.20792791856525028,0.9999369
5489,0.20860952664469856,1.0000568
5490,0.20929113472414773,0.9997101
5491,0.21065435056564663,0.9993069
5492,0.2113359586450958,1.0004989
5493,0.2126991744865947,1.0003915
5494,0.21338078256604298,0.9994798
5495,0.2140623903280936,1.0007586
5496,0.21542560648699105,1.000504
5497,0.21610721424904167,0.9995887
5498,0.21747043009054057,1.0017855
5499,0.21815203816998974,0.9998784
5500,0.21883364624943802,1.0000701
5501,0.22019686209093692,0.9990281
5502,0.2208784701703861,1.0000855
5503,0.222241686011885,1.0002123
5504,0.22292329409133327,0.9997525
5505,0.2236049018533839,0.9998981
5506,0.22496811801228134,1.0001358
5507,0.22564972577433196,0.9998833
5508,0.22633133385378024,1.0007379
5509,0.22769454969528002,1.00009
5510,0.2283761577747283,0.9996729
5511,0.2297393736162272,0.9994433
5512,0.23042098169567637,0.9994035
5513,0.2311025894577261,0.9990412
5514,0.23246580561662356,0.9994705
5515,0.23314741337867417,0.9993831
5516,0.23451062953757162,0.9987792
5517,0.23519223729962224,0.9997728
5518,0.23587384537907052,1.0002846
5519,0.2372370612205703,1.0006049
5520,0.2379186693000186,1.0011427
5521,0.2392818851415175,0.9990575
5522,0.23996349322096666,0.9995269
5523,0.24064510130041494,1.0000662
5524,0.24200831714191384,1.0002092
5525,0.24268992490396446,0.9995725
5526,0.24337153298341363,0.9997078
5527,0.24473474882491253,1.000025
5528,0.2454163569043608,0.9998282
5529,0.2467795727458606,0.9993764
5530,0.24746118082530888,0.9993042
5531,0.24814278890475805,1.0004889
5532,0.24950600474625695,1.0008435
5533,0.25018761282570523,0.9987744
5534,0.251550828667205,1.0009233
5535,0.2522324367466533,1.0000028
5536,0.2529140445087039,1.0006273
5537,0.2549588684296511,0.9996608
5538,0.2563220842711509,1.0000231
5539,0.25700369235059917,0.9989853
5540,0.25768530043004834,1.0009996
5541,0.25904851627154724,0.9996756
5542,0.2597301243509955,1.001047
5543,0.26041173211304613,1.0003031
5544,0.2617749482719436,0.9996878
5545,0.2624565560339942,1.0005913
5546,0.26381977219289166,0.9993763
5547,0.2645013799549414,1.0018334
5548,0.26518298803439055,1.0005746
5549,0.26654620387588945,0.9998585
5550,0.2672278119553386,0.9995075
5551,0.2685910277968375,0.9992571
5552,0.2692726358762858,1.0004107
5553,0.2699542436383364,1.0000853
5554,0.2713174597972339,1.0009221
5555,0.2719990675592845,1.0012969
5556,0.27336228371818194,1.0008294
5557,0.27404389148023167,0.9987916
5558,0.27472549955968084,0.9999728
5559,0.27608871540117974,1.001368
5560,0.2767703234806289,1.0005336
5561,0.27745193124267864,0.999648
5562,0.2788151474015761,1.0000619
5563,0.2794967551636267,1.0008731
5564,0.28085997132252416,1.0007194
5565,0.2815415790845748,1.0001411
5566,0.28222318716402306,1.000113
5567,0.28358640300552196,0.9993449
5568,0.28426801108497113,1.000699
5569,0.28563122692647,0.9991662
5570,0.2863128350059192,1.0004694
5571,0.2869944430853675,1.0005421
5572,0.2883576589268664,0.9989226
5573,0.28903926700631555,0.9999568
5574,0.29040248284781445,0.9992082
5575,0.29108409060986506,1.0001843
5576,0.29176569868931335,1.0001271
5577,0.29312891453081225,0.9997148
5578,0.2938105226102614,1.0004456
5579,0.2944921306897106,0.9996446
5580,0.2958553465312095,0.9992255
5581,0.29653695461065777,0.9997697
5582,0.29790017045215667,1.0001446
5583,0.29858177853160583,1.000572
5584,0.29926338629365645,0.999706
5585,0.3006266024525539,0.9991361
5586,0.30130821021460363,1.0011522
5587,0.3026714260561034,1.0008086
5588,0.3033530341355517,1.0013679
5589,0.30403464221500087,1.000812
5590,0.30539785805649977,0.9993387
5591,0.30607946613594805,1.0002634
5592,0.30744268197744695,0.9988588
5593,0.3081242900568961,0.9999119
5594,0.30880589781894674,0.9994994
5595,0.3101691139778442,0.9998859
5596,0.3108507217398939,0.9989694
5597,0.3115323298193431,1.0007838
5598,0.312895545660842,1.0007336
5599,0.31357715374029116,0.999568
5600,0.31494036958179006,1.0000966
5601,0.31562197766123834,1.0001217
5602,0.31630358542328896,0.9997436
5603,0.3176668015821864,1.0003068
5604,0.318348409344237,0.999979
5605,0.3197116255031345,1.0008953
5606,0.3203932332651842,0.9996537
5607,0.3210748413446334,1.0004033
5608,0.3224380571861323,0.9999495
5609,0.32311966526558145,1.0000639
5610,0.32448288110708035,1.0000442
5611,0.3251644891865286,1.000189
5612,0.3258460972659778,1.0000279
5613,0.3272093131074767,1.0009746
5614,0.3278909208695273,0.9991224
5615,0.3285725289489756,1.0003267
5616,0.3299357447904745,1.0015745
5617,0.33061735286992366,0.9988061
5618,0.33198056871142256,0.9996688
5619,0.33266217679087173,1.0005265
5620,0.33334378487032,0.9997609
5621,0.3347070007118189,1.0000681
5622,0.3353886087912681,1.0000641
5623,0.336751824632767,0.9990036
5624,0.33743343271221615,0.9993762
5625,0.3381150404742659,0.9991455
5626,0.3394782563157648,0.9996048
5627,0.34015986439521395,0.9996056
5628,0.34152308023671285,0.9986347
5629,0.342204688316162,1.0001279
5630,0.3428862963956103,0.9986685
5631,0.3442495122371092,1.0005775
5632,0.34493112031655837,1.0011877
5633,0.345612728078609,1.0000838
5634,0.34697594423750644,0.9989199
5635,0.34765755199955617,0.9999836
5636,0.3490207681584536,0.9999082
5637,0.34970237592050424,0.9996889
5638,0.3503839839999525,1.0003301
5639,0.3517471998414523,0.9999615
5640,0.3524288079209006,0.9998443
5641,0.3537920237623995,0.9993235
5642,0.35447363184184866,0.9998933
5643,0.3551552396038993,0.9995869
5644,0.3565184557627967,0.9994895
5645,0.35720006352484646,0.999578
5646,0.3585632796837439,0.9996998
5647,0.3592448874457945,1.0001429
5648,0.3599264955252437,0.9992384
5649,0.3612897113667426,0.999998
5650,0.3619713194461909,1.0011134
5651,0.3626529272082415,0.9999077
5652,0.36401614336713894,0.999816
5653,0.36469775112918956,0.9992057
5654,0.366060967288087,0.9998762
5655,0.36674257505013674,0.9997912
5656,0.3674241831295859,1.0001314
5657,0.3687873989710848,1.0008018
5658,0.369469007050534,1.0010481
5659,0.3708322228920329,0.998982
5660,0.37151383097148116,0.9991583
5661,0.37219543905093033,0.9989688
5662,0.37355865489242923,1.0006018
5663,0.3742402629718775,1.000589
5664,0.3756034788133773,0.9998141
5665,0.37628508657542703,0.9996976
5666,0.3769666946548762,1.0009393
5667,0.3783299104963751,1.0000565
5668,0.37901151857582427,0.9987848
5669,0.37969312665527255,1.0002908
5670,0.38105634249677145,0.9997922
5671,0.3817379505762206,1.0009388
5672,0.3831011664177195,0.9994581
5673,0.3837827744971678,0.9998514
5674,0.3844643822592184,0.9991854
5675,0.38582759841811587,0.9989604
5676,0.3865092061801665,1.0020573
5677,0.3878724220216654,0.9993439
5678,0.38855403010111456,0.999527
5679,0.38923563818056284,0.998644
5680,0.39059885402206174,0.9999604
5681,0.3912804621015109,1.000774
5682,0.3926436779430098,1.0003848
5683,0.393325286022459,0.9999489
5684,0.3940068937845087,1.0019083
5685,0.39537010994340616,1.0005958
5686,0.3960517177054568,1.0000047
5687,0.39673332578490506,0.9998513
5688,0.39809654162640484,0.999412
5689,0.3987781497058531,0.9988304
5690,0.400141365547352,1.0001678
5691,0.4008229736268012,0.9998484
5692,0.4015045813888509,0.9996391
5693,0.40286779754774926,1.0001985
5694,0.403549405309799,0.9999979
5695,0.40491262146869644,0.9993292
5696,0.40559422923074706,0.9998682
5697,0.40627583731019534,0.9995174
5698,0.40763905315169513,0.9996482
5699,0.4083206612311434,1.0005547
5700,0.4096838770726423,0.9995485
5701,0.4103654851520915,0.9997311
5702,0.41104709323153976,0.9997157
5703,0.41241030907303955,0.999702
5704,0.4130919168350893,0.999157
5705,0.41377352491453845,0.9983289
5706,0.41513674075603735,0.9994184
5707,0.41581834883548563,0.9990556
5708,0.4171815646769854,0.9999024
5709,0.4178631727564337,0.9994873
5710,0.41854478083588287,0.9991686
5711,0.41990799667738177,1.0020863
5712,0.42058960475683005,0.999218
5713,0.42195282059832984,1.0001549
5714,0.4226344286777781,0.9994335
5715,0.42331603643982874,0.999445
5716,0.42467925228132763,0.9994379
5717,0.4253608603607759,1.0006757
5718,0.4267240762022757,0.9995477
5719,0.427405684281724,0.9997208
5720,0.42808729236117316,0.9998918
5721,0.42945050820267205,1.000732
5722,0.43013211628212034,1.0003998
5723,0.43081372404417095,0.9995072
5724,0.4321769402030684,1.0017254
5725,0.432858547965119,1.0010014
5726,0.4342217641240165,0.9998632
5727,0.4349033718860662,1.0001104
5728,0.4355849799655154,1.000069
5729,0.4369481958070143,1.0003004
5730,0.43762980388646344,1.0003354
5731,0.43899301972796234,1.0003804
5732,0.4396746278074106,0.9993737
5733,0.44035623556946124,1.0001803
5734,0.4417194517283587,0.999935
5735,0.4424010594904093,1.0004801
5736,0.44376427564930676,1.0016924
5737,0.4444458834113574,0.9999561
5738,0.44512749149080566,1.0002092
5739,0.44649070733230456,1.0009883
5740,0.44717231541175373,1.0003471
5741,0.44785392317380346,1.0004567
5742,0.4492171393327009,1.0001528
5743,0.4498987470947515,0.9999803
5744,0.451261963253649,1.0002749
5745,0.4519435710156996,0.999311
5746,0.4526251790951479,1.0006252
5747,0.45398839493664767,0.9991771
5748,0.45467000301609595,0.9995269
5749,0.45603321885759485,0.9999074
5750,0.456714826937044,1.0001187
5751,0.4573964350164923,0.9992969
5752,0.4587596508579912,1.0014761
5753,0.45944125893744037,1.0000188
5754,0.46080447477893927,1.0009916
5755,0.4614860825409899,1.000357
5756,0.46216769062043817,1.0005462
5757,0.46353090646193795,0.999871
5758,0.46421251454138623,0.9999241
5759,0.4648941226208354,0.9999833
5760,0.4662573384623343,1.0000654
5761,0.4669389465417826,0.9991161
5762,0.4683021623832815,1.0008548
5763,0.46898377046273065,0.9995723
5764,0.46966537822478127,1.0012033
5765,0.4710285943836787,0.999404
5766,0.47171020214572845,0.9993063
5767,0.47307341798722824,0.9997797
5768,0.4737550260666765,1.0004863
5769,0.4744366341461257,0.999668
5770,0.4757998499876246,0.9994107
5771,0.47648145806707287,1.0005702
5772,0.47784467390857266,0.9989878
5773,0.47852628198802094,0.9999579
5774,0.47920788975007156,0.9999682
5775,0.480571105908969,1.0013138
5776,0.48125271367101874,0.9997696
5777,0.4819343217504679,1.0002987
5778,0.4832975375919668,1.000378
5779,0.483979145671416,1.000508
5780,0.4853423615129149,1.0009548
5781,0.48602396959236316,0.9998222
5782,0.4867055773544138,0.999573
5783,0.4880687935133112,1.0016981
5784,0.48875040127536185,0.999522
5785,0.4901136174342593,0.9995299
5786,0.490795225196309,1.0007381
5787,0.4914768332757582,0.9996795
5788,0.4928400491172571,1.0012436
5789,0.49352165719670626,0.9991735
5790,0.49488487303820516,0.9997806
5791,0.49556648111765345,1.0006269
5792,0.4962480891971026,0.999569
5793,0.4976113050386015,1.0002822
5794,0.49829291280065213,0.9990089
5795,0.4989745208801004,0.9991177
5796,-0.4996622632784007,0.9993669
5797,-0.4989806551989515,0.9996368
5798,-0.4976174393574526,1.0002954
5799,-0.49693583127800345,1.0002257
5800,-0.49625422319855517,0.999617
5801,-0.49489100735705627,1.0004193
5802,-0.4942093992776071,0.9993372
5803,-0.4928461834361082,1.0004054
5804,-0.49216457535665903,0.9995141
5805,-0.4914829675946093,0.999321
5806,-0.4901197517531104,1.0003131
5807,-0.48943814367366123,0.9991364
5808,-0.48807492783216233,1.0002217
5809,-0.48739331975271316,0.9997829
5810,-0.4867117116732649,0.9994765
5811,-0.485348495831766,1.0006712
5812,-0.4846668877523168,1.0004863
5813,-0.4839852799902662,0.9994435
5814,-0.48262206383136874,1.0003686
5815,-0.481940456069319,0.9995053
5816,-0.48057723991042156,1.0016965
5817,-0.47989563214837094,1.0002547
5818,-0.4792140240689218,1.0009198
5819,-0.4778508082274229,1.0005281
5820,-0.4771692001479746,1.0024008
5821,-0.4758059843064757,0.9999542
5822,-0.4751243762270265,0.9999776
5823,-0.4744427684649759,0.999469
5824,-0.47307955230607845,1.0004766
5825,-0.4723979445440287,1.0007164
5826,-0.4710347283851313,0.9993705
5827,-0.47035312062308066,1.000032
5828,-0.4696715125436315,1.0002712
5829,-0.4683082967021326,1.0001851
5830,-0.4676266886226843,1.0003988
5831,-0.4669450808606337,0.9992878
5832,-0.46558186470173624,0.9992845
5833,-0.4649002569396856,0.9999707
5834,-0.46353704078078817,1.0004039
5835,-0.46285543301873844,0.9997976
5836,-0.46217382493928927,1.0000805
5837,-0.46081060909779037,1.000318
5838,-0.4601290010183412,0.9998014
5839,-0.4587657851768423,0.9997153
5840,-0.458084177097394,0.9995725
5841,-0.45740256901794485,0.9989229
5842,-0.45603935317644595,1.0000395
5843,-0.4553577450969968,0.9988335
5844,-0.4539945292554979,1.000112
5845,-0.45331292149344815,0.9999415
5846,-0.452631313413999,0.9996704
5847,-0.4512680975725001,0.9999045
5848,-0.4505864894930509,1.0002007
5849,-0.44990488141360263,0.9996212
5850,-0.44854166557210373,1.0004845
5851,-0.44786005749265456,1.0001513
5852,-0.44649684165115566,0.9998089
5853,-0.4458152335717065,0.9999929
5854,-0.44513362580965676,0.9991185
5855,-0.4430888018887087,0.9989222
5856,-0.4417255860472098,0.9989385
5857,-0.4410439779677606,0.9999991
5858,-0.44036236988831234,1.0006959
5859,-0.43899915404681344,0.9992306
5860,-0.4383175459673643,0.9992902
5861,-0.4369543301258654,0.9996419
5862,-0.4362727220464162,0.9996405
5863,-0.4355911142843665,0.9995118
5864,-0.434227898125469,1.0010077
5865,-0.4335462903634184,1.0000197
5866,-0.4328646822839701,1.0003084
5867,-0.43150146644247034,1.0008092
5868,-0.43081985836302206,0.9997936
5869,-0.42945664252152316,0.9998852
5870,-0.428775034442074,0.9998387
5871,-0.42809342668002337,1.0007268
5872,-0.4267302105211259,0.9994547
5873,-0.4260486027590762,0.9993047
5874,-0.42468538660017874,1.0006487
5875,-0.4240037788381281,1.0006141
5876,-0.42332217075867984,1.0008814
5877,-0.42195895491718005,1.0003093
5878,-0.42127734683773177,0.9994423
5879,-0.41991413099623287,1.0004684
5880,-0.4192325229167837,0.9991273
5881,-0.4185509148373354,0.9993323
5882,-0.41718769899583563,0.9999093
5883,-0.4165060912337859,0.9996562
5884,-0.41582448315433673,1.0006116
5885,-0.41446126731283783,1.0001059
5886,-0.41377965923338866,1.0008497
5887,-0.41241644339188976,1.001127
5888,-0.4117348353124415,1.0003309
5889,-0.4110532272329923,1.0010982
5890,-0.4096900113914934,0.9996195
5891,-0.40900840331204513,1.0008702
5892,-0.40764518747054534,0.9990726
5893,-0.40696357939109706,0.9995659
5894,-0.40628197162904645,0.9995341
5895,-0.40491875578754755,0.9999533
5896,-0.4042371477080984,1.0007677
5897,-0.4028739318665995,0.9988612
5898,-0.4021923237871512,0.9990657
5899,-0.401510715707702,0.9991866
5900,-0.4001474998662031,1.0000475
5901,-0.39946589178675485,0.9998185
5902,-0.3987842840247042,1.000754
5903,-0.3974210678658068,1.0004581
5904,-0.39673946010375616,0.9999558
5905,-0.3953762439448587,0.9999895
5906,-0.3946946361828081,1.0013104
5907,-0.3940130281033598,0.9998771
5908,-0.3926498122618609,1.0000663
5909,-0.39196820418241174,0.9995603
5910,-0.39060498834091284,1.0003179
5911,-0.38992338026146456,0.9994524
5912,-0.38924177249941394,0.9996182
5913,-0.3878785563405165,0.999373
5914,-0.38719694857846587,1.0009817
5915,-0.3858337324195684,0.9997363
5916,-0.3851521246575178,1.0000767
5917,-0.3844705165780695,0.9992833
5918,-0.3831073007365706,1.0004391
5919,-0.38242569265712145,1.0000135
5920,-0.3817440848950717,1.0011484
5921,-0.3803808687361734,0.9999078
5922,-0.37969926097412365,1.0002728
5923,-0.3783360448152262,0.9999442
5924,-0.3776544370531756,1.0004487
5925,-0.3769728289737273,1.0001605
5926,-0.3756096131322275,0.9989302
5927,-0.37492800505277923,1.0001953
5928,-0.37356478921128033,0.9999316
5929,-0.37288318113183117,0.9987997
5930,-0.3722015730523829,1.000102
5931,-0.3708383572108831,0.9996806
5932,-0.3701567491314348,0.9994831
5933,-0.3687935332899359,1.0004698
5934,-0.3681119255278853,1.000012
5935,-0.367430317448437,1.0003392
5936,-0.36606710160693723,0.9995028
5937,-0.36538549352748895,0.9994517
5938,-0.3633406696065409,0.9988136
5939,-0.3626590615270926,1.0003936
5940,-0.3612958456855928,1.0005406
5941,-0.3606142376061445,1.0001047
5942,-0.3599326298440939,0.9995477
5943,-0.35856941368519646,1.0002618
5944,-0.35788780592314673,0.9989211
5945,-0.35652459008164694,1.0002563
5946,-0.35584298200219866,0.9998492
5947,-0.3551613739227495,1.0002029
5948,-0.3537981580812506,1.0004979
5949,-0.3531165500018023,0.9994078
5950,-0.3517533341603025,1.0004125
5951,-0.35107172608085424,0.9998545
5952,-0.3503901183188036,0.9987133
5953,-0.34902690215990617,0.9997175
5954,-0.34834529439785644,1.0000287
5955,-0.3476636863184073,1.0002948
5956,-0.3463004704769084,0.9998936
5957,-0.3456188623974592,1.0004427
5958,-0.3442556465559603,0.999622
5959,-0.343574038476512,0.9994687
5960,-0.3428924307144614,1.000332
5961,-0.34152921455556395,1.0000152
5962,-0.34084760679351334,0.9991692
5963,-0.3394843906346159,0.9995117
5964,-0.33880278287256615,0.9997953
5965,-0.338121174793117,0.9999987
5966,-0.3367579589516181,0.9987484
5967,-0.3360763508721689,1.0003749
5968,-0.33471313503067,0.9999672
5969,-0.33334991887177257,1.0015833
5970,-0.33198670303027367,1.000318
5971,-0.33130509526822305,0.9995572
5972,-0.33062348718877477,1.0004863
5973,-0.329260271347275,1.0010647
5974,-0.3285786632678267,0.999354
5975,-0.3272154474263278,1.0003063
5976,-0.32653383934687863,0.9996606
5977,-0.32585223126743035,0.9998625
5978,-0.32448901542593145,0.999668
5979,-0.3238074073464823,1.0007132
5980,-0.3224441915049834,0.9999186
5981,-0.3217625834255342,0.9993822
5982,-0.3210809756634845,1.0004068
5983,-0.3197177598219847,1.0004163
5984,-0.3190361517425364,0.9992922
5985,-0.3176729359010375,0.9996173
5986,-0.31699132782158834,0.9997659
5987,-0.31630971974214006,1.000642
5988,-0.31494650390064116,0.9991651
5989,-0.314264895821192,0.999807
5990,-0.3135832880591414,1.0000359
5991,-0.3122200719002439,1.0000636
5992,-0.3115384641381942,1.0001092
5993,-0.31017524797929674,1.0005857
5994,-0.3094936402172461,0.999917
5995,-0.30881203213779695,0.9999843
5996,-0.30744881629629806,0.9999636
5997,-0.3067672082168498,0.9979973
5998,-0.3054039923753509,0.9996843
5999,-0.3047223842959017,0.9990207
6000,-0.3040407765338511,0.999449
6001,-0.30267756037495364,0.9995183
6002,-0.3019959526129039,0.9998753
6003,-0.30063273645400646,0.9993484
6004,-0.29995112869195584,1.0000986
6005,-0.29926952061250667,1.001356
6006,-0.29790630477100777,0.9992258
6007,-0.2972246966915595,1.0003635
6008,-0.29654308892950887,1.0005907
6009,-0.2951798727706114,1.0002068
6010,-0.2944982650085608,1.0000071
6011,-0.29313504884966335,0.9998749
6012,-0.2924534410876136,1.0001221
6013,-0.29177183300816445,0.9989448
6014,-0.29040861716666555,0.9995542
6015,-0.2897270090872164,1.0005312
6016,-0.2883637932457175,1.0007585
6017,-0.2876821851662692,0.9997078
6018,-0.28700057708682003,0.9997223
6019,-0.28563736124532113,1.0003201
6020,-0.28495575316587196,0.9996422
6021,-0.28359253732437306,0.9999671
6022,-0.28291092956232333,1.0000528
6023,-0.28222932148287416,0.9992193
6024,-0.28086610564137526,1.0008534
6025,-0.2801844975619261,1.0005959
6026,-0.2795028894824778,0.9996716
6027,-0.2781396736409789,1.0004068
6028,-0.27745806556152974,1.0001196
6029,-0.27609484972003084,1.0009821
6030,-0.2754132416405817,0.99939
6031,-0.27473163387853194,1.0003308
6032,-0.2733684177196345,1.0010755
6033,-0.2726868099575839,0.9985435
6034,-0.271323594116085,1.000669
6035,-0.2706419860366358,0.9996058
6036,-0.2699603779571875,0.9994805
6037,-0.2685971621156886,1.0011253
6038,-0.26791555403623946,1.0007276
6039,-0.26655233819474056,0.9997049
6040,-0.2658707301152914,1.0000671
6041,-0.26518912235324166,0.9998989
6042,-0.2638259061943442,0.9995339
6043,-0.2631442984322936,1.0003099
6044,-0.2624626903528444,1.0002424
6045,-0.2610994745113455,1.0006462
6046,-0.26041786643189724,1.0004103
6047,-0.25905465059039834,0.9994865
6048,-0.25837304251094917,1.0003833
6049,-0.25769143474889855,0.9996995
6050,-0.2563282185900011,1.0007483
6051,-0.25564661082795137,0.9997416
6052,-0.2542833946690539,1.0005492
6053,-0.2536017869070033,0.9996323
6054,-0.25292017882755413,1.0004696
6055,-0.25155696298605523,0.999969
6056,-0.25087535490660695,1.0011055
6057,-0.24951213906510805,1.000259
6058,-0.24883053098565888,0.9989474
6059,-0.2481489229062106,0.9998789
6060,-0.2467857070647108,0.9995969
6061,-0.24610409930266108,1.0003473
6062,-0.2454224912232119,1.0004711
6063,-0.24405927538171301,1.0019517
6064,-0.24337766730226384,0.999465
6065,-0.24201445146076495,0.9995351
6066,-0.24133284338131666,1.0004368
6067,-0.2406512353018675,0.9995172
6068,-0.2392880194603686,1.0003836
6069,-0.23860641138091943,0.9999921
6070,-0.23724319553942053,0.9996641
6071,-0.23656158745997224,1.0001372
6072,-0.23587997969792163,0.999735
6073,-0.23451676385642273,1.0012193
6074,-0.23383515577697356,0.9992918
6075,-0.23247193993547466,1.0001426
6076,-0.23179033185602638,0.9993171
6077,-0.2311087237765772,1.0000527
6078,-0.2297455079350783,1.0012745
6079,-0.22906389985562914,0.9997184
6080,-0.2283822920935794,0.9991738
6081,-0.22701907593468196,1.0000415
6082,-0.22633746817263134,0.9999643
6083,-0.2249742520137339,1.0000495
6084,-0.22429264425168327,0.9997276
6085,-0.223611036172235,1.0008881
6086,-0.2222478203307361,1.0005124
6087,-0.22156621225128692,1.0007175
6088,-0.22020299640978802,0.9998217
6089,-0.21952138833033885,0.9999181
6090,-0.21883978056828912,0.9996744
6091,-0.21747656440939167,0.9995016
6092,-0.21679495664734105,1.000247
6093,-0.2154317404884436,0.9996946
6094,-0.21475013272639298,1.0003493
6095,-0.2140685246469447,0.9995434
6096,-0.2127053088054458,1.0007925
6097,-0.21202370072599663,1.0003031
6098,-0.21134209296394602,1.0000682
6099,-0.20997887680504856,0.9988769
6100,-0.20929726904299883,0.9994917
6101,-0.20793405288410138,1.0010656
6102,-0.20725244512205077,1.000334
6103,-0.20657083704260248,0.9998585
6104,-0.2052076212011027,0.9999749
6105,-0.20452601312165442,0.9998575
6106,-0.20316279728015552,0.9992118
6107,-0.20248118920070635,1.0009695
6108,-0.20179958112125806,0.9999154
6109,-0.20043636527975828,1.0005878
6110,-0.19975475720031,0.9994833
6111,-0.1983915413588111,1.0001911
6112,-0.19770993359676048,1.000172
6113,-0.1970283255173122,0.9994711
6114,-0.1956651096758124,1.0009825
6115,-0.19498350159636413,1.000345
6116,-0.19430189351691496,0.9997096
6117,-0.19293867767541606,1.0005075
6118,-0.19225706959596778,1.000602
6119,-0.190893853754468,1.0005263
6120,-0.1902122456750197,0.9999046
6121,-0.1895306379129691,1.0000444
6122,-0.18816742175407164,0.9999597
6123,-0.18748581399202102,0.9999762
6124,-0.18612259815052212,1.0001775
6125,-0.18544099007107384,1.0007695
6126,-0.18475938199162467,0.9994291
6127,-0.18339616615012577,0.9995813
6128,-0.1827145580706775,0.9997289
6129,-0.1813513422291777,0.9999858
6130,-0.18066973414972942,0.9996331
6131,-0.1799881263876788,0.9999911
6132,-0.17862491022878135,1.00132
6133,-0.17794330246673074,1.0008243
6134,-0.17726169438728245,0.9991099
6135,-0.17589847854578355,0.9998258
6136,-0.17521687046633438,1.0002052
6137,-0.17385365462483549,0.9997669
6138,-0.1731720465453872,0.9998603
6139,-0.17249043878333659,0.9999261
6140,-0.17112722262443913,0.999856
6141,-0.17044561486238852,1.0001229
6142,-0.16908239870349107,1.0005007
6143,-0.16840079094144045,1.0011321
6144,-0.16771918286199217,0.9997034
6145,-0.16635596702049327,0.9999971
6146,-0.1656743589410441,0.9991276
6147,-0.1643111430995452,0.9999739
6148,-0.16362953502009692,0.9992079
6149,-0.16294792694064775,1.0001526
6150,-0.16158471109914885,1.0000907
6151,-0.16090310333709823,0.9995284
6152,-0.16022149525764995,1.0000247
6153,-0.15885827941615016,1.0004716
6154,-0.15817667133670188,0.9993978
6155,-0.15681345549520298,0.999258
6156,-0.1561318474157538,0.9998273
6157,-0.15545023933630553,0.9998273
6158,-0.15408702349480574,0.9998402
6159,-0.15340541541535746,1.0002088
6160,-0.15204219957385856,1.0003949
6161,-0.1513605914944094,0.9990994
6162,-0.14931576789085987,1.0003754
6163,-0.1486341598114116,0.9995971
6164,-0.1472709439699127,0.9997109
6165,-0.14658933589046352,1.000055
6166,-0.14590772781101524,0.9996783
6167,-0.14454451196951545,1.0003052
6168,-0.14386290389006717,1.0002272
6169,-0.14318129612801656,1.0003206
6170,-0.1418180799691191,0.9994107
6171,-0.14113647220706937,0.9999071
6172,-0.13977325604817192,1.0010177
6173,-0.1390916482861213,1.0000062
6174,-0.13841004020667214,0.9992641
6175,-0.13704682436517324,0.9992378
6176,-0.13636521628572496,1.0001056
6177,-0.13500200044422517,1.0001131
6178,-0.13432039236477689,0.9992696
6179,-0.13363878460272627,1.0012851
6180,-0.13227556844382882,0.99974
6181,-0.1315939606817791,1.0006592
6182,-0.13023074452288164,0.9999023
6183,-0.12954913676083102,0.9994379
6184,-0.12886752868138185,0.99949
6185,-0.12750431283988295,0.9994102
6186,-0.12682270476043467,1.0000794
6187,-0.12614109699838405,0.9996564
6188,-0.1247778808394866,0.9998752
6189,-0.12409627307743598,0.9992354
6190,-0.1220514491564888,0.9987642
6191,-0.12136984107703963,0.9992274
6192,-0.12000662523554073,1.0003072
6193,-0.11932501715609156,0.9994255
6194,-0.11796180131459266,0.9987424
6195,-0.11728019323514438,1.0005152
6196,-0.11659858515569521,0.9996909
6197,-0.11523536931419631,1.0000701
6198,-0.11455376123474714,1.0020777
6199,-0.11319054539324824,0.9995678
6200,-0.11182732955174934,0.9997491
6201,-0.11046411371025044,0.999901
6202,-0.10978250563080127,1.0007466
6203,-0.109100897551353,0.9992953
6204,-0.1077376817098541,1.0009851
6205,-0.10705607363040492,1.0002056
6206,-0.10569285778890603,0.9998988
6207,-0.10501124970945686,0.9997757
6208,-0.10432964194740713,1.0004452
6209,-0.10296642578850967,1.0001433
6210,-0.10228481802645906,1.0000706
6211,-0.10092160218496016,0.9998798
6212,-0.10023999410551099,1.0011041
6213,-0.0995583860260627,1.0003962
6214,-0.09819517018456381,0.9991414
6215,-0.09751356210511464,0.9986848
6216,-0.09615034626361574,0.9996943
6217,-0.09546873818416657,0.9997193
6218,-0.09478713042211684,1.0008959
6219,-0.09342391426321939,1.0009266
6220,-0.09274230650116877,1.0005491
6221,-0.0920606984217196,1.0002282
6222,-0.0906974825802207,0.9996334
6223,-0.09001587450077242,0.9994076
6224,-0.08865265865927352,0.9999362
6225,-0.08797105057982435,1.0001417
6226,-0.08728944281777373,0.9998311
6227,-0.08592622665887628,0.9997001
6228,-0.08524461889682655,0.9987553
6229,-0.0838814027379291,0.9989824
6230,-0.08319979497587848,0.999449
6231,-0.08251818689642931,1.0005287
6232,-0.08115497105493041,1.0005178
6233,-0.07911014713398323,1.0010122
6234,-0.07842853905453406,1.0004112
6235,-0.0777469309750849,1.0000579
6236,-0.076383715133586,1.0006254
6237,-0.07570210737153626,1.002065
6238,-0.0750204992920871,0.99926
6239,-0.0736572834505882,1.0000277
6240,-0.07297567537113903,1.0003757
6241,-0.07161245952964013,1.000957
6242,-0.07093085145019185,1.0006531
6243,-0.07024924337074268,0.9997518
6244,-0.06888602752924378,0.9983505
6245,-0.0682044194497946,0.9999358
6246,-0.06684120360829571,1.0009167
6247,-0.06615959552884743,0.9988899
6248,-0.06547798776679681,0.9983609
6249,-0.06411477192529791,0.9997314
6250,-0.06343316384584874,1.0002297
6251,-0.06206994800434984,0.9994191
6252,-0.06138833992490156,0.998924
6253,-0.06070673184545239,1.0000639
6254,-0.05934351600395349,1.001422
6255,-0.05866190792450432,0.9988923
6256,-0.05798030016245459,0.9996903
6257,-0.05661708400355714,0.9991727
6258,-0.05593547624150652,0.9996071
6259,-0.05457226008260907,1.0001546
6260,-0.05320904424111017,0.9981723
6261,-0.05184582839961127,1.0000231
6262,-0.0511642203201621,1.0002654
6263,-0.0498010044786632,0.9993981
6264,-0.04911939639921403,1.0007119
6265,-0.0484377886371643,1.0007563
6266,-0.04707457247826685,1.0005658
6267,-0.046392964716216234,1.000248
6268,-0.04502974855731878,1.0001003
6269,-0.044348140795268165,1.0004351
6270,-0.043666532715819883,1.0009797
6271,-0.042303316874320984,0.9993339
6272,-0.041621708794871815,0.9988438
6273,-0.0409401010328212,0.9994665
6274,-0.039576884873923746,0.9988676
6275,-0.038895277111874016,0.9990488
6276,-0.037532060952976565,1.0007325
6277,-0.03685045319092595,0.9993491
6278,-0.03616884511147678,0.9995418
6279,-0.03480562926997788,0.9996712
6280,-0.034124021190529596,1.0007642
6281,-0.0327608053490307,1.000868
6282,-0.03207919726958153,1.0003348
6283,-0.031397589190133246,0.9995707
6284,-0.03003437334863346,1.0006379
6285,-0.029352765269185177,0.9999493
6286,-0.027989549427686278,0.9999959
6287,-0.02730794166563566,1.0005376
6288,-0.02662633358618649,0.9999647
6289,-0.02526311774468759,0.9997437
6290,-0.02458150966523931,1.0004727
6291,-0.02389990158579014,0.9997804
6292,-0.02253668574429124,0.9997611
6293,-0.02185507766484296,1.0002918
6294,-0.02049186182334317,0.9987557
6295,-0.01981025374389489,1.0001169
6296,-0.019128645981844272,1.0002248
6297,-0.01776542982294682,0.9990748
6298,-0.017083822060896203,0.9987345
6299,-0.015720606219397304,1.0005047
6300,-0.015038998139949022,1.0015728
6301,-0.014357390060499853,1.0000761
6302,-0.012994174219000953,0.9993271
6303,-0.012312566139551784,0.9984506
6304,-0.010949350298052885,0.9990752
6305,-0.010267742218604603,0.9976692
6306,-0.009586134456553985,0.9982004
6307,-0.008222918297656534,0.9984702
6308,-0.007541310535605916,0.9988274
6309,-0.006859702456157635,0.9998909
6310,-0.0054964866146587354,0.9984543
6311,-0.004814878535209566,0.9982817
6312,-0.0034516626937106665,0.997958
6313,-0.002770054614261497,0.99855
6314,-0.002088446852211767,0.998219
6315,-0.000725230693314316,0.9989491
6316,-4.3622931263698206e-05,0.9973656
6317,0.001319593227633753,0.9987452
6318,0.0020012009896843708,0.9980426
6319,0.0026828090691326523,0.9988031
6320,0.0040460249106315516,0.9997188
6321,0.004727632990080721,1.0003744
6322,0.0060908488315796205,0.9993138
6323,0.00677245691102879,0.998772
6324,0.007454064990477072,0.9983621
6325,0.008817280831975971,0.9990326
6326,0.009498888594026589,0.9985196
6327,0.01018049667347487,0.998463
6328,0.01222532059442294,0.9995849
6329,0.013588536435921839,0.9986257
6330,0.01495175259481929,0.9987398
6331,0.016314968436319077,1.0012693
6332,0.01699657651576736,0.9995411
6333,0.018359792357266258,0.9993688
6334,0.019041400436715428,1.0017682
6335,0.019723008198765157,1.0006232
6336,0.021767832119713226,1.0019909
6337,0.023131047961212126,0.999159
6338,0.023812656040661295,0.9994267
6339,0.024494264120109577,0.9995295
6340,0.025857479961609364,0.9996833
6341,0.026539088041057646,0.9988518
6342,0.027220695803108264,0.9996704
6343,0.028583911962005715,0.998868
6344,0.029265519724055444,1.0002587
6345,0.030628735882953784,1.0008003
6346,0.03131034364500351,0.9996536
6347,0.03199195172445268,0.9987719
6348,0.03335516756595158,1.0001162
6349,0.034036775645399864,0.9990617
6350,0.03539999148689965,0.9995054
6351,0.03608159956634793,0.9998812
6352,0.03676320732839855,1.0003822
6353,0.038126423487296,0.9999813
6354,0.03880803124934573,0.9991564
6355,0.04017124740824407,0.9994185
6356,0.0408528551702938,1.0001304
6357,0.04153446324974297,1.0019659
6358,0.04289767909124187,0.9995844
6359,0.04357928717069015,1.0013568
6360,0.04426089493274077,1.0004816
6361,0.04562411109163822,0.9998683
6362,0.04630571885368884,1.0002923
6363,0.04766893501258629,0.9997415
6364,0.048350542774636907,1.0007048
6365,0.04903215085408519,1.0000745
6366,0.05039536669558409,1.0001228
6367,0.05107697477503326,1.0006998
6368,0.052440190616532156,0.9991398
6369,0.05312179869598044,1.0003207
6370,0.05380340677542961,0.9998414
6371,0.05516662261692851,1.0003816
6372,0.055848230696377676,0.9996772
6373,0.057211446537876576,0.9985129
6374,0.057893054299927194,1.0005823
6375,0.058574662379375475,1.0001274
6376,0.059937878220874374,1.0009999
6377,0.060619486300323544,0.9994383
6378,0.061301094379771826,1.0002015
6379,0.06266431022127072,1.0009498
6380,0.0633459183007199,1.0008149
6381,0.0647091341422188,0.999866
6382,0.06539074222166796,1.0010793
6383,0.0660723499837177,1.0005913
6384,0.06743556614261514,1.0000843
6385,0.06811717390466576,0.9991974
6386,0.06948038974616466,1.0004777
6387,0.07016199782561383,0.9998387
6388,0.07084360590506211,1.0010489
6389,0.0722068217465619,0.9995774
6390,0.07288842982601018,0.9993557
6391,0.07425164566750908,0.9988448
6392,0.07493325374695825,1.0008015
6393,0.07561486150900798,1.0002465
6394,0.07697807766790543,0.9999166
6395,0.07765968542995605,1.0005757
6396,0.07834129350940522,1.0000743
6397,0.07970450935090412,0.9988424
6398,0.0803861174303524,0.9997853
6399,0.08174933327185219,1.0000821
6400,0.08243094135130047,0.9995295
6401,0.08311254911335109,0.9998766
6402,0.08447576527224854,1.0005078
6403,0.08515737303429827,1.0005609
6404,0.08652058919319572,0.9998217
6405,0.08720219695524634,0.9993511
6406,0.0878838050346955,1.0004954
6407,0.0892470208761944,0.9994364
6408,0.08992862895564269,0.9997588
6409,0.09129184479714247,1.0002614
6410,0.09197345287659076,1.000195
6411,0.09265506095603993,0.9996892
6412,0.09401827679753882,0.9997794
6413,0.09674470848053662,1.0007159
6414,0.09742631655998579,1.0002793
6415,0.09947114048093297,0.9998966
6416,0.10015274856038214,0.9989777
6417,0.10151596440188104,0.9996482
6418,0.10219757248133021,0.9993877
6419,0.10356078832282911,0.9997715
6420,0.10424239640227739,1.0002417
6421,0.10492400416432801,0.9993136
6422,0.10628722000582691,1.0007631
6423,0.10696882808527608,0.9985673
6424,0.10833204392677498,1.0001917
6425,0.10901365200622326,1.0012697
6426,0.10969526008567243,0.999561
6427,0.11105847592717133,1.000158
6428,0.1117400840066205,1.0005529
6429,0.11242169176867023,0.9996511
6430,0.11378490792756768,1.0018383
6431,0.1144665156896183,0.9995878
6432,0.11582973184851575,0.999911
6433,0.11651133961056637,1.000389
6434,0.11719294769001465,1.0009164
6435,0.11855616353151355,1.0007707
6436,0.11923777161096272,1.0004548
6437,0.12060098745246162,0.9998232
6438,0.12128259553191079,1.0004867
6439,0.12196420329396052,0.9996172
6440,0.12332741945285797,1.0004063
6441,0.12400902721490858,0.9999352
6442,0.12537224337380604,0.9993994
6443,0.12605385113585665,1.0003883
6444,0.12673545921530494,0.9995322
6445,0.12809867505680383,0.9991467
6446,0.128780283136253,1.0008636
6447,0.12946189089830362,1.0022178
6448,0.13082510705720107,1.0006442
6449,0.1315067148192508,0.9996058
6450,0.13286993097814825,0.9996232
6451,0.13355153874019887,0.9993378
6452,0.13423314681964804,1.0004487
6453,0.13559636266114694,0.9998396
6454,0.13627797074059522,1.0004464
6455,0.13764118658209412,0.9997084
6456,0.1383227946615433,0.9993855
6457,0.13900440274099246,0.9992157
6458,0.14036761858249136,1.0000087
6459,0.14104922666193964,1.0001388
6460,0.14241244250343854,0.9993467
6461,0.14309405026548916,0.9989807
6462,0.14377565834493833,0.9991892
6463,0.14513887418643723,1.0006757
6464,0.1458204822658855,1.0015228
6465,0.14650209034533468,1.0014322
6466,0.14786530618683358,0.9991665
6467,0.14854691426628275,1.000518
6468,0.14991013010778165,0.999402
6469,0.15059173818722993,0.9996353
6470,0.15127334594928055,0.9995787
6471,0.152636562108178,0.9981602
6472,0.15331816987022862,1.0006957
6473,0.15468138571172751,0.9995206
6474,0.1553629937911758,0.9989307
6475,0.15604460187062497,0.9996151
6476,0.15740781771212387,0.9989191
6477,0.15808942579157303,1.0000737
6478,0.15945264163307193,1.0001012
6479,0.16013424971252022,1.0005471
6480,0.16081585747457083,1.0005005
6481,0.16217907363346828,1.0009127
6482,0.1628606813955189,0.9997433
6483,0.16354228947496718,1.0008317
6484,0.16490550531646608,1.0003554
6485,0.16558711339591525,0.999013
6486,0.16695032923741415,1.0003265
6487,0.16763193731686332,0.999797
6488,0.16831354507891305,1.0000716
6489,0.1696767612378105,0.9996043
6490,0.17035836899986112,0.9995729
6491,0.17172158515875857,1.0002008
6492,0.1724031929208092,1.0000679
6493,0.17308480100025747,0.9991243
6494,0.17444801684175637,0.9996644
6495,0.17512962492120554,0.9993594
6496,0.17649284076270444,1.000137
6497,0.1771744488421536,0.9993904
6498,0.1778560569216019,1.0003504
6499,0.1792192727631008,1.000554
6500,0.1799008805251514,0.9992011
6501,0.1805824886045997,1.0002619
6502,0.18194570444609948,1.0012327
6503,0.18262731252554776,0.9992693
6504,0.18399052836704666,1.0010155
6505,0.18467213644649583,1.0002164
6506,0.1853537445259441,1.00045
6507,0.1867169603674439,1.0004338
6508,0.18739856844689218,1.0003429
6509,0.18876178428839108,1.0008125
6510,0.18944339236784025,1.0001312
6511,0.19012500012989086,1.0000483
6512,0.19148821597138976,1.0004183
6513,0.19216982405083805,1.0003204
6514,0.19353303989233694,1.0000032
6515,0.19421464797178611,0.9994856
6516,0.1948962560512344,0.9996197
6517,0.19625947189273418,1.0005457
6518,0.19694107997218246,0.9998341
6519,0.19762268773423308,0.9995299
6520,0.19898590389313053,0.9994116
6521,0.19966751165518115,1.0018523
6522,0.2010307278140786,0.9994096
6523,0.20171233557612833,0.9997197
6524,0.2023939436555775,1.0010388
6525,0.2037571594970764,1.0003302
6526,0.20443876757652468,1.0004305
6527,0.20580198341802447,0.9982553
6528,0.20648359149747275,1.0004147
6529,0.20716519925952337,1.0000634
6530,0.20852841541842082,1.0000578
6531,0.20921002318047144,1.0000652
6532,0.2105732393393689,1.0003954
6533,0.2119364551808678,0.9995274
6534,0.2132996710223667,1.000213
6535,0.21398127910181586,1.0007055
6536,0.2146628868638656,0.9998208
6537,0.21602610302276304,1.0001143
6538,0.21670771078481366,0.9993135
6539,0.2180709269437111,0.9997757
6540,0.21875253470576173,1.0009067
6541,0.21943414278521,1.0001762
6542,0.2207973586267089,1.0004394
6543,0.22147896670615808,1.0000945
6544,0.22284218254765698,0.9988068
6545,0.22352379062710614,1.0012634
6546,0.22420539870655443,0.9979862
6547,0.22556861454805333,0.9997765
6548,0.2262502226275025,0.9996935
6549,0.228295046231052,0.9996982
6550,0.2289766543105003,0.9994756
6551,0.2303398701519992,1.0002045
6552,0.23102147823144836,1.0001316
6553,0.23170308631089664,0.9993171
6554,0.23306630215239643,1.0003968
6555,0.2337479102318447,1.0000842
6556,0.2351111260733436,0.9995814
6557,0.23579273415279278,0.9986987
6558,0.2364743419148425,1.0007424
6559,0.23783755807373996,0.9995293
6560,0.23851916583579058,1.0003587
6561,0.23988238167728948,0.9997391
6562,0.24056398975673865,1.0010064
6563,0.24124559783618693,0.9997497
6564,0.24260881367768672,0.999878
6565,0.243290421757135,1.0016991
6566,0.2446536375986339,0.9999692
6567,0.24533524567808307,1.000347
6568,0.2460168534401328,0.9997928
6569,0.24738006959903114,1.0000636
6570,0.24806167736108087,0.9992699
6571,0.24874328544053004,1.0003773
6572,0.25010650128202894,0.999219
6573,0.2507881093614772,0.9990849
6574,0.252151325202977,1.0012276
6575,0.2528329332824253,0.9997129
6576,0.2535145410444759,0.9991493
6577,0.25487775720337336,0.999841
6578,0.2555593649654231,0.9992145
6579,0.2569225811243214,0.9996798
6580,0.25760418888637115,1.0008899
6581,0.2582857969658203,0.9995275
6582,0.2596490128073192,1.0001486
6583,0.2603306208867675,0.9989787
6584,0.2616938367282673,0.9986203
6585,0.2623754448077156,0.9994924
6586,0.26305705288716474,1.0004354
6587,0.26442026872866364,0.9993049
6588,0.2651018764907134,0.9999395
6589,0.26714670041166144,1.0006812
6590,0.2678283084911106,1.0003906
6591,0.2691915243326095,0.9999316
6592,0.2698731324120578,1.0005189
6593,0.27055474049150696,0.9998762
6594,0.27191795633300586,0.9994111
6595,0.27259956441245503,0.9990577
6596,0.27396278025395393,0.9987374
6597,0.2746443883334022,0.9988241
6598,0.27532599609545283,1.00026
6599,0.27668921193695173,1.0004754
6600,0.2773708200164009,0.9990081
6601,0.2787340358578998,1.0007442
6602,0.2794156439373481,0.9998266
6603,0.28009725201679725,0.9998515
6604,0.28146046785829615,0.9997377
6605,0.2821420759377453,1.00064
6606,0.28282368369979505,1.0002179
6607,0.2841868998586925,0.999916
6608,0.2848685076207431,0.9983592
6609,0.28623172377964057,0.9996905
6610,0.2869133315416912,1.0013532
6611,0.28759493962113947,0.9999322
6612,0.28895815546263837,1.0003086
6613,0.28963976354208754,0.9993856
6614,0.29100297938358644,1.0004825
6615,0.2916845874630356,1.000261
6616,0.29236619522508533,1.0009438
6617,0.2937294113839828,1.0003675
6618,0.2944110191460334,1.0005794
6619,0.29577423530493085,0.9994903
6620,0.2964558430669815,1.000469
6621,0.29713745114642975,1.0005499
6622,0.29850066698792954,1.0006885
6623,0.2991822750673778,0.9992438
6624,0.29986388282942844,0.9990483
6625,0.3012270989883259,0.9998368
6626,0.3019087067503756,1.000024
6627,0.3032719229092731,0.9993557
6628,0.3039535306713237,1.0006956
6629,0.30463513875077286,0.9998006
6630,0.30599835459227176,1.0008646
6631,0.30667996267172004,1.0000616
6632,0.30804317851321983,0.9996569
6633,0.3087247865926681,0.9999398
6634,0.3094063946721173,0.9997976
6635,0.3107696105136162,0.9981779
6636,0.31145121859306446,0.9983534
6637,0.31417765027606315,0.9996363
6638,0.31554086611756205,0.9995788
6639,0.31622247419701033,0.9993139
6640,0.3169040822764595,0.9996332
6641,0.3182672981179584,0.9982744
6642,0.31894890619740757,0.9990801
6643,0.32031212203890647,0.9999518
6644,0.32099373011835475,0.9993565
6645,0.32167533788040537,1.0000026
6646,0.3230385540393028,0.999716
6647,0.32372016180135343,0.9994905
6648,0.32508337764285233,0.9998514
6649,0.3257649857223006,1.0006302
6650,0.3264465938017498,1.0003643
6651,0.3278098096432487,0.9997129
6652,0.32849141772269785,1.0007286
6653,0.32985463356419675,0.9996546
6654,0.33053624164364503,1.0003446
6655,0.33121784940569565,0.9999803
6656,0.3325810655645931,1.0005927
6657,0.333944281406092,1.0005737
6658,0.3353074972475909,0.9998176
6659,0.33598910532704007,0.9994973
6660,0.33735232116853897,1.0001067
6661,0.33803392924798814,1.0005151
6662,0.33871553701003787,0.9987856
6663,0.3400787531689353,0.9985596
6664,0.34076036093098594,0.9998464
6665,0.3421235770898834,0.9994735
6666,0.342805184851934,0.9990282
6667,0.3434867929313823,1.0016802
6668,0.3448500087728812,0.9995492
6669,0.34553161685233036,1.0014617
6670,0.34689483269382926,1.000077
6671,0.34757644077327843,0.999994
6672,0.3482580488527267,1.0001869
6673,0.3496212646942256,0.9996186
6674,0.3509844805357254,1.0005986
6675,0.3523476963772243,1.0007748
6676,0.3530293044566726,0.9998398
6677,0.3543925202981715,1.0002109
6678,0.35507412837762065,1.0001939
6679,0.3557557364570698,0.9993936
6680,0.3571189522985687,0.9984147
6681,0.357800560378017,0.9993196
6682,0.35984538429896507,0.9988007
6683,0.3605269920610157,1.0013873
6684,0.36257181598196286,0.9995757
6685,0.36393503182346176,1.0001773
6686,0.36461663990291093,1.0012532
6687,0.3652982479823601,0.9983791
6688,0.366661463823859,1.0022661
6689,0.3673430719033073,1.000306
6690,0.3680246796653579,1.0004007
6691,0.36938789582425535,0.9999311
6692,0.37006950358630597,1.0010339
6693,0.3714327197452034,0.9997307
6694,0.37211432750725315,0.9996981
6695,0.3775671911906482,0.9992933
6696,0.37893040734954564,1.0002475
6697,0.37961201511159626,1.0001785
6698,0.3809752312704937,0.9996145
6699,0.38165683903254344,0.9998235
6700,0.3823384471119926,1.0003636
6701,0.3837016629534915,0.998451
6702,0.3843832710329407,0.9988023
6703,0.38642809495388786,1.0001317
6704,0.3871097027159385,0.9992101
6705,0.3884729188748359,0.999901
6706,0.38915452663688654,0.9995416
6707,0.3898361347163348,0.9996113
6708,0.3911993505578337,0.9995972
6709,0.3918809586372829,0.9994435
6710,0.3932441744787818,0.9988447
6711,0.39392578255823096,0.999612
6712,0.39460739063767925,1.0001779
6713,0.3966522145586273,0.9982058
6714,0.3980154304001262,1.000435
6715,0.39869703816217683,0.9994185
6716,0.3993786462416251,0.9989829
6717,0.400741862083124,1.0013904
6718,0.4014234701625732,1.0001714
6719,0.40210507824202146,1.0001318
6720,0.40346829408352125,1.00033
6721,0.40414990216296953,0.9994594
6722,0.40551311800446843,1.0006969
6723,0.4061947260839176,0.9991927
6724,0.40687633384596733,0.9988935
6725,0.40823955000486567,0.9998767
6726,0.4089211577669154,0.9994902
6727,0.4102843736084143,0.9995224
6728,0.41096598168786347,1.000382
6729,0.41164758976731175,0.9995488
6730,0.41301080560881154,0.9997218
6731,0.4136924136882598,0.9994333
6732,0.4150556295297587,0.9998695
6733,0.4157372376092079,0.9999273
6734,0.4164188453712585,1.0003789
6735,0.41778206153015596,1.0006835
6736,0.4184636692922057,0.9994439
6737,0.41914527737165486,1.0008598
6738,0.42050849321315376,1.0006558
6739,0.42119010129260204,1.001026
6740,0.4225533171341018,0.9989329
6741,0.4232349252135501,1.0020284
6742,0.4239165329756007,1.0032677
6743,0.4252797491344982,0.9999478
6744,0.4259613568965488,0.9994805
6745,0.42732457305544624,1.0007108
6746,0.42868778889694514,0.9997319
6747,0.43005100473844404,0.9999406
6748,0.4307326128178923,0.9997266
6749,0.4320958286593921,0.9993048
6750,0.4327774367388404,1.0011753
6751,0.43345904481828956,1.0009238
6752,0.43482226065978846,0.9999522
6753,0.4355038684218391,0.9991775
6754,0.43618547650128736,0.9994347
6755,0.43754869234278626,1.0000464
6756,0.43823030042223543,0.9980515
6757,0.43959351626373433,0.9997585
6758,0.4402751243431835,1.000692
6759,0.4409567324226318,1.0001642
6760,0.4423199482641307,1.0010028
6761,0.44300155634357985,1.0008595
6762,0.44436477218507875,1.0000914
6763,0.44504638026452703,0.9992658
6764,0.44572798802657765,0.9996268
6765,0.44709120386807655,0.9995731
6766,0.4477728119475257,0.9991682
6767,0.4491360277890246,0.9993271
6768,0.4498176358684738,0.9999702
6769,0.45049924394792207,0.9994996
6770,0.45186245978942097,1.0004434
6771,0.45254406786887014,1.0000174
6772,0.45322567563091987,1.0013162
6773,0.4545888917898173,1.0017702
6774,0.45527049955186794,1.0000661
6775,0.4566337157107654,0.9986261
6776,0.457315323472816,0.9997501
6777,0.4579969315522643,1.0001378
6778,0.4593601473937641,0.99945
6779,0.46004175547321235,1.0002497
6780,0.46140497131471125,0.9997053
6781,0.4620865793941604,1.0004703
6782,0.46276818715621015,0.9995474
6783,0.4641314033151076,0.9996738
6784,0.4648130110771582,1.0000459
6785,0.4661762272360557,1.0002245
6786,0.4668578349981063,0.9998933
6787,0.4675394430775546,0.9989162
6788,0.46890265891905436,0.9995561
6789,0.46958426699850264,0.998983
6790,0.47026587476055326,0.9996083
6791,0.4716290909194507,0.9999431
6792,0.47231069868150044,0.9991743
6793,0.4736739148403988,1.0005522
6794,0.4743555226024485,1.0001553
6795,0.4750371306818977,1.0007662
6796,0.4764003465233966,1.0001115
6797,0.47708195460284486,1.0009365
6798,0.47844517044434465,0.9993863
6799,0.47912677852379293,0.9996074
6800,0.4798083866032421,0.9999219
6801,0.481171602444741,0.9995957
6802,0.4818532105241893,0.9994684
6803,0.48321642636568907,1.0003537
6804,0.4838980341277388,0.9996064
6805,0.48457964220718797,0.9985958
6806,0.48594285804868687,0.9998115
6807,0.48662446612813515,1.0002753
6808,0.4873060742075843,0.999752
6809,0.4886692900490832,0.9996488
6810,0.4893508981285324,0.9993022
6811,0.4907141139700313,0.9997355
6812,0.49139572204947957,0.9995728
6813,0.4920773298115302,0.999924
6814,0.49344054597042764,1.0001758
6815,0.49412215373247825,1.0002966
6816,0.49548536957397715,0.9998178
6817,0.49616697765342543,0.9997984
6818,0.4968485857328746,0.999046
6819,0.4982118015743735,0.9997531
6820,0.4988934096538227,0.9998447
6821,-0.49974337450467843,0.999361
6822,-0.49906176642523015,1.0001231
6823,-0.49838015866317953,0.9995463
6824,-0.4970169425042821,0.9997948
6825,-0.49633533474223146,0.9996489
6826,-0.4956537266627832,0.9997971
6827,-0.4936089027418351,0.999733
6828,-0.4922456869003362,1.0002758
6829,-0.49156407882088704,1.000648
6830,-0.4908824710588373,0.9996671
6831,-0.48951925489993986,0.9991146
6832,-0.48883764713788924,0.9994225
6833,-0.4874744309789918,1.0000561
6834,-0.4867928232169412,1.0004588
6835,-0.4861112151374929,1.0007209
6836,-0.484747999295994,1.0003154
6837,-0.4840663912165448,1.0001462
6838,-0.4827031753750459,0.9999892
6839,-0.48202156729559675,0.9991516
6840,-0.48133995921614847,0.9999034
6841,-0.4799767433746496,1.0002011
6842,-0.47929513561259895,1.0002284
6843,-0.4786135275331498,1.0003005
6844,-0.4772503116916509,1.0000769
6845,-0.4765687036122026,1.0005394
6846,-0.4752054877707028,0.9992876
6847,-0.47452387969125454,0.9998644
6848,-0.47384227161180537,0.9999347
6849,-0.47247905577030647,0.9998845
6850,-0.4717974476908582,1.000579
6851,-0.4704342318493593,0.9996349
6852,-0.4697526237699101,1.0010702
6853,-0.4690710160078595,0.9991374
6854,-0.4677078001663606,0.999922
6855,-0.4670261920869123,0.9999088
6856,-0.46566297624541253,0.9991146
6857,-0.46498136816596425,1.0004525
6858,-0.4642997600865151,0.9996222
6859,-0.4629365442450162,1.0020301
6860,-0.4622549361655679,1.0006151
6861,-0.4615733284035173,1.0005227
6862,-0.46021011224461983,0.9993935
6863,-0.4595285044825692,1.0004577
6864,-0.45816528832367176,0.9995953
6865,-0.45748368056162203,1.0004333
6866,-0.45680207248217286,0.9994911
6867,-0.45543885664067396,1.0004804
6868,-0.4547572485612248,1.0003107
6869,-0.4533940327197259,1.0006525
6870,-0.4527124246402776,0.9994211
6871,-0.452030816878227,1.0001002
6872,-0.45066760071932954,1.0003204
6873,-0.4499859929572789,1.0001275
6874,-0.44794116903633174,0.999593
6875,-0.4472595609568826,0.9989857
6876,-0.4458963451153837,0.9994192
6877,-0.4452147370359345,1.000679
6878,-0.4445331292738848,0.9996353
6879,-0.4431699131149873,1.0004022
6880,-0.4424883053529367,0.9994793
6881,-0.44112508919403925,0.9994587
6882,-0.44044348143198864,1.0002907
6883,-0.43976187335254036,1.0005029
6884,-0.43839865751104146,0.99923
6885,-0.4377170494315923,1.0007104
6886,-0.4363538335900934,0.9989601
6887,-0.4356722255106442,0.9992428
6888,-0.43499061743119594,0.9999932
6889,-0.43362740158969704,1.0013859
6890,-0.43294579351024787,1.0003701
6891,-0.43158257766874897,1.0007791
6892,-0.43090096990669835,1.0002258
6893,-0.43021936182725007,1.0002065
6894,-0.42885614598575117,1.0005511
6895,-0.428174537906302,0.9992487
6896,-0.4274929298268537,0.9992042
6897,-0.42612971398535393,1.0000905
6898,-0.42544810590590565,1.0007266
6899,-0.42408489006440675,1.0000277
6900,-0.4234032819849576,1.0008381
6901,-0.42272167422290696,1.0002942
6902,-0.4213584580640095,1.0001251
6903,-0.4206768503019598,0.9996929
6904,-0.4193136344604609,1.0004143
6905,-0.4186320263810117,1.0004026
6906,-0.41795041830156254,1.0000301
6907,-0.41658720246006364,1.0000057
6908,-0.41590559438061536,1.0000376
6909,-0.41454237853911646,0.9993681
6910,-0.4138607704596673,0.9997008
6911,-0.4131791626976167,0.9997436
6912,-0.4118159465387192,1.0003342
6913,-0.4111343387766695,0.9999255
6914,-0.4104527306972203,1.0003108
6915,-0.4090895148557214,0.9998653
6916,-0.40840790677627226,0.999536
6917,-0.40704469093477336,1.0007828
6918,-0.4063630828553251,1.0002458
6919,-0.40568147509327446,1.0005827
6920,-0.404318258934377,0.9999757
6921,-0.4036366511723264,1.0012214
6922,-0.40227343501342894,0.9993038
6923,-0.4015918272513792,0.9995242
6924,-0.40091021917193004,0.9995734
6925,-0.39954700333043114,0.999845
6926,-0.39886539525098197,0.9996918
6927,-0.39750217940948307,0.9997034
6928,-0.3968205713300348,1.0000795
6929,-0.3961389632505856,0.9999148
6930,-0.3947757474090867,1.0003873
6931,-0.3940941396470361,0.999314
6932,-0.3934125315675878,0.9998642
6933,-0.3920493157260889,1.0006136
6934,-0.39136770764663975,1.0029558
6935,-0.39000449180514085,0.9990807
6936,-0.3893228837256917,1.0013371
6937,-0.3886412756462434,0.9996909
6938,-0.3872780598047445,0.9993149
6939,-0.38659645172529533,1.0001542
6940,-0.38523323588379643,0.999642
6941,-0.38455162780434726,1.0006969
6942,-0.38387002004229753,0.9993077
6943,-0.38250680420079863,0.9993391
6944,-0.38182519612134946,1.0009849
6945,-0.38046198027985056,0.9989859
6946,-0.3797803722004014,0.9990742
6947,-0.3790987641209531,0.9998723
6948,-0.3777355482794542,0.9988505
6949,-0.37705394020000504,1.0003946
6950,0.24023954453422647,0.9999209
6951,0.24092115229627709,0.999405
6952,0.24228436845517543,0.9995753
6953,0.24296597621722604,1.000758
6954,0.24432919205872494,1.0001513
6955,0.24501080013817322,1.0008108
6956,0.2456924082176215,1.000224
6957,0.2470556240591204,0.9996768
6958,0.24773723213856869,1.0002495
6959,0.2484188399006193,0.9995704
6960,0.24978205605951764,0.9994264
6961,0.25046366382156826,0.999947
6962,0.2518268799804648,1.0004236
6963,0.25250848774251544,1.000333
6964,0.2531900958219637,1.0003925
6965,0.2545533116634626,0.9989317
6966,0.2552349197429127,0.9988308
6967,0.2565981355844116,1.0014272
6968,0.25727974366385986,1.0002525
6969,0.2579613514259105,0.9999755
6970,0.25932456758480704,0.9983514
6971,0.26000617534685766,0.9994546
6972,0.261369391505756,1.0004426
6973,0.2620509992678066,0.9998844
6974,0.2627326073472549,0.9996823
6975,0.2640958231887538,1.0003674
6976,0.2647774312682021,0.999588
6977,0.26545903934765036,1.000209
6978,0.26682225518915104,0.9984391
6979,0.2675038632685993,1.0009337
6980,0.2688670791100982,1.0006213
6981,0.26954868687214883,1.0003965
6982,0.2702302949515971,1.0022734
6983,0.271593510793096,1.0005905
6984,0.2722751188725443,0.9999832
6985,0.2736383347140432,1.0001294
6986,0.27431994279349325,0.9999142
6987,0.27500155087294154,0.9997889
6988,0.27636476671444044,0.9985444
6989,0.2770463747938887,1.0004527
6990,0.2784095906353876,0.999526
6991,0.2790911987148377,1.001187
6992,0.2797728064768865,0.9995153
6993,0.2811360223183872,0.999702
6994,0.2818176303978355,0.9989467
6995,0.28249923847728375,1.0007277
6996,0.28386245431878265,0.9993696
6997,0.28454406239823093,0.9988346
6998,0.2859072782397316,0.9994116
6999,0.2865888863191799,1.0002576
7000,0.2872704940812305,1.0001383
7001,0.2886337102401271,1.0000164
7002,0.2893153180021777,1.0005847
7003,0.29067853416107603,0.9989294
7004,0.29136014192312487,1.0006937
7005,0.29204175000257493,0.9982204
7006,0.29340496584407383,1.000041
7007,0.2940865739235221,0.9998467
7008,0.295449789765021,1.0013932
7009,0.2961313978444693,0.9993814
7010,0.2968130056065199,0.9996736
7011,0.29817622176541825,1.0003018
7012,0.2988578295274671,1.0013748
7013,0.29953943760691715,1.0009353
7014,0.30090265344841605,0.9989654
7015,0.30158426152786433,1.0003224
7016,0.3029474773693632,1.0003804
7017,0.3036290854488115,0.9991577
7018,0.3043106932108621,0.9985846
7019,0.30567390936976047,0.9991672
7020,0.3063555171318111,1.0003322
7021,0.30771873329070765,0.9994187
7022,0.30840034105275826,0.9995108
7023,0.31044516497370545,0.9996237
7024,0.3111267730531555,1.0006067
7025,0.3124899888946544,0.999243
7026,0.3131715969741027,1.0000922
7027,0.31385320505355097,1.0004451
7028,0.31521642089504986,0.9986101
7029,0.3158980289744999,1.0005981
7030,0.31657963673654876,1.0004444
7031,0.31794285257804944,0.99853
7032,0.3186244606574977,0.9995392
7033,0.3199876764989966,0.9997966
7034,0.3206692845784449,1.000808
7035,0.3213508926578932,1.0009213
7036,0.3227141084993921,0.9997352
7037,0.32339571657884214,0.9989922
7038,0.32475893242034104,0.9991426
7039,0.3254405404997893,0.9996152
7040,0.32612214826183994,1.0001059
7041,0.3274853644207365,0.9993251
7042,0.3281669721827871,0.9993081
7043,0.329530188024286,0.9998034
7044,0.3302117961037361,1.0001189
7045,0.33089340418318436,1.0018044
7046,0.33225662002468326,1.0005994
7047,0.33293822810413154,0.9998185
7048,0.33361983586618216,0.9996778
7049,0.3349830520250805,0.9997797
7050,0.33566465978712934,0.9990793
7051,0.3370278759460277,0.9998684
7052,0.3377094837080783,0.9993941
7053,0.3383910917875266,0.9990669
7054,0.3397543076290255,0.9992967
7055,0.34043591570847376,1.0006432
7056,0.34179913154997266,0.9996688
7057,0.3424807396294227,1.0008595
7058,0.34316234739147333,1.0000006
7059,0.3445255635503699,0.9997707
7060,0.3452071713124205,0.9994421
7061,0.3465703874713171,0.9983909
7062,0.3472519952333677,1.0004289
7063,0.34793360331281775,0.9999964
7064,0.34929681915431665,1.0004018
7065,0.34997842723376493,1.0002185
7066,0.3506600353132132,0.9994197
7067,0.3520232511547121,0.9995221
7068,0.35270485923416217,0.9996201
7069,0.35406807507566107,1.0007982
7070,0.3547496828377099,1.0012346
7071,0.35543129091715997,1.0005398
7072,0.35679450675865887,0.9997954
7073,0.35747611483810715,0.9995505
7074,0.35883933067960605,0.9984293
7075,0.35952093875905433,0.9998486
7076,0.3602025468385044,0.9996923
7077,0.3615657626800033,1.0003591
7078,0.36224737075945157,1.0003097
7079,0.36361058660095047,0.9998074
7080,0.36429219468039875,0.99953
7081,0.36497380244244937,0.9992689
7082,0.36633701828394827,0.9988695
7083,0.3670186263633983,1.0004971
7084,0.3677002344428466,0.9998134
7085,0.3690634502843455,1.0006423
7086,0.3697450583637938,1.000586
7087,0.3711082742052927,0.9994078
7088,0.37178988228474275,1.0009843
7089,0.3724714900467916,1.0004022
7090,0.3738347062056899,0.9996258
7091,0.37451631396774054,0.9996084
7092,0.3758795301266371,0.9996552
7093,0.3765611378886877,1.0008464
7094,0.377242745968136,0.9993709
7095,0.3786059618096349,0.9994157
7096,0.37928756988908496,0.9991893
7097,0.38065078573058386,1.0008724
7098,0.38133239381003214,0.9998713
7099,0.38201400157208276,0.9995741
7100,0.3833772177309793,0.9990207
7101,0.38405882549302994,0.9994706
7102,0.38474043357248,0.9995577
7103,0.3861036494139789,0.998782
7104,0.3867852574934272,0.9997471
7105,0.3881484733349261,0.9994724
7106,0.38883008141437436,0.9996227
7107,0.389511689176425,1.0012671
7108,0.3908749053353233,1.0004791
7109,0.39155651309737216,0.9999393
7110,0.3929197292562705,0.9998742
7111,0.3936013370183211,0.9997945
7112,0.3942829450977694,1.0003317
7113,0.3956461609392683,0.9989076
7114,0.3963277690187166,1.0001377
7115,0.39700937709816664,0.9995276
7116,0.39837259293966554,0.9999227
7117,0.3990542010191138,0.9990325
7118,0.4004174168606127,1.0003112
7119,0.4017806327021116,1.0006985
7120,0.4031438485436105,1.0006517
7121,0.4038254566230606,0.9991569
7122,0.4051886724645595,1.0006154
7123,0.40587028054400776,1.0002287
7124,0.40655188862345604,0.9994324
7125,0.40791510446495494,0.9992367
7126,0.408596712544405,1.000997
7127,0.4099599283859039,1.0008278
7128,0.4106415364653522,1.0002779
7129,0.4113231442274028,0.9988835
7130,0.41268636038629936,1.0001556
7131,0.41336796814835,1.0001333
7132,0.41404957622779825,0.9994049
7133,0.41541279206929715,0.9999427
7134,0.4160944001487472,1.0006158
7135,0.4174576159902461,1.0002883
7136,0.4181392240696944,1.0000195
7137,0.418820831831745,0.9995061
7138,0.4201840479906416,1.0010909
7139,0.4208656557526922,0.9990545
7140,0.42222887191159053,1.0002924
7141,0.42291047967364115,1.000349
7142,0.42359208775308943,1.0005693
7143,0.42495530359458833,1.0003907
7144,0.4256369116740366,0.999486
7145,0.4270001275155355,1.000502
7146,0.42768173559498557,0.9987424
7147,0.4283633433570344,0.9999198
7148,0.42972655951593275,1.0000821
7149,0.43040816727798337,1.0001798
7150,0.43108977535743165,0.9996506
7151,0.43245299119893055,0.9996851
7152,0.43313459927837883,0.9996891
7153,0.43449781511987773,0.9999747
7154,0.4351794231993278,0.9992872
7155,0.43586103127877607,0.9999559
7156,0.43722424712027497,1.0001206
7157,0.43790585519972325,0.9992927
7158,0.43926907104122215,0.9991113
7159,0.43995067880327277,0.9997356
7160,0.44063228688272105,0.999887
7161,0.4419955027242217,1.0008539
7162,0.44267711080367,0.9985094
7163,0.4440403266451689,1.000115
7164,0.4447219347246172,1.0000459
7165,0.44540354280406547,1.0000652
7166,0.44676675864556614,1.0002271
7167,0.4474483667250144,0.9997387
7168,0.44812997448706504,1.0008457
7169,0.4494931906459616,0.9999611
7170,0.4501747984080122,1.0006541
7171,0.4515380142495111,0.999673
7172,0.4522196223289594,0.999905
7173,0.45290123040840946,0.999965
7174,0.45426444624990836,0.9994407
7175,0.45494605432935664,1.0005489
7176,0.45630927017085554,0.9993754
7177,0.4569908782503038,0.9996484
7178,0.45767248601235444,1.0003958
7179,0.4590357021712528,1.0000154
7180,0.4597173099333034,1.0006373
7181,0.46108052609219996,1.0004382
7182,0.4617621338542506,0.9993083
7183,0.46244374193369886,1.0003518
7184,0.46380695777519776,1.000705
7185,0.46448856585464604,0.999563
7186,0.46517017361669666,0.9993251
7187,0.466533389775595,0.9995673
7188,0.4672149975376456,0.9993861
7189,0.4685782136965422,0.9982222
7190,0.4692598214585928,0.9992281
7191,0.4699414295380411,0.9995763
7192,0.47130464537954,1.000149
7193,0.47198625345899003,1.0004885
7194,0.47334946930048893,0.9998132
7195,0.4740310773799372,1.000394
7196,0.47471268514198783,0.9999855
7197,0.4760759013008844,1.0003816
7198,0.476757509062935,0.9995396
7199,0.47812072522183335,0.9999519
7200,0.47880233298388397,1.0000074
7201,0.47948394106333225,1.0009753
7202,0.48084715690483115,0.9992993
7203,0.48152876498427943,0.9995704
7204,0.4822103730637277,0.9997976
7205,0.4835735889052266,1.0006882
7206,0.4842551969846767,1.0008733
7207,0.48561841282617557,1.0007712
7208,0.48630002090562385,0.9999546
7209,0.48698162866767447,1.000713
7210,0.48834484450917337,0.9998257
7211,0.48902645258862165,0.9990267
7212,0.49038966843012055,0.9997734
7213,0.4910712765095706,0.9994508
7214,0.4917528845890189,1.0005039
7215,0.4931161004305178,1.0003382
7216,0.49379770850996607,0.9996122
7217,0.49516092435146497,0.9990791
7218,0.49584253243091503,1.0006595
7219,0.49652414019296387,0.9997001
7220,0.4978873563518622,1.0005054
7221,0.4985689641139128,0.9994108
7222,0.4992505721933611,1.0006281
7223,-0.49938621196514,1.0012056
7224,-0.4987046038856917,1.0008203
7225,-0.49734138804419104,1.0000188
7226,-0.49665977996474275,1.0003066
7227,-0.49597817220269214,1.0003428
7228,-0.4946149560437956,0.9986595
7229,-0.49393334828174495,0.9993374
7230,-0.4925701321228484,1.000338
7231,-0.4918885243607978,1.0000222
7232,-0.4912069162813477,0.9991779
7233,-0.4898437004398488,0.9999439
7234,-0.48916209236040054,0.9997188
7235,-0.48779887651890164,1.000462
7236,-0.48711726843945335,0.9989612
7237,-0.48643566067740274,0.9996447
7238,-0.4850724445185044,0.9994569
7239,-0.48439083675645556,0.9998901
7240,-0.4837092286770055,0.999113
7241,-0.4823460128355066,0.9997397
7242,-0.4816644047560583,1.0005351
7243,-0.4803011889145594,1.0011357
7244,-0.47961958083511114,1.0000994
7245,-0.4789379727556611,1.0004635
7246,-0.4775747569141622,1.000874
7247,-0.475529932993215,1.0012906
7248,-0.4748483252311644,1.0006911
7249,-0.4741667171517161,0.9995405
7250,-0.4728035013102172,1.0002165
7251,-0.47212189323076714,1.0002456
7252,-0.47075867738926824,0.9995254
7253,-0.47007706930981996,0.9993427
7254,-0.4693954612303717,0.9991574
7255,-0.4680322453888728,1.0003096
7256,-0.4673506373094227,0.9997494
7257,-0.4666690295473739,1.0002387
7258,-0.46530581338847554,1.0001987
7259,-0.4646242056264249,0.9997265
7260,-0.463260989784926,0.9999929
7261,-0.46257938170547774,1.0002549
7262,-0.46189777362602946,0.9996363
7263,-0.46053455778453056,1.0003981
7264,-0.4598529497050805,0.9991454
7265,-0.4584897338635816,1.0004822
7266,-0.4578081257841333,0.9983541
7267,-0.4571265180220827,0.9989653
7268,-0.45576330186318614,1.0007086
7269,-0.4550816941011355,1.0016394
7270,-0.4537184779422372,0.9998921
7271,-0.45303687018018657,0.9999464
7272,-0.4523552621007383,0.9993793
7273,-0.4509920462592394,0.9997995
7274,-0.4503104381797911,1.0000315
7275,-0.4496288304177405,0.9998208
7276,-0.44826561425884215,1.000482
7277,-0.4475840064967933,1.0001034
7278,-0.44622079033789497,1.000477
7279,-0.44553918257584435,1.001028
7280,-0.44485757449639607,0.9984309
7281,-0.44349435865489717,1.00047
7282,-0.4428127505754489,0.9996112
7283,-0.44144953473395,0.9996644
7284,-0.4400863188924493,0.9999581
7285,-0.43872310273355275,0.9991526
7286,-0.43804149497150213,0.9995616
7287,-0.43667827881260557,1.0004624
7288,-0.43599667105055495,1.0000089
7289,-0.4353150629711049,0.9994575
7290,-0.433951847129606,0.9996036
7291,-0.4332702390501577,0.9995678
7292,-0.43258863097070943,1.0000883
7293,-0.43122541512921053,1.000878
7294,-0.4305438070497605,1.0000503
7295,-0.4291805912082616,1.0000832
7296,-0.4284989831288133,1.0002726
7297,-0.4278173753667627,1.0002355
7298,-0.4264541595252638,0.9991537
7299,-0.4257725514458155,1.0000471
7300,-0.4244093356043166,0.9990289
7301,-0.4237277275248683,0.9992394
7302,-0.42304611944541826,1.0002727
7303,-0.42168290360391936,0.9995741
7304,-0.4210012955244711,0.9988898
7305,-0.4196380796829722,0.9995044
7306,-0.4189564716035239,1.0004685
7307,-0.4182748638414733,0.9997008
7308,-0.41691164768257494,0.9998142
7309,-0.4162300399205243,1.0005682
7310,-0.41554843184107604,1.0006129
7311,-0.41418521599957714,1.0008523
7312,-0.41350360792012886,0.9999757
7313,-0.41214039207862996,0.9999981
7314,-0.4114587839991799,0.9997878
7315,-0.41077717623713106,1.0005593
7316,-0.4094139600782327,1.0001474
7317,-0.4087323523161821,1.0006486
7318,-0.40736913615728554,0.9997822
7319,-0.4066875283952349,0.9986721
7320,-0.40600592031578664,1.0001296
7321,-0.40464270447428774,0.9998351
7322,-0.4039610963948377,1.0002693
7323,-0.4025978805533388,1.0003412
7324,-0.4019162724738905,1.0000782
7325,-0.4012346647118399,0.999412
7326,-0.3998714485529433,1.0010349
7327,-0.3991898407908927,1.0004008
7328,-0.39850823271144264,1.0017222
7329,-0.39714501686994375,1.0000202
7330,-0.39646340879049546,0.9996162
7331,-0.39510019294899656,0.9993286
7332,-0.3944185848695483,0.9993454
7333,-0.3937369767901,0.9999339
7334,-0.3923737609485993,1.0006574
7335,-0.39169215286915104,0.9999455
7336,-0.39032893702765215,1.0005595
7337,-0.3896473292656015,0.999477
7338,-0.38896572118615325,1.0001437
7339,-0.38760250534465435,0.9997173
7340,-0.38692089726520607,0.9996057
7341,-0.38555768142370717,1.0006935
7342,-0.3848760733442571,1.0010961
7343,-0.3841944652648088,0.9984644
7344,-0.3828312494233099,0.9991217
7345,-0.38214964134386165,0.999812
7346,-0.38146803358181103,0.9997737
7347,-0.3801048174229127,0.9991611
7348,-0.37942320966086207,1.0008502
7349,-0.37805999381936317,0.9995487
7350,-0.3773783857399149,1.000489
7351,-0.3766967776604666,1.0003246
7352,-0.3753335618189677,0.9998324
7353,-0.3746519537395194,0.9992094
7354,-0.37328873789801875,1.0003357
7355,-0.37260712981857047,1.0002899
7356,-0.37192552205651985,0.9989328
7357,-0.3705623058976233,0.9990633
7358,-0.36988069813557267,0.9998998
7359,-0.36851748197667433,1.0008772
7360,-0.3678358742146255,0.9995321
7361,-0.36715426613517543,0.9997068
7362,-0.36579105029367653,1.0007504
7363,-0.36510944221422825,0.9992836
7364,-0.36442783445217763,1.0003015
7365,-0.36306461829328107,1.0000258
7366,-0.36238301053123045,0.9994249
7367,-0.3610197943723321,0.9987688
7368,-0.3603381866102815,0.999544
7369,-0.3596565785308332,1.0014705
7370,-0.3582933626893343,1.0003811
7371,-0.35761175460988603,1.0015484
7372,-0.35624853876838714,1.000509
7373,-0.3555669306889371,0.9998204
7374,-0.35488532292688824,0.9993444
7375,-0.3535221067679899,1.0000652
7376,-0.3528404990059393,0.9991898
7377,-0.3514772828470427,1.0015473
7378,-0.3507956750849921,0.999706
7379,-0.3501140670055438,0.999145
7380,-0.3487508511640449,1.0006241
7381,-0.34806924308459486,1.000122
7382,-0.3473876350051466,1.0000401
7383,-0.3460244191636477,1.0010594
7384,-0.3453428110841994,0.9995069
7385,-0.3439795952427005,0.9997554
7386,-0.34329798716325044,1.0004827
7387,-0.3426163794012016,1.0004798
7388,-0.3412531635597009,0.9995039
7389,-0.34057155548025264,0.9999457
7390,-0.33920833963875374,0.9997476
7391,-0.33852673155930546,0.9999379
7392,-0.3378451234798572,0.999508
7393,-0.3364819076383565,1.0002508
7394,-0.3358002995589082,0.9994476
7395,-0.3344370837174093,1.0006364
7396,-0.33375547563796104,1.000142
7397,-0.3330738678759104,0.9999897
7398,-0.3317106517170121,0.9989059
7399,-0.33102904395496324,0.9997811
7400,-0.3303474358755132,1.0003385
7401,-0.3289842200340143,0.9996808
7402,-0.3269393961130671,0.999229
7403,-0.3262577880336188,1.0004858
7404,-0.3255761802715682,0.9985411
7405,-0.32421296411266987,0.9994828
7406,-0.323531356350621,0.999853
7407,-0.3221681401917227,1.0004243
7408,-0.32148653242967207,1.0004566
7409,-0.3208049243502238,0.9988768
7410,-0.3194417085087249,0.9998139
7411,-0.3187601004292766,0.9991672
7412,-0.31739688458777593,1.0003609
7413,-0.31671527650832765,0.9997473
7414,-0.31603366874627703,0.9992376
7415,-0.31467045258738047,1.0000228
7416,-0.31398884482532985,1.0008587
7417,-0.31330723674588157,1.001527
7418,-0.31194402090438267,1.0007678
7419,-0.3112624128249326,0.9994425
7420,-0.3098991969834337,1.0004167
7421,-0.30921758890398543,0.9999626
7422,-0.30853598082453715,0.9998531
7423,-0.30717276498303825,0.9991731
7424,-0.3064911569035882,0.9994703
7425,-0.3051279410620893,0.9998926
7426,-0.3044463333000387,0.9994979
7427,-0.3037647252205904,0.9994141
7428,-0.3024015093790915,1.0000235
7429,-0.3017199012996432,1.0006364
7430,-0.3003566854581443,1.0000295
7431,-0.29967507737869603,0.9999849
7432,-0.298993469299246,0.9997325
7433,-0.2976302534577471,0.9999237
7434,-0.2969486453782988,1.0004128
7435,-0.2962670376162482,0.9992278
7436,-0.2949038214573516,1.000824
7437,-0.294222213695301,1.0006961
7438,-0.2928589978538021,0.9991488
7439,-0.29217738977435204,1.0003811
7440,-0.29149578169490376,0.9995918
7441,-0.29013256585340486,1.0007776
7442,-0.2894509577739566,0.9994101
7443,-0.2880877419324577,1.0002178
7444,-0.2874061338530076,1.0006157
7445,-0.2867245260909588,0.998996
7446,-0.28536130993206044,0.9996877
7447,-0.2846797021700098,0.9993019
7448,-0.28331648601111326,1.0007644
7449,-0.28263487824906264,1.0002677
7450,-0.28195327016961436,1.0000212
7451,-0.2805900543281137,1.0009076
7452,-0.2799084462486654,1.0005319
7453,-0.2792268384866148,0.99803
7454,-0.2778636223277182,0.9996023
7455,-0.2771820145656676,0.9996487
7456,-0.27581879840677104,1.0004226
7457,-0.2751371906447204,1.0001017
7458,-0.27445558256527036,0.9998298
7459,-0.27309236672377146,1.000252
7460,-0.2724107586443232,0.9998641
7461,-0.2710475428028243,0.9997069
7462,-0.270365934723376,0.9987584
7463,-0.2696843269613254,0.9999193
7464,-0.26832111080242704,1.0007402
7465,-0.2676395030403782,1.0002801
7466,-0.26627628688147986,1.0001978
7467,-0.26559467911942924,1.0000606
7468,-0.26491307103998096,0.9994184
7469,-0.26354985519848206,0.9992565
7470,-0.2628682471190338,1.0002645
7471,-0.2621866390395837,0.9989774
7472,-0.2608234231980848,0.9991682
7473,-0.26014181511863654,0.999468
7474,-0.25877859927713764,1.0000786
7475,-0.25809699119768936,0.9995756
7476,-0.25741538343563874,0.9991908
7477,-0.25605216759413985,0.9991904
7478,-0.2553705595146898,1.001201
7479,-0.2540073436731909,1.0007794
7480,-0.2533257355937426,0.9992565
7481,-0.2526441275142943,1.0007407
7482,-0.2512809116727954,0.999421
7483,-0.25059930359334537,0.9989648
7484,-0.24923608775184647,1.0012489
7485,-0.2485544796723982,0.9998085
7486,-0.24787287191034757,1.0015113
7487,-0.246509655751451,1.0000133
7488,-0.2458280479894004,1.0004654
7489,-0.2451464399099521,1.0004255
7490,-0.2437832240684532,0.9996712
7491,-0.24310161598900315,1.0001316
7492,-0.24173840014750425,0.9995526
7493,-0.24105679206805597,0.9998671
7494,-0.24037518430600535,1.000027
7495,-0.2390119681471088,1.0011215
7496,-0.23833036038505817,1.0004651
7497,-0.23696714422615983,0.999709
7498,-0.2362855364641092,0.9995645
7499,-0.23560392838466093,0.9998435
7500,-0.23424071254316203,1.0000778
7501,-0.23355910446371375,0.9996866
7502,-0.23219588862221485,0.999357
7503,-0.2315142805427648,1.0004318
7504,-0.23083267278071595,0.9999801
7505,-0.2294694566218176,0.9998546
7506,-0.228787848859767,0.999944
7507,-0.22810624078031871,1.0014512
7508,-0.22674302493881981,0.9999206
7509,-0.22606141685937153,1.000556
7510,-0.22469820101787263,0.9981677
7511,-0.22401659293842258,0.9984965
7512,-0.2233349848589743,0.999308
7513,-0.2219717690174754,1.0004838
7514,-0.22129016093802711,0.9998637
7515,-0.21992694509652821,1.0012187
7516,-0.2192453373344776,1.0004805
7517,-0.21856372925502754,1.0002113
7518,-0.21720051341352864,0.9987586
7519,-0.21651890533408036,1.0003718
7520,-0.21515568949258146,0.998972
7521,-0.21447408141313318,1.0004138
7522,-0.21379247333368312,0.9992294
7523,-0.21242925749218422,0.9996016
7524,-0.21174764941273594,1.0005581
7525,-0.21106604165068532,1.0015048
7526,-0.20970282549178876,0.9986854
7527,-0.20902121772973814,0.9987028
7528,-0.20765800188823924,0.9993601
7529,-0.20697639380879096,0.9990744
7530,-0.2062947857293409,1.000015
7531,-0.204931569887842,1.0005766
7532,-0.20424996180839372,1.0002177
7533,-0.20288674596689482,0.9993577
7534,-0.20220513788744654,1.0008288
7535,-0.20152353012539592,0.9989845
7536,-0.20016031396649758,1.0004846
7537,-0.19947870620444696,1.0010802
7538,-0.1981154900455504,1.0003009
7539,-0.19743388228349978,0.9996763
7540,-0.1967522742040515,0.9997871
7541,-0.1953890583625526,1.0003203
7542,-0.19470745028310255,0.9998267
7543,-0.1940258425210537,0.9995585
7544,-0.19266262636215536,1.000009
7545,-0.19198101860010475,0.9996891
7546,-0.19061780244120818,0.9994232
7547,-0.18993619467915757,1.0004919
7548,-0.18789137075821039,0.9995294
7549,-0.18720976267876033,0.9995066
7550,-0.18584654683726143,1.0003761
7551,-0.18516493875781315,0.9991293
7552,-0.18448333099576253,1.000325
7553,-0.18312011483686597,0.9997667
7554,-0.18243850707481535,1.0006339
7555,-0.181075290915917,0.9995137
7556,-0.1803936831538664,0.9986799
7557,-0.1797120750744181,0.9994334
7558,-0.1783488592329192,1.0000978
7559,-0.17766725115347093,0.9999644
7560,-0.17698564307402265,0.9995695
7561,-0.17562242723252197,0.9994659
7562,-0.1735776033115748,1.0014405
7563,-0.1728959952321265,1.00014
7564,-0.1722143874700759,0.9989292
7565,-0.170851171628577,0.9991325
7566,-0.1701695635491287,0.9996959
7567,-0.1688063477076298,0.9998858
7568,-0.16812473962817975,1.000376
7569,-0.16744313154873147,1.0003176
7570,-0.16607991570723257,0.9999678
7571,-0.1653983076277843,1.0005637
7572,-0.1640350917862854,0.9999511
7573,-0.16335348370683533,0.9997889
7574,-0.16267187594478472,1.000206
7575,-0.16130865978588815,1.0001203
7576,-0.16062705202383754,1.0001756
7577,-0.15994544394438925,1.0002121
7578,-0.15858222810289035,1.0006897
7579,-0.15790062002344207,1.0002096
7580,-0.1565374041819414,0.9997334
7581,-0.15585579610249312,1.0001739
7582,-0.1551741883404425,1.0001541
7583,-0.15381097218154594,1.0011102
7584,-0.15312936441949532,0.9987274
7585,-0.15176614826059698,1.0002312
7586,-0.15108454049854814,1.0005187
7587,-0.15040293241909808,1.0001765
7588,-0.14903971657759918,1.0007857
7589,-0.1483581084981509,0.9997011
7590,-0.146994892656652,1.0002393
7591,-0.14631328457720372,1.0001154
7592,-0.1456316768151531,0.9999214
7593,-0.14426846065625476,0.9997449
7594,-0.14358685289420414,0.9998875
7595,-0.14290524481475586,0.9992465
7596,-0.14154202897325696,0.9992046
7597,-0.14086042089380868,0.9994529
7598,-0.13949720505230978,0.9994041
7599,-0.13881559697285972,1.0002414
7600,-0.13813398889341144,0.9997225
7601,-0.13677077305191254,1.0002585
7602,-0.13608916497246426,1.0008294
7603,-0.13472594913096536,0.9995524
7604,-0.13404434136891474,0.9993461
7605,-0.13336273328946646,1.0013563
7606,-0.13199951744796756,1.0000927
7607,-0.1313179093685175,1.0000504
7608,-0.1299546935270186,0.9999052
7609,-0.12927308544757032,1.0007379
7610,-0.12859147736812204,0.9997852
7611,-0.12722826152662314,0.99923
7612,-0.12654665344717309,0.9991139
7613,-0.12586504568512424,1.0007809
7614,-0.1245018295262259,1.0006746
7615,-0.12382022176417529,0.9998305
7616,-0.12245700592267639,0.9998638
7617,-0.1217753978432281,0.9998872
7618,-0.12109378976377982,0.9994154
7619,-0.11973057392227915,1.0002839
7620,-0.11904896584283087,0.999433
7621,-0.11768575000133197,1.000503
7622,-0.11700414192188369,0.9995839
7623,-0.11632253415983307,0.9989461
7624,-0.1149593180009365,0.9999898
7625,-0.11427771023888589,1.0003576
7626,-0.11291449407998755,0.999245
7627,-0.11223288631793693,0.9997745
7628,-0.11155127823848865,0.9997783
7629,-0.11018806239698975,1.0005672
7630,-0.10950645431754147,1.0001486
7631,-0.10882484655549085,0.9995482
7632,-0.10746163039659251,0.9997749
7633,-0.10678002263454367,0.9999154
7634,-0.10541680647564533,1.0011781
7635,-0.10473519871359471,0.9998134
7636,-0.10405359063414643,1.0000266
7637,-0.10269037479264753,1.0006747
7638,-0.10200876671319925,0.9993647
7639,-0.10064555087169857,0.9996755
7640,-0.0999639427922503,1.0020877
7641,-0.09928233503019968,1.0010968
7642,-0.09791911887130311,0.9992995
7643,-0.0972375111092525,1.0002811
7644,-0.09587429495035416,0.9995831
7645,-0.09519268718830531,1.0003511
7646,-0.09451107910885526,0.9989852
7647,-0.09314786326735636,1.0001948
7648,-0.09246625518790808,1.0013166
7649,-0.0917846471084598,1.0015506
7650,-0.0904214312669609,1.0002076
7651,-0.08973982318751084,1.0001626
7652,-0.08837660734601194,0.9997094
7653,-0.08769499926656366,0.9999539
7654,-0.08701339150451304,0.9998331
7655,-0.08565017566301414,0.9994249
7656,-0.08496856758356586,0.9997958
7657,-0.08360535174206696,1.0010311
7658,-0.08292374366261868,1.0010222
7659,-0.08224213558316862,1.0000878
7660,-0.08087891974166972,0.999314
7661,-0.08019731166222144,1.0002776
7662,-0.07883409582072254,0.9990846
7663,-0.07815248774127426,0.999519
7664,-0.07747087997922364,0.9990633
7665,-0.0761076638203253,1.0009746
7666,-0.07542605605827468,0.9999755
7667,-0.0747444479788264,0.9998178
7668,-0.0733812321373275,0.9997771
7669,-0.07269962405787922,0.9991551
7670,-0.07133640821638032,0.9998148
7671,-0.07065480013693026,1.0002821
7672,-0.06997319237488142,0.9985429
7673,-0.06860997621598308,1.0007539
7674,-0.06792836845393246,0.9992396
7675,-0.0665651522950359,0.9986311
7676,-0.06588354453298528,1.0007031
7677,-0.065201936453537,1.0001788
7678,-0.0638387206120381,1.0003853
7679,-0.06315711253258804,1.0003329
7680,-0.061793896691089145,0.9988963
7681,-0.061112288611640864,1.00044
7682,-0.060430680849590246,0.999626
7683,-0.05906746469069368,0.9988109
7684,-0.058385856928643065,0.9996503
7685,-0.05770424884919301,1.0029091
7686,-0.05634103300769411,0.9995869
7687,-0.055659424928245826,0.9995413
7688,-0.05429620908674693,1.0006338
7689,-0.053614601007298646,1.0004928
7690,-0.05293299292784859,0.9993297
7691,-0.05156977708634969,1.0005738
7692,-0.05088816900690141,1.0005394
7693,-0.04952495316540251,0.9994293
7694,-0.04884334540335189,0.9997524
7695,-0.04816173732390361,0.9998473
7696,-0.04679852148240471,1.0004811
7697,-0.04611691340295643,0.9999569
7698,-0.04475369756145575,0.9999912
7699,-0.04407208948200747,0.9995012
7700,-0.04339048140255919,1.0001963
7701,-0.04202726556106029,1.0006783
7702,-0.04134565748161201,1.0008732
7703,-0.03930083356066305,0.9987333
7704,-0.03861922579861243,0.999587
7705,-0.037256009957113534,0.9997279
7706,-0.03657440187766525,0.9993067
7707,-0.03589279379821697,0.9999491
7708,-0.03452957795671807,1.0001253
7709,-0.033847969877268014,0.9996328
7710,-0.032484754035769114,0.9990759
7711,-0.03180314595632083,0.9990217
7712,-0.031121538194270215,0.9998541
7713,-0.029758322035373652,0.9991672
7714,-0.029076714273323034,1.0005061
7715,-0.027713498114424695,0.9994318
7716,-0.027031890352375854,1.000196
7717,-0.026350282272925796,1.0007756
7718,-0.024987066431426896,0.9998317
7719,-0.024305458351978615,1.0001581
7720,-0.023623850589927997,0.999853
7721,-0.022260634431031434,0.9995356
7722,-0.021579026668980816,0.9993366
7723,-0.020215810510082477,1.0000931
7724,-0.01953420274803186,1.0005741
7725,-0.018852594668583578,1.0002703
7726,-0.01748937882708468,0.9990821
7727,-0.016807770747636397,0.9992479
7728,-0.015444554906137498,0.9996862
7729,-0.012718122905740259,0.9985441
7730,-0.012036515143689641,0.9977355
7731,-0.009310083143294179,0.998872
7732,-0.007265259222345222,1.0005814
7733,-0.005220435301398041,0.9991226
7734,-0.0024940033010008023,0.9994869
7735,-0.00044917969745128516,0.9985171
7736,0.00023242838199699634,0.9982404
7737,0.0015956442234958956,0.9979046
7738,0.002277252302944177,0.998359
7739,0.002958860382394235,0.9974845
7740,0.004322076223893134,0.9983779
7741,0.005003684303341416,0.9993273
7742,0.006366900144840315,0.9984935
7743,0.007048508224288597,0.9987344
7744,0.007730115986339214,0.9986808
7745,0.009093332145237554,0.9987138
7746,0.011819763828235352,0.9997313
7747,0.012501371907683634,0.9988129
7748,0.013864587749182533,0.9991956
7749,0.014546195828630815,1.0001686
7750,0.015227803590681432,1.0002539
7751,0.016591019749579772,1.0000574
7752,0.01727262751163039,0.9992854
7753,0.018635843670526953,1.00038
7754,0.01931745143257757,1.001378
7755,0.02340709927447371,1.0017482
7756,0.024770315115972608,1.0004759
7757,0.02613353127486917,0.9996736
7758,0.02681513903691979,1.0009897
7759,0.02749674711636807,0.9988761
7760,0.02885996295786697,1.0017054
7761,0.029541571037317027,1.0002587
7762,0.030904786878815926,1.0004117
7763,0.03158639495826421,1.000864
7764,0.03226800303771249,0.9986633
7765,0.03363121887921139,0.9993161
7766,0.034312826958661446,1.0010287
7767,0.035676042800160346,0.9994161
7768,0.036357650562210964,0.9996157
7769,0.037039258641659245,0.9990939
7770,0.038402474483158144,0.999971
7771,0.039084082562606426,0.9996144
7772,0.040447298404105325,0.9999046
7773,0.04112890648355538,1.0007688
7774,0.041810514563003665,0.9998222
7775,0.043173730404502564,1.0003386
7776,0.043855338483950845,1.0017374
7777,0.04453694624600146,0.9990085
7778,0.0459001624048998,0.9987114
7779,0.046581770166948644,1.0000993
7780,0.0486265940878976,0.9992993
7781,0.04930820216734588,0.9996178
7782,0.05067141800884478,0.999259
7783,0.05135302608829306,0.9998139
7784,0.05271624192979196,1.0005786
7785,0.05339785000924202,0.9993163
7786,0.05407945777129086,0.998804
7787,0.0554426739301892,0.9999178
7788,0.05748749785113638,0.9998606
7789,0.05885071369263528,0.9991846
7790,0.06021392953413596,0.9994792
7791,0.06089553761358424,1.0005139
7792,0.061577145375634856,1.0006321
7793,0.06294036153453142,0.9997744
7794,0.06362196929658204,0.9994383
7795,0.06498518545548038,1.0001083
7796,0.06566679321752922,0.9993964
7797,0.06634840129697928,1.0001004
7798,0.06771161713847818,1.0002558
7799,0.06839322521792646,0.999425
7800,0.06975644105942536,0.9999448
7801,0.07043804913887364,0.9993267
7802,0.07111965690092426,0.9995794
7803,0.0724828730598226,0.9994886
7804,0.07316448082187321,0.9995906
7805,0.07452769698076978,1.0001953
7806,0.0752093047428204,0.9991131
7807,0.07589091282226867,1.0004725
7808,0.07725412866376757,0.9999224
7809,0.07793573674321586,0.9993929
7810,0.07861734482266591,0.9993621
7811,0.07998056066416481,1.0002955
7812,0.0806621687436131,0.9994038
7813,0.082025384585112,0.9992217
7814,0.08270699266456027,0.9999238
7815,0.08338860042661089,1.0012638
7816,0.08475181626810979,0.9997365
7817,0.08543342434755985,0.9991155
7818,0.08679664018905875,1.0013422
7819,0.08747824826850703,0.9999704
7820,0.08815985634795531,0.9997374
7821,0.08952307218945421,0.9994586
7822,0.09020468026890427,1.0001828
7823,0.09156789611040317,0.999821
7824,0.09224950418985145,0.9995207
7825,0.09293111195190207,1.0014622
7826,0.09429432811079863,1.0006766
7827,0.09497593587284925,0.9992573
7828,0.09565754395229753,0.9996438
7829,0.0970207597937982,0.9995669
7830,0.09770236787324649,0.9992361
7831,0.09906558371474539,1.0004043
7832,0.09974719179419367,0.9997417
7833,0.10042879955624429,1.0002451
7834,0.10179201571514085,0.9997863
7835,0.10247362347719147,1.0006079
7836,0.1038368396360898,1.0001546
7837,0.10451844739814042,1.0009538
7838,0.1052000554775887,0.9998603
7839,0.1065632713190876,1.0000866
7840,0.10724487939853589,1.0002736
7841,0.10860809524003479,1.0005209
7842,0.10928970331948484,1.0003656
7843,0.10997131108153368,1.0002014
7844,0.11133452724043202,1.0001062
7845,0.11201613500248264,1.0002343
7846,0.11269774308193092,1.0004281
7847,0.1147425670028781,1.0004282
7848,0.11610578284437878,1.0004952
7849,0.11746899900327534,1.0000627
7850,0.11883221484477424,1.0004803
7851,0.11951382292422252,0.9996428
7852,0.1208770387657232,1.0003548
7853,0.12155864652777204,1.0004995
7854,0.1222402546072221,0.9998404
7855,0.123603470448721,0.9997163
7856,0.12428507852816928,0.9998093
7857,0.12564829436966818,0.9996245
7858,0.12632990244911646,0.9999339
7859,0.12701151052856652,1.0005859
7860,0.12837472637006542,0.999378
7861,0.1290563344495137,0.9987279
7862,0.12973794221156432,0.999922
7863,0.13110115837046088,1.0014288
7864,0.1317827661325115,1.0008184
7865,0.1331459819740104,1.0005991
7866,0.13382759005345868,0.9993889
7867,0.13450919813290874,0.9989179
7868,0.13587241397440764,1.0000877
7869,0.13655402205385592,1.0005839
7870,0.13791723789535482,1.0008322
7871,0.1385988459748031,0.9993933
7872,0.13928045373685372,1.0009082
7873,0.14064366989575205,1.0002109
7874,0.14132527765780267,1.0000054
7875,0.14268849381669924,1.0005772
7876,0.14337010157874985,1.0000113
7877,0.14405170965819813,0.999594
7878,0.14541492549969703,1.001678
7879,0.1460965335791471,0.9993242
7880,0.14677814134119593,1.0004549
7881,0.14814135750009427,0.9999113
7882,0.15018618142104145,0.9991708
7883,0.15086778918309207,0.9996988
7884,0.15154939726254035,0.999442
7885,0.15291261310403925,0.9991785
7886,0.1535942211834893,1.0002704
7887,0.1549574370249882,0.9998284
7888,0.1556390451044365,0.9992193
7889,0.1563206528664871,1.0000941
7890,0.15768386902538367,1.0007756
7891,0.1583654767874343,0.9996848
7892,0.15972869294633263,1.0002307
7893,0.16041030070838325,0.9991383
7894,0.16109190878783153,1.0019601
7895,0.16245512462933043,1.0002298
7896,0.1631367327087787,0.9997215
7897,0.16381834078822877,1.0001286
7898,0.16518155662972767,1.0000585
7899,0.16586316470917595,1.0003755
7900,0.16722638055067485,0.9993987
7901,0.16790798863012313,0.9991755
7902,0.16858959639217375,1.0012059
7903,0.16995281223367265,1.0013302
7904,0.17063442031312093,1.0007321
7905,0.1719976361546216,1.00172
7906,0.17267924423406988,1.0002768
7907,0.17336085231351817,0.9996338
7908,0.17472406815501706,0.9996719
7909,0.17540567623446535,1.0000959
7910,0.17676889207596425,1.0013388
7911,0.1774505001554143,0.998977
7912,0.17813210791746492,1.0001244
7913,0.17949532407636148,1.0010555
7914,0.1801769318384121,1.0010493
7915,0.18085853991786038,0.9992137
7916,0.18222175575935928,1.000177
7917,0.18290336383880934,1.0003612
7918,0.18426657968030824,1.0005933
7919,0.18494818775975652,0.9999821
7920,0.18562979552180714,1.0006389
7921,0.1869930116807037,0.9999938
7922,0.18767461944275432,0.9997315
7923,0.18903783560165266,0.9997983
7924,0.1897194433637015,1.0000784
7925,0.19040105144315156,0.9995757
7926,0.19176426728465046,1.0000711
7927,0.19244587536409874,0.9992838
7928,0.19380909120559764,0.9994102
7929,0.19449069928504592,0.9997283
7930,0.19517230704709654,0.9995692
7931,0.19653552320599488,0.9996303
7932,0.1972171309680455,0.9991229
7933,0.19789873904749378,0.9998937
7934,0.19926195488899268,0.9994377
7935,0.19994356296844096,0.9988228
7936,0.20130677880993986,0.9994307
7937,0.20198838688938991,1.0018205
7938,0.2026699949688382,1.0001407
7939,0.2040332108103371,0.9999142
7940,0.20471481888978538,0.9993671
7941,0.20607803473128428,1.0002219
7942,0.2067596424933349,1.000661
7943,0.20744125057278318,0.9989346
7944,0.20880446641428207,1.0004387
7945,0.20948607449373213,1.000676
7946,0.21084929033523103,0.999428
7947,0.2115308984146793,0.9996528
7948,0.2122125064941276,0.9996928
7949,0.2135757223356265,1.000467
7950,0.21425733041507655,1.0000322
7951,0.21493893817712717,0.9998033
7952,0.21630215433602373,0.9995341
7953,0.21698376209807435,0.9992026
7954,0.21834697793957325,0.9990634
7955,0.21902858601902153,0.9999634
7956,0.2197101940984698,0.9999503
7957,0.2210734099399705,1.0002751
7958,0.22175501801941877,0.9997157
7959,0.22311823386091767,1.000099
7960,0.22379984194036595,0.9992556
7961,0.22448144970241657,0.999462
7962,0.2258446658613149,0.9994494
7963,0.2278894897822621,0.9995921
7964,0.2285710975443127,0.9994993
7965,0.229252705623761,0.9993145
7966,0.2306159214652599,0.9991467
7967,0.23129752954470817,1.0016852
7968,0.2319791373067588,0.9988337
7969,0.23334235346565713,0.9996361
7970,0.23402396122770774,0.9998389
7971,0.2353871773866043,0.9996144
7972,0.23606878514865492,0.9989639
7973,0.2367503932281032,1.0000414
7974,0.2381136090696021,0.9998041
7975,0.23879521714905216,0.9994401
7976,0.24015843299055106,0.9997782
7977,0.24084004106999934,0.999701
7978,0.24152164883204996,1.000377
7979,0.24288486499094653,0.9986732
7980,0.24356647275299714,1.0006031
7981,0.24492968891189548,0.9999723
7982,0.24561129667394432,0.9998756
7983,0.24629290475339438,1.0008858
7984,0.24765612059489328,0.9996065
7985,0.24833772867434156,1.0003964
7986,0.24901933675378984,1.000329
7987,0.25038255259528874,1.0005139
7988,0.2510641606747388,1.0013893
7989,0.2524273765162377,0.9995198
7990,0.253108984595686,1.0003012
7991,0.2537905923577366,1.0000004
7992,0.2551538081992355,0.9998952
7993,0.2558354162786838,1.0002781
7994,0.2571986321201827,0.9998355
7995,0.25788024019963274,1.0009624
7996,0.258561848279081,1.001279
7997,0.2599250641205799,1.0002173
7998,0.2606066722000282,0.9994002
7999,0.2619698880415271,0.9993834
8000,0.26265149612097716,0.9994505
8001,0.263333103883026,1.0002112
8002,0.26469632004192434,1.0006537
8003,0.26537792780397496,0.9998232
8004,0.26605953588342324,1.0000286
8005,0.26742275172492214,0.9986728
8006,0.2681043598043704,0.9995291
8007,0.2694675756458693,0.9999091
8008,0.2701491837253194,1.0005618
8009,0.2708307914873682,1.0007532
8010,0.27219400764626656,1.0018405
8011,0.2728756154083172,1.0004706
8012,0.27423883156721374,0.9990308
8013,0.27560204740871264,0.9996859
8014,0.2769652632502133,1.0008558
8015,0.2776468713296616,0.9997826
8016,0.2790100871711605,1.0001281
8017,0.2796916952506088,1.0010663
8018,0.2803733030126594,0.998678
8019,0.28173651917155773,0.9992684
8020,0.2824181269336066,1.0011759
8021,0.28309973501305663,1.0001107
8022,0.28446295085455553,0.9999226
8023,0.2851445589340038,0.9996457
8024,0.2865077747755027,1.0004566
8025,0.287189382854951,0.9998326
8026,0.28787099093440105,0.9997122
8027,0.28923420677589995,1.0009698
8028,0.28991581485534823,1.0002485
8029,0.29127903069684713,1.0002819
8030,0.29196063845889775,0.9995239
8031,0.29264224653834603,0.999452
8032,0.29400546237984493,1.0000674
8033,0.2946870704592932,0.9998654
8034,0.2960502863007939,0.9998415
8035,0.29673189438024217,0.9989419
8036,0.29741350245969045,1.0006304
8037,0.29877671830118935,0.9996828
8038,0.29945832638063763,1.0002251
8039,0.30013993414268825,0.9994422
8040,0.3015031503015866,0.9995967
8041,0.3021847580636372,1.001074
8042,0.3035479739051361,0.9998334
8043,0.3042295819845844,0.9993559
8044,0.30491119006403267,1.000671
8045,0.30627440590553157,0.9997475
8046,0.3069560139849816,1.0002787
8047,0.3083192298264805,1.0002979
8048,0.3090008379059288,0.9999498
8049,0.3096824456679794,1.0005319
8050,0.311045661826876,0.9993231
8051,0.3117272695889266,1.000909
8052,0.31309048574782494,0.9989309
8053,0.31377209350987556,0.9993422
8054,0.31445370158932384,1.0004316
8055,0.31581691743082274,1.0001024
8056,0.316498525510271,0.9998305
8057,0.31718013327232164,1.0006626
8058,0.3185433494312182,0.9995411
8059,0.3192249571932688,0.9994108
8060,0.32058817335216716,0.9999453
8061,0.3212697811142178,0.9997489
8062,0.32195138919366606,0.999249
8063,0.32331460503516496,0.9985939
8064,0.32399621311461324,1.0003916
8065,0.32535942895611214,0.9997269
8066,0.3260410370355622,1.0003852
8067,0.32672264479761104,0.9995469
8068,0.3280858609565094,1.0003364
8069,0.32876746871856,1.0001603
8070,0.33013068487745656,0.9992733
8071,0.3308122926395072,1.0000089
8072,0.33149390071895546,1.0001937
8073,0.33285711656045613,1.0000575
8074,0.3335387246399044,1.0005319
8075,0.3342203327193527,1.0009908
8076,0.3355835485608516,1.0000488
8077,0.3362651566402999,0.999636
8078,0.3376283724817988,0.9992418
8079,0.33830998056124884,0.9996919
8080,0.33899158832329945,0.9999061
8081,0.34035480416479835,0.9992921
8082,0.34103641224424663,0.9996561
8083,0.34239962808574553,1.0011176
8084,0.3430812361651938,0.9989205
8085,0.3437628442446439,0.9996254
8086,0.34512606008614277,0.9999711
8087,0.34580766816559105,1.0003317
8088,0.34717088400708995,1.0004814
8089,0.34785249208653823,0.9985856
8090,0.34853409984858885,0.9997227
8091,0.3498973160074872,1.0003611
8092,0.35057892376953603,1.0001131
8093,0.3512605318489861,0.9996101
8094,0.352623747690485,0.9991113
8095,0.35330535576993327,0.9998737
8096,0.35466857161143217,0.9989122
8097,0.35535017969088045,0.9984089
8098,0.35603178745293107,0.9990613
8099,0.3573950036118294,1.0006097
8100,0.35807661137388,0.9987472
8101,0.3594398275327766,0.9996066
8102,0.3601214352948272,0.9995757
8103,0.3608030433742755,1.0006294
8104,0.3621662592157744,0.9992335
8105,0.36284786729522445,0.9991951
8106,0.36421108313672335,1.0005123
8107,0.3648926912161716,1.0014623
8108,0.36557429897822225,0.9993291
8109,0.3669375151371188,1.001044
8110,0.3676191228991694,1.0002267
8111,0.3683007309786177,0.9993847
8112,0.3696639468201166,1.0005647
8113,0.37034555489956666,0.9999013
8114,0.37170877074106556,1.0000259
8115,0.37239037882051385,0.99978
8116,0.3730719868999621,0.9999804
8117,0.374435202741461,1.0006742
8118,0.3751168108209111,1.0008058
8119,0.37648002666241,1.0001128
8120,0.3771616344244606,0.9997734
8121,0.3778432425039089,1.000046
8122,0.3792064583454078,0.9994108
8123,0.37988806642485606,0.9996437
8124,0.38125128226635496,0.9999515
8125,0.381932890345805,1.000771
8126,0.3826144984252533,1.0009799
8127,0.3839777142667522,0.9991467
8128,0.3846593223462005,0.9998655
8129,0.3853409301082511,1.0002764
8130,0.38670414626714944,1.0015602
8131,0.3873857540291983,0.9998883
8132,0.3887489698706972,0.9988275
8133,0.38943057795014724,1.0001298
8134,0.3901121860295955,1.0026799
8135,0.3914754018710944,0.9998984
8136,0.3921570099505427,1.0007534
8137,0.3935202257920416,0.9992563
8138,0.39420183387149166,0.9993577
8139,0.39624665779243884,0.9997241
8140,0.39692826555448946,0.9997285
8141,0.398291481713386,1.0001975
8142,0.39897308947543664,0.9998184
8143,0.3996546975548867,0.9994432
8144,0.4010179133963856,0.9999903
8145,0.4016995214758339,0.9991621
8146,0.4023811292378845,0.9997527
8147,0.40374434539678106,1.0000415
8148,0.4044259531588317,0.9992542
8149,0.40578916931773,1.0000039
8150,0.40647077707977886,0.999619
8151,0.4071523851592289,1.0003214
8152,0.4085156010007278,0.999902
8153,0.4091972090801761,0.9995887
8154,0.410560424921675,0.9994859
8155,0.4112420330011233,1.0007016
8156,0.4119236407631739,0.9993391
8157,0.41328685692207223,1.0006654
8158,0.41396846468412285,1.0008906
8159,0.4153316808430194,0.9988324
8160,0.41601328860507003,0.9991218
8161,0.4166948966845183,1.0008747
8162,0.4180581125260172,0.9982296
8163,0.41873972060546727,0.999338
8164,0.41942132868491555,1.0014428
8165,0.42078454452641445,1.0001023
8166,0.42146615260586273,1.0001227
8167,0.42282936844736163,1.0022916
8168,0.4235109765268117,0.9999331
8169,0.42419258428886053,1.0012114
8170,0.42555580013035943,0.9987287
8171,0.4262374082098095,1.0010229
8172,0.4276006240513084,0.9992196
8173,0.42828223213075667,1.0013028
8174,0.43032705605170385,1.0009144
8175,0.4310086641311539,0.9989782
8176,0.4323718799726528,0.9994737
8177,0.4330534880521011,0.9999225
8178,0.4337350958141517,1.0001902
8179,0.43509831197304827,1.0001054
8180,0.4357799197350989,1.0004541
8181,0.43646152781454717,1.0004382
8182,0.43782474365604784,0.9999201
8183,0.4385063517354961,0.9995124
8184,0.439869567576995,0.9999729
8185,0.4405511756564433,1.0011637
8186,0.4412327834184939,1.0002405
8187,0.44259599957739226,0.9999314
8188,0.4432776073394411,0.9998676
8189,0.44464082349833944,0.9996781
8190,0.44532243126039006,0.9992767
8191,0.44600403933983834,1.0014129
8192,0.44736725518133724,0.9990602
8193,0.4480488632607855,0.9989262
8194,0.4494120791022844,0.9995998
8195,0.4500936871817345,1.0003453
8196,0.4507752949437851,1.0001893
8197,0.45213851110268166,1.0018632
8198,0.4528201188647323,0.9997761
8199,0.45350172694418056,1.0003104
8200,0.45486494278567946,1.0006578
8201,0.4555465508651295,0.9995488
8202,0.4569097667066284,1.0002558
8203,0.4575913747860767,1.0010999
8204,0.458272982865525,1.000218
8205,0.4596361987070239,0.9999756
8206,0.46031780678647216,1.0001732
8207,0.46168102262797284,0.9993812
8208,0.4623626303900217,1.0008556
8209,0.46304423846947174,1.0003159
8210,0.46440745431097064,0.9996454
8211,0.4650890623904189,1.0000233
8212,0.4664522782319178,0.9999293
8213,0.4671338863113661,1.000079
8214,0.46781549439081616,0.9994414
8215,0.46917871023231505,1.0004808
8216,0.46986031831176334,0.999206
8217,0.47054192607381395,0.9990373
8218,0.4719051422327105,0.9997487
8219,0.47258674999476113,1.0014464
8220,0.47394996583626003,0.9998238
8221,0.4746315739157101,0.9996781
8222,0.4753131819951584,0.9988829
8223,0.4766763978366573,1.0001137
8224,0.47735800591610555,0.9987373
8225,0.47872122175760445,0.9998765
8226,0.47940282983705274,0.9997951
8227,0.48008443759910335,1.0012299
8228,0.4814476537580017,0.9992802
8229,0.4834924776789489,0.999321
8230,0.4841740854409995,0.9992583
8231,0.4848556935204478,0.9997388
8232,0.48621890936194667,1.0007541
8233,0.48690051744139673,0.9993857
8234,0.48758212520344557,0.9995524
8235,0.4889453413623439,0.9984119
8236,0.48962694912439453,1.0004978
8237,0.4909901652832911,1.0001223
8238,0.4916717730453417,0.9998994
8239,0.49235338112479,0.9989782
8240,0.49371659696629067,1.0000294
8241,0.49439820504573895,0.9997871
8242,0.49576142088723785,0.9998751
8243,0.49644302896668613,0.9993764
8244,0.49712463672873675,0.9999796
8245,0.4984878528876351,0.9991288
8246,0.4991694606496839,0.9990899
8247,-0.49946732319141773,0.999816
8248,-0.49810410734991883,0.9989992
8249,-0.49674089150841994,0.9995394
8250,-0.49605928342897165,0.9996938
8251,-0.4953776753495216,1.0003099
8252,-0.4940144595080227,1.0000331
8253,-0.4933328514285744,0.9997403
8254,-0.4919696355870755,0.9997783
8255,-0.49128802750762723,1.0007155
8256,-0.4906064197455766,0.9996695
8257,-0.4892432039040777,0.9992781
8258,-0.48856159582462944,1.0017598
8259,-0.48719837998312876,1.000318
8260,-0.4865167719036805,1.000439
8261,-0.4858351638242322,0.9999245
8262,-0.4844719479827333,0.9997752
8263,-0.483790339903285,0.9994619
8264,-0.48242712406178434,1.0002779
8265,-0.48174551598233606,1.0005005
8266,-0.48106390822028544,0.9999048
8267,-0.4797006920613889,1.0005618
8268,-0.47901908429933826,1.0000322
8269,-0.47833747621989,0.9991132
8270,-0.4769742603783911,0.9997156
8271,-0.476292652298941,1.0006096
8272,-0.4749294364574421,1.0000801
8273,-0.47424782837799384,0.9987767
8274,-0.4735662206159432,0.9991942
8275,-0.47220300445704666,0.9994391
8276,-0.47152139669499604,0.9987482
8277,-0.4701581805360977,1.00081
8278,-0.46947657277404886,0.9998586
8279,-0.4687949646945988,0.9995471
8280,-0.4674317488530999,0.9992725
8281,-0.4667501407736516,0.9995168
8282,-0.4653869249321527,0.9996014
8283,-0.46470531685270444,1.0005277
8284,-0.4640237090906538,0.9998071
8285,-0.4626604929317555,0.9995876
8286,-0.46197888516970487,1.0001477
8287,-0.4612972770902566,1.0006136
8288,-0.4599340612487577,0.9997746
8289,-0.4592524531693094,0.9993028
8290,-0.4578892373278105,1.0008752
8291,-0.45720762924836045,0.999112
8292,-0.45652602116891217,0.9993036
8293,-0.45516280532741327,1.0010334
8294,-0.454481197247965,1.0000221
8295,-0.4531179814064661,1.0001661
8296,-0.45243637364441547,1.0003721
8297,-0.4517547655649672,1.000472
8298,-0.4503915497234665,1.0001702
8299,-0.44970994164401823,0.9997475
8300,-0.44834672580251933,0.9994819
8301,-0.44766511772307105,0.9994126
8302,-0.44698350964362277,1.0002819
8303,-0.44562029380212387,1.0000536
8304,-0.4449386857226738,1.0006724
8305,-0.4442570779606232,0.9988997
8306,-0.44289386180172663,0.9990771
8307,-0.4408490381981771,0.9996197
8308,-0.44016743011872883,1.0007457
8309,-0.4394858220392788,1.0006728
8310,-0.4381226061977799,1.0012827
8311,-0.4374409981183316,1.000411
8312,-0.4360777822768327,0.9992429
8313,-0.4353961741973844,1.0001056
8314,-0.4347145664353338,0.9991172
8315,-0.43335135027643545,1.0001068
8316,-0.4326697425143866,1.0029071
8317,-0.4313065263554883,0.9997158
8318,-0.43062491859343766,1.0009823
8319,-0.4299433105139894,0.9998543
8320,-0.4285800946724905,0.9996076
8321,-0.4278984865930422,1.0001771
8322,-0.4272168788309916,0.999829
8323,-0.42585366267209324,0.9994476
8324,-0.4251720549100426,1.0006326
8325,-0.42380883875114606,0.9997195
8326,-0.42312723098909544,1.0003387
8327,-0.42244562290964716,0.9992693
8328,-0.42108240706814826,1.0002276
8329,-0.4204007989886982,0.999396
8330,-0.4190375831471993,0.9994736
8331,-0.418355975067751,0.9990105
8332,-0.4176743673057004,0.9992328
8333,-0.41631115114680384,0.9992909
8334,-0.4156295433847532,1.0005546
8335,-0.4142663272258549,0.9995876
8336,-0.41358471946380604,0.9999295
8337,-0.412903111384356,1.0003693
8338,-0.4115398955428571,0.9994845
8339,-0.4108582874634088,1.0012755
8340,-0.4101766793839605,0.999289
8341,-0.4088134635424616,0.9997339
8342,-0.40813185546301156,0.9993366
8343,-0.40676863962151266,0.9992903
8344,-0.4060870315420644,0.9993571
8345,-0.40540542378001376,0.9994951
8346,-0.40404220793851486,0.9998597
8347,-0.4033605998590666,1.0004422
8348,-0.4019973840175677,0.999199
8349,-0.4013157759381176,0.9989284
8350,-0.40063416785866934,0.9994283
8351,-0.39927095201717044,0.9990824
8352,-0.39858934393772216,0.9994976
8353,-0.39722612809622326,1.0019253
8354,-0.3965445200167732,0.999588
8355,-0.39586291225472436,0.9987601
8356,-0.394499696095826,1.000523
8357,-0.3938180883337754,1.0016191
8358,-0.3931364802543271,0.9994975
8359,-0.3917732644128282,1.0000624
8360,-0.39109165633337994,0.9997993
8361,-0.38972844049188105,0.9999771
8362,-0.389046832412431,1.0001478
8363,-0.38836522465038037,1.0001851
8364,-0.3870020084914838,1.0002034
8365,-0.3863204007294332,1.0003413
8366,-0.3849571845705366,0.9994977
8367,-0.384275576808486,0.9994233
8368,-0.38359396872903595,1.0006555
8369,-0.38223075288753705,0.9999542
8370,-0.38154914480808877,1.0004466
8371,-0.38018592896658987,0.9996806
8372,-0.3795043208871416,1.0004893
8373,-0.37882271312509097,0.9997845
8374,-0.37745949696619263,1.0001381
8375,-0.3767778892041438,1.0003291
8376,-0.37609628112469373,1.000435
8377,-0.37473306528319483,0.9998948
8378,-0.37405145720374655,0.9998728
8379,-0.37268824136224765,1.0000262
8380,-0.37200663328279937,1.0010391
8381,-0.3713250252033493,0.9997863
8382,-0.3699618093618504,1.0017273
8383,-0.36928020128240213,1.0007858
8384,-0.36791698544090323,1.0008281
8385,-0.3672353776788526,1.0010602
8386,-0.36655376959940433,0.9996581
8387,-0.36519055375790543,1.0008745
8388,-0.3645089456784554,1.0000965
8389,-0.3631457298369565,0.9991178
8390,-0.3624641217575082,0.9991734
8391,-0.3617825136780599,0.9998806
8392,-0.360419297836561,0.9991525
8393,-0.35973768975711096,1.0005626
8394,-0.3590560819950621,0.9996056
8395,-0.3576928658361638,0.999529
8396,-0.35701125807411316,1.0006501
8397,-0.35564804223261426,1.0004286
8398,-0.354966434153166,1.0012774
8399,-0.3542848260737177,1.0000293
8400,-0.3529216102322188,0.9995735
8401,-0.35224000215276874,0.9991315
8402,-0.35087678631126984,1.0001021
8403,-0.35019517823182156,1.0003523
8404,-0.34951357046977094,1.0019472
8405,-0.3481503543108744,0.9992982
8406,-0.34746874654882376,0.9997847
8407,-0.3461055303899254,1.0004048
8408,-0.3454239226278748,1.00014
8409,-0.3447423145484265,1.0003727
8410,-0.3433790987069276,1.0005661
8411,-0.34269749062747934,0.9994261
8412,-0.3420158828654287,1.0003372
8413,-0.3406526667065304,1.0001229
8414,-0.33997105894448154,0.9991746
8415,-0.3386078427855832,0.9995338
8416,-0.3379262350235326,0.9997989
8417,-0.3372446269440843,0.9992622
8418,-0.3358814111025854,0.9997415
8419,-0.3351998030231371,1.0001896
8420,-0.3338365871816382,0.9996384
8421,-0.33315497910218816,0.9986671
8422,-0.33247337134013755,1.000158
8423,-0.331110155181241,0.9999898
8424,-0.33042854741919037,0.9985134
8425,-0.3290653312602938,0.9995971
8426,-0.3283837234982432,1.0006156
8427,-0.3277021154187949,0.9988599
8428,-0.32633889957729423,0.9996651
8429,-0.32565729149784595,1.0006383
8430,-0.32497568341839767,1.0008469
8431,-0.32361246757689877,1.0000185
8432,-0.3229308594974505,1.0001658
8433,-0.3215676436559498,0.9990024
8434,-0.3208860355765015,1.0005109
8435,-0.3202044278144509,0.9997115
8436,-0.318841211972952,0.9999036
8437,-0.31815960389350373,1.001437
8438,-0.31679638805200483,1.0002092
8439,-0.31611477997255655,1.002532
8440,-0.3154331718931065,1.0003352
8441,-0.3140699560516076,0.9995432
8442,-0.3133883479721593,0.999358
8443,-0.3120251321306604,0.9997153
8444,-0.31134352405121213,0.9987079
8445,-0.3106619162891615,0.999873
8446,-0.30929870013026317,1.0005927
8447,-0.30861709236821255,1.0002965
8448,-0.30793548428876427,1.0002217
8449,-0.3065722684472654,1.0004789
8450,-0.3058906603678171,1.0001164
8451,-0.3045274445263182,0.9999931
8452,-0.3038458364468699,1.0001819
8453,-0.3031642286848193,0.9997203
8454,-0.30180101252592095,1.0005222
8455,-0.30111940476387034,0.9997857
8456,-0.2997561886049738,0.998959
8457,-0.29907458084292315,1.0011941
8458,-0.2983929727634749,1.0003603
8459,-0.297029756921976,0.9980046
8460,-0.2963481488425259,0.9998441
8461,-0.294984933001027,0.9994834
8462,-0.29430332492157874,0.9996486
8463,-0.2936217171595281,0.999076
8464,-0.29225850100063155,0.998743
8465,-0.29157689323858094,1.0014132
8466,-0.29089528515913265,1.0005125
8467,-0.289532069317632,0.9994644
8468,-0.2888504612381837,0.9987449
8469,-0.2874872453966848,0.9997833
8470,-0.2868056373172365,0.9997875
8471,-0.28612402923778824,0.9992883
8472,-0.28476081339628756,0.9994013
8473,-0.2840792053168393,0.9996753
8474,-0.2827159894753404,1.0001423
8475,-0.28203438171328976,1.0001103
8476,-0.2799895577923426,1.0008744
8477,-0.2793079497128943,0.99993
8478,-0.2779447338713954,1.0000335
8479,-0.27726312579194534,0.9987915
8480,-0.27658151771249706,0.9995536
8481,-0.27521830187099816,1.0012172
8482,-0.2745366937915499,0.9998151
8483,-0.27385508602949926,0.9991984
8484,-0.2724918698706009,0.9981426
8485,-0.2718102621085521,0.9997166
8486,-0.2704470462670514,0.9998376
8487,-0.2697654381876031,1.0000574
8488,-0.26908383010815484,1.0005874
8489,-0.26772061426665594,0.999139
8490,-0.26703900618720766,0.9999784
8491,-0.265675790345707,0.9992317
8492,-0.2649941822662587,1.0000267
8493,-0.2643125745042081,1.0008526
8494,-0.2629493583453115,0.9993685
8495,-0.2622677505832609,1.000161
8496,-0.26090453442436257,0.9995206
8497,-0.2602229266623137,1.0002538
8498,-0.25954131858286367,0.9988333
8499,-0.25817810274136477,0.9997487
8500,-0.2574964946619165,0.9991855
8501,-0.25681488689986587,0.9997936
8502,-0.2554516707409693,0.9991223
8503,-0.2547700629789187,0.9993786
8504,-0.25340684682002035,0.9992281
8505,-0.25204363097852145,0.9994825
8506,-0.25068041513702255,0.9992628
8507,-0.24999880705757427,1.0002623
8508,-0.24863559121607537,0.9996278
8509,-0.2479539831366271,0.9997841
8510,-0.24727237537457647,0.9991017
8511,-0.24590915921567813,0.9991783
8512,-0.2452275514536275,0.9988359
8513,-0.24386433529473095,1.0000212
8514,-0.24318272753268033,1.000056
8515,-0.24250111945323205,1.002
8516,-0.24113790361173315,1.0008443
8517,-0.2404562955322831,1.0001434
8518,-0.2397746874528348,0.9999503
8519,-0.2384114716113359,1.0001613
8520,-0.23772986353188763,0.9988586
8521,-0.23636664769038873,0.9999008
8522,-0.23568503961093867,1.0002607
8523,-0.23500343184888983,1.000776
8524,-0.23364021600738916,1.0005194
8525,-0.23295860792794088,0.9996849
8526,-0.23159539208644198,1.0004745
8527,-0.2302321759275454,1.0012289
8528,-0.2288689600860465,0.9999453
8529,-0.22818735200659646,1.0005488
8530,-0.22682413616509756,1.0001409
8531,-0.22614252808564927,0.9988529
8532,-0.22546092032359866,1.0003042
8533,-0.2240977041647021,0.9996448
8534,-0.22341609640265148,1.0006041
8535,-0.22273448832320142,1.0008934
8536,-0.22137127248170252,1.0001503
8537,-0.22068966440225424,0.9992927
8538,-0.21932644856075534,0.9992894
8539,-0.21864484048130706,1.0001533
8540,-0.21796323271925644,1.0003585
8541,-0.2166000165603581,0.9989525
8542,-0.21591840879830926,1.0002488
8543,-0.21455519263941092,1.00081
8544,-0.2138735848773603,1.0008194
8545,-0.21319197679791202,0.9988761
8546,-0.21182876095641312,1.0004001
8547,-0.21114715287696484,0.9999196
8548,-0.20978393703546594,1.0000084
8549,-0.20910232895601588,1.0002845
8550,-0.20842072119396526,1.0000114
8551,-0.2070575050350687,1.0015287
8552,-0.20637589727301808,0.9997923
8553,-0.2056942891935698,1.0001702
8554,-0.2043310733520709,1.0001169
8555,-0.20364946527262084,0.9994233
8556,-0.20228624943112195,0.9998019
8557,-0.20160464135167366,1.0005578
8558,-0.20092303327222538,0.9994423
8559,-0.19955981743072648,1.0002745
8560,-0.19887820935127642,1.0004047
8561,-0.19751499350977753,0.9995011
8562,-0.19683338574772868,0.9999042
8563,-0.19615177766827863,0.9994942
8564,-0.19478856182677973,0.9997795
8565,-0.19410695374733145,1.0008236
8566,-0.19274373790583255,1.0000545
8567,-0.19206212982638426,0.9999664
8568,-0.1913805217469342,0.9994949
8569,-0.1900173059054353,0.99961
8570,-0.18933569782598703,0.9993813
8571,-0.1886540900639364,1.0000368
8572,-0.18729087390503985,0.9994284
8573,-0.18660926614298923,1.0008735
8574,-0.18524605030149033,1.0000612
8575,-0.18456444222204027,1.00005
8576,-0.183882834142592,0.9997039
8577,-0.1825196183010931,1.0004351
8578,-0.1818380102216448,1.0014409
8579,-0.1804747943801459,0.9994686
8580,-0.17979318630069585,1.0003288
8581,-0.179111578538647,1.0002536
8582,-0.17774836237974867,0.999408
8583,-0.17706675461769805,1.0003708
8584,-0.1757035384588015,0.9997339
8585,-0.17502193069675087,1.0000179
8586,-0.1743403226173026,0.9993125
8587,-0.1729771067758037,1.0006355
8588,-0.17229549869635363,0.9996459
8589,-0.17161389093430302,1.0008884
8590,-0.17025067477540645,0.9997146
8591,-0.16956906701335583,0.9997064
8592,-0.16820585085445927,0.9994922
8593,-0.16752424309240865,0.9998789
8594,-0.1668426350129586,1.0003145
8595,-0.1654794191714597,1.0010805
8596,-0.16479781109201141,1.0000944
8597,-0.16343459525051252,1.00013
8598,-0.16275298717106423,0.9995336
8599,-0.16207137940901362,1.0000565
8600,-0.16070816325011528,0.9994647
8601,-0.16002655548806644,1.0000146
8602,-0.1586633393291681,0.9982869
8603,-0.15798173156711748,1.0006521
8604,-0.1573001234876692,0.9998289
8605,-0.1559369076461703,0.9998095
8606,-0.15525529956672202,1.0006212
8607,-0.15457369148727196,1.0005694
8608,-0.15321047564577306,1.0006794
8609,-0.15252886756632478,1.0000928
8610,-0.15116565172482588,1.0001642
8611,-0.1504840436453776,0.9986494
8612,-0.14980243588332698,1.0005483
8613,-0.14843922004182808,1.0002825
8614,-0.14775761196237802,0.9989292
8615,-0.14639439612087912,1.0000438
8616,-0.14571278804143084,0.9999025
8617,-0.14503117996198256,0.9990555
8618,-0.14366796412048366,0.9999051
8619,-0.1429863560410336,1.0011452
8620,-0.1416231401995347,0.9991832
8621,-0.14094153212008642,0.9995191
8622,-0.1402599243580358,1.0012096
8623,-0.13889670819913924,1.0008873
8624,-0.13821510043708862,1.000661
8625,-0.13753349235764034,1.000817
8626,-0.13617027651614144,1.0009239
8627,-0.13548866843669138,1.0004877
8628,-0.13412545259519248,1.0000338
8629,-0.1334438445157442,1.0011619
8630,-0.13276223675369359,0.999463
8631,-0.13139902059479702,1.0001395
8632,-0.1307174128327464,0.9992993
8633,-0.12935419667384807,1.0008881
8634,-0.12867258891179745,1.0003211
8635,-0.12799098083234917,1.0001179
8636,-0.12662776499085027,0.9999856
8637,-0.12594615691140199,0.9983853
8638,-0.12458294106990309,0.9989942
8639,-0.12390133299045303,1.0014439
8640,-0.12321972522840419,0.9998161
8641,-0.12185650906950585,0.9998371
8642,-0.12117490130745523,1.0000148
8643,-0.12049329322800695,0.9993177
8644,-0.11913007738650805,1.0000743
8645,-0.11844846930705977,1.0005454
8646,-0.11708525346556087,1.0006315
8647,-0.11640364538611081,1.0002911
8648,-0.11572203730666253,0.9999103
8649,-0.11435882146516363,1.0009193
8650,-0.11367721338571535,0.9986772
8651,-0.11231399754421645,0.9991591
8652,-0.11163238978216583,1.0004309
8653,-0.11095078170271755,0.999761
8654,-0.10958756586121687,1.0004211
8655,-0.10754274194026969,0.9989781
8656,-0.10686113386082141,1.0001479
8657,-0.10617952578137313,0.9988849
8658,-0.10481630993987245,1.000492
8659,-0.10413470186042417,1.0000696
8660,-0.10345309409837355,1.0001481
8661,-0.10208987793947699,1.0004656
8662,-0.10140827017742637,0.999894
8663,-0.10004505433592747,0.9995581
8664,-0.0993634462564792,0.9999135
8665,-0.09868183817702914,0.998368
8666,-0.09731862233553024,0.999997
8667,-0.09663701425608195,1.0001134
8668,-0.09527379841458306,0.9993348
8669,-0.09459219033513477,0.9994791
8670,-0.09391058257308416,1.0007464
8671,-0.09254736641418582,1.0011514
8672,-0.0918657586521352,0.9997931
8673,-0.09050254249323864,1.0014739
8674,-0.08982093473118802,0.998708
8675,-0.08913932665173974,0.999666
8676,-0.08777611081024084,1.0007035
8677,-0.08709450273079256,0.9993926
8678,-0.08641289496874194,0.9995728
8679,-0.0850496788098436,0.9995631
8680,-0.08436807104779298,0.9995635
8681,-0.08300485488889642,1.0009757
8682,-0.0823232471268458,0.9997915
8683,-0.08164163904739752,1.001134
8684,-0.08027842320589862,0.9992361
8685,-0.07959681512644856,0.9997132
8686,-0.07823359928494966,0.9994752
8687,-0.07755199120550138,0.9999682
8688,-0.07687038344345076,1.0004291
8689,-0.0755071672845542,0.999431
8690,-0.07482555952250358,0.9995994
8691,-0.07278073560155462,1.0006258
8692,-0.07209912752210634,0.9995924
8693,-0.07073591168060744,0.9998762
8694,-0.07005430360115916,0.9994868
8695,-0.06937269552171088,1.0002506
8696,-0.06800947968021198,0.9997089
8697,-0.06732787160076192,0.9992903
8698,-0.06596465575926302,0.9995797
8699,-0.06528304767981474,1.0001048
8700,-0.06460143991776413,0.9991426
8701,-0.06323822407626523,1.0003673
8702,-0.06255661599681694,1.0001585
8703,-0.061193400155318045,1.0003427
8704,-0.06051179207586799,1.0003457
8705,-0.059830183996419706,0.9997969
8706,-0.058466968154920806,1.0007706
8707,-0.057785360075472525,1.0000123
8708,-0.056422144233973626,0.9997642
8709,-0.05574053615452357,1.0002077
8710,-0.055058928392474726,0.9993429
8711,-0.05369571223357639,0.9995722
8712,-0.05301410447152577,1.000367
8713,-0.05233249639207749,1.0001666
8714,-0.05096928055057859,1.0010868
8715,-0.05028767247113031,1.0010567
8716,-0.04892445662962963,1.0004329
8717,-0.04824284855018135,0.9987267
8718,-0.04756124078813073,1.000219
8719,-0.04619802462923417,1.0000013
8720,-0.04551641686718355,1.0006348
8721,-0.04415320070828699,0.9992746
8722,-0.04347159294623637,0.9997353
8723,-0.04278998486678631,0.9994294
8724,-0.04142676902528741,0.9992709
8725,-0.04074516094583913,0.99966
8726,-0.03938194510434023,1.0005768
8727,-0.03870033702489195,1.0010491
8728,-0.03801872926284133,1.001167
8729,-0.036655513103942994,0.9999167
8730,-0.03597390534189415,0.9991814
8731,-0.035292297262444094,0.9998646
8732,-0.033929081420945195,0.9995315
8733,-0.033247473341496914,1.0006062
8734,-0.031884257499998014,0.9998397
8735,-0.031202649420549733,0.9995552
8736,-0.030521041341099675,0.9998165
8737,-0.029157825499600776,0.9996361
8738,-0.028476217420152494,0.9991519
8739,-0.027113001578653595,0.9994052
8740,-0.026431393816602977,0.9999387
8741,-0.025749785737154696,1.0002282
8742,-0.024386569895655796,1.000804
8743,-0.02370496181620574,1.0005044
8744,-0.02234174597470684,0.9996709
8745,-0.021660137895258558,0.9989036
8746,-0.020978529815810276,0.9992148
8747,-0.019615313974311377,1.0011307
8748,-0.01893370589486132,1.0008192
8749,-0.018252098132812478,0.9991111
8750,-0.016888881973914138,1.0005792
8751,-0.01620727421186352,0.9989184
8752,-0.014844058370364621,1.0001509
8753,-0.01416245029091634,1.0002367
8754,-0.013480842211468058,0.9988212
8755,-0.012117626369969159,0.9998124
8756,-0.011436018290519101,0.9977788
8757,-0.010072802449020202,0.9989953
8758,-0.00939119436957192,0.998051
8759,-0.008709586607521302,0.9987084
8760,-0.007346370448624739,0.9990324
8761,-0.006664762686574122,0.9991342
8762,-0.005301546527675782,0.9977483
8763,-0.0046199387656251645,0.9977442
8764,-0.003938330686176883,0.9983199
8765,-0.0025751148446779837,0.9976223
8766,-0.0018935067652297022,0.9983185
8767,-0.0012118990031790844,0.9981478
8768,0.00015131715571925497,0.9980203
8769,0.0008329249177680964,0.9988601
8770,0.0021961410766664358,0.997004
8771,0.0028777488387170536,0.9981208
8772,0.003559356918165335,0.9975754
8773,0.004922572759664234,0.9978836
8774,0.005604180839112516,0.9979575
8775,0.006967396680611415,0.997077
8776,0.007649004760061473,0.998899
8777,0.00833061252211209,0.9984197
8778,0.009693828681008654,0.9992009
8779,0.010375436443059272,0.9985244
8780,0.011738652601955835,0.9970541
8781,0.012420260364006452,0.9995059
8782,0.01310186844345651,0.9979458
8783,0.01446508428495541,0.9988263
8784,0.015146692364403691,0.9997866
8785,0.015828300443851973,1.0006023
8786,0.017191516285350872,1.0000819
8787,0.01787312436480093,0.9993056
8788,0.01923634020629983,1.0015692
8789,0.01991794828574811,0.9991233
8790,0.02059955604779873,1.0004638
8791,0.021962771889297628,1.0010184
8792,0.02264437996874591,0.9990189
8793,0.02400759581024481,0.9995917
8794,0.02468920388969309,0.998602
8795,0.025370811969143148,0.9998575
8796,0.026734027810642047,0.9989108
8797,0.02741563589009033,1.0005946
8798,0.028778851731589228,1.0020156
8799,0.02946045981103751,1.0006825
8800,0.030142067573088127,1.000696
8801,0.031505283731986466,1.0006416
8802,0.032186891494037084,1.0005445
8803,0.032868499573485366,0.9991142
8804,0.034231715414984265,1.0001033
8805,0.03491332349443255,0.9994415
8806,0.036276539335931446,0.9997879
8807,0.036958147415381504,1.0000131
8808,0.037639755177430345,0.9996211
8809,0.039002971336328685,1.0001639
8810,0.0396845790983793,1.0005317
8811,0.041047795257275865,0.9992513
8812,0.04172940301932648,0.9997728
8813,0.042411011098774765,1.0008976
8814,0.043774226940273664,0.9991511
8815,0.04445583501972372,1.0000318
8816,0.04581905086122262,0.9999366
8817,0.0465006589406709,1.0001178
8818,0.04718226670272152,1.0000058
8819,0.04854548286161808,1.000871
8820,0.0492270906236687,0.9994689
8821,0.04990869870311876,1.0000165
8822,0.05127191454461766,0.999281
8823,0.05195352262406594,0.999398
8824,0.05331673846556484,1.0007348
8825,0.05399834654501312,0.9999064
8826,0.0546799546244614,0.999267
8827,0.05604317046596208,0.9988087
8828,0.05672477854541036,0.9998098
8829,0.05808799438690926,1.0008031
8830,0.058769602148959876,1.0003868
8831,0.05945121022840816,0.9984357
8832,0.06081442606990706,0.999554
8833,0.06149603414935534,0.998836
8834,0.06285924999085424,1.0000853
8835,0.0635408580703043,0.9999355
8836,0.06422246614975258,1.0001118
8837,0.06558568199125148,1.0000383
8838,0.06626729007069976,0.9994917
8839,0.06694889783275038,0.9999867
8840,0.06831211399164872,0.9999573
8841,0.06899372175369933,1.0002834
8842,0.07035693759519823,0.9993044
8843,0.07103854567464651,1.0004855
8844,0.0717201537540948,0.9997515
8845,0.0730833695955937,1.0002782
8846,0.07376497767504198,1.0000341
8847,0.07512819351654265,0.9992027
8848,0.07580980159599093,0.9996399
8849,0.07649140935804155,1.0000966
8850,0.07785462551693811,1.0002624
8851,0.07853623327898873,0.9992628
8852,0.07989944943788707,1.0001237
8853,0.08058105719993591,1.0005767
8854,0.08126266527938597,0.9992758
8855,0.08262588112088487,0.9988951
8856,0.08330748920033315,1.0005713
8857,0.08398909696238377,1.0006489
8858,0.08535231312128033,0.9992738
8859,0.08603392088333095,0.999681
8860,0.08739713704222929,0.9997243
8861,0.08807874480427991,0.9995313
8862,0.08876035288372819,0.9992406
8863,0.09012356872522709,1.0000955
8864,0.09080517680467537,0.9996102
8865,0.09216839264617427,1.0003673
8866,0.09285000072562433,1.0002189
8867,0.09353160848767317,1.0022838
8868,0.09489482464657151,1.0000705
8869,0.09557643240862213,1.0004314
8870,0.09693964856751869,1.0006373
8871,0.0976212563295693,0.9993026
8872,0.09830286440901759,1.0010314
8873,0.09966608025051649,1.0007989
8874,0.10034768832996654,0.9993047
8875,0.10102929640941483,0.9997091
8876,0.10239251225091373,1.0003217
8877,0.103074120330362,0.9990695
8878,0.1044373361718609,0.9992761
8879,0.10511894425131096,0.9989153
8880,0.1058005520133598,0.9993753
8881,0.10716376785486048,0.9999465
8882,0.10784537593430876,1.000066
8883,0.10920859177580766,1.0009358
8884,0.10989019985525594,1.0001296
8885,0.11057180793470422,1.0011154
8886,0.1119350237762049,1.0002205
8887,0.11261663185565318,0.9993667
8888,0.11397984769715208,0.9993668
8889,0.11466145577660036,0.9999385
8890,0.11534306353865098,0.9996866
8891,0.11670627969754932,0.999629
8892,0.11738788745959816,1.0011185
8893,0.11806949553904822,0.99973
8894,0.11943271138054712,1.0004194
8895,0.1201143194599954,1.0001145
8896,0.1214775353014943,1.0000983
8897,0.12215914338094258,0.9985157
8898,0.1228407511429932,1.0002102
8899,0.12420396730189154,0.9996502
8900,0.12488557506394038,0.9997676
8901,0.12624879122283872,0.9986458
8902,0.12693039898488934,1.0000096
8903,0.12761200706433762,1.0017392
8904,0.12897522290583652,0.9997948
8905,0.1296568309852848,1.0007564
8906,0.13102004682678547,1.000448
8907,0.13170165490623376,0.99959
8908,0.13238326266828437,0.9995156
8909,0.13374647882718094,1.0000353
8910,0.13442808658923155,0.9981323
8911,0.13510969466867984,1.0009109
8912,0.13647291051017874,1.000043
8913,0.1371545185896288,0.9998193
8914,0.1385177344311277,0.9996633
8915,0.13919934251057597,0.9997114
8916,0.13988095059002426,1.0005402
8917,0.14124416643152315,1.0000783
8918,0.1419257745109732,1.0007349
8919,0.1432889903524721,1.0000955
8920,0.14397059811452273,0.9986798
8921,0.144652206193971,0.9999465
8922,0.1460154220354699,1.00138
8923,0.1466970301149182,1.0007032
8924,0.1480602459564171,0.9999025
8925,0.14874185403586537,1.000255
8926,0.14942346211531543,1.0004679
8927,0.15078667795681433,0.9988099
8928,0.1514682860362626,1.0001941
8929,0.15214989379831323,1.0001025
8930,0.1535131099572098,0.9990234
8931,0.1541947177192604,0.9983093
8932,0.1555579335607593,1.0009819
8933,0.15623954164020937,0.9991606
8934,0.15692114971965765,0.999307
8935,0.15828436556115655,1.0013096
8936,0.15896597364060483,0.9994533
8937,0.16032918948210373,1.0005506
8938,0.1610107975615538,0.9998428
8939,0.16169240532360263,1.0003484
8940,0.16305562148250097,0.9990587
8941,0.16373722924455159,0.9987686
8942,0.16510044540344815,1.0007674
8943,0.16578205316549877,1.0002742
8944,0.16646366124494705,0.9998484
8945,0.16782687708644772,0.9996621
8946,0.168508485165896,1.0000361
8947,0.16919009292794662,1.0000617
8948,0.17055330908684319,1.0002352
8949,0.1712349168488938,0.9995929
8950,0.17259813300779037,0.9998188
8951,0.17327974076984098,0.9992166
8952,0.17396134884929104,0.9997099
8953,0.17532456469078994,1.0004288
8954,0.17600617277023822,0.9995006
8955,0.17736938861173712,1.0002382
8956,0.1780509966911854,0.9988273
8957,0.17873260445323602,1.0013078
8958,0.18009582061213436,1.0009294
8959,0.1807774283741832,0.9998416
8960,0.18214064453308154,0.9995709
8961,0.18282225229513216,1.0007476
8962,0.18350386037458044,1.0002579
8963,0.18486707621607934,0.9998348
8964,0.18554868429552762,1.0003486
8965,0.18623029237497768,1.0009363
8966,0.18759350821647658,0.999579
8967,0.18827511629592486,1.000563
8968,0.18963833213742376,0.9997323
8969,0.19031994021687204,1.0001533
8970,0.19100154797892266,0.9996991
8971,0.19236476382042156,0.9997734
8972,0.19304637189987162,1.0006806
8973,0.19440958774137052,1.0003888
8974,0.1950911958208188,0.9995245
8975,0.19577280390026708,1.0010027
8976,0.19713601974176598,0.9983795
8977,0.19781762782121604,0.9996609
8978,0.19918084366271493,1.0003278
8979,0.19986245174216322,1.0003708
8980,0.20054405950421383,1.0006321
8981,0.2019072756631104,0.9994322
8982,0.20258888342516101,1.0000063
8983,0.2032704915046093,0.9993345
8984,0.2046337073461082,1.0008029
8985,0.20531531542555825,1.0002187
8986,0.20667853126705715,0.9994872
8987,0.20736013934650543,1.0001888
8988,0.20804174710855605,1.0000418
8989,0.20940496326745262,0.9998505
8990,0.21008657102950323,0.9999018
8991,0.21144978718840157,0.9987594
8992,0.2121313949504522,0.9993052
8993,0.21281300302990047,0.9994481
8994,0.21417621887139937,1.0004048
8995,0.21485782695084765,1.0006714
8996,0.21622104279234655,1.0001853
8997,0.2169026508717966,1.0002923
8998,0.21758425863384545,0.999822
8999,0.2189474747927438,0.9984782
9000,0.2196290825547944,0.9992091
9001,0.2203106906342427,1.0000728
9002,0.2216739064757416,0.9995209
9003,0.22235551455518987,1.0005092
9004,0.22371873039668877,1.0001935
9005,0.22440033847613883,0.9993263
9006,0.2250819465555871,0.9994923
9007,0.226445162397086,0.9987011
9008,0.2271267704765343,1.000232
9009,0.2284899863180332,0.9997601
9010,0.2291715940800838,1.0000446
9011,0.22985320215953386,1.0000521
9012,0.23121641800103276,0.9999439
9013,0.23189802608048105,1.0003193
9014,0.23326124192197994,1.0004411
9015,0.23394285000142823,1.0004465
9016,0.23462445808087828,1.0011734
9017,0.23598767392237718,0.9988576
9018,0.23666928200182547,0.9993821
9019,0.23735088976387608,0.9997808
9020,0.23871410592277265,0.9997484
9021,0.23939571368482326,1.0000652
9022,0.24075892952632216,1.0006641
9023,0.24144053760577044,0.999039
9024,0.2421221456852205,1.000742
9025,0.2434853615267194,0.9989016
9026,0.24416696960616768,0.9994502
9027,0.24553018544766658,0.9990451
9028,0.24621179352711486,0.9995707
9029,0.24689340128916548,0.9992234
9030,0.24825661744806382,1.0003218
9031,0.24893822521011444,1.0009867
9032,0.250301441369011,0.9985094
9033,0.2509830491310616,0.9995819
9034,0.2516646572105099,0.9999807
9035,0.2530278730520088,0.9990206
9036,0.25370948113145886,0.9999714
9037,0.2543910888935077,1.0004995
9038,0.25575430505240604,1.0009264
9039,0.25643591281445666,0.9991401
9040,0.2577991289733532,1.0001277
9041,0.25848073673540384,0.9999562
9042,0.2591623448148521,1.0007668
9043,0.260525560656351,1.0003191
9044,0.2612071687358011,1.0004257
9045,0.2625703845773,0.9998917
9046,0.26325199265674826,1.0006206
9047,0.2639336004187989,1.0005171
9048,0.26529681657769544,1.000786
9049,0.26597842433974606,1.000869
9050,0.2673416404986444,1.000057
9051,0.268023248260695,0.9998387
9052,0.2687048563401433,0.9994736
9053,0.2700680721816422,1.0009947
9054,0.2707496802610905,1.000488
9055,0.27143128834053876,0.9994211
9056,0.27279450418203943,0.9999919
9057,0.2734761122614877,1.0007656
9058,0.2748393281029866,0.9994259
9059,0.2755209361824349,1.0002555
9060,0.2762025439444855,0.9995151
9061,0.2775657597859844,0.9985372
9062,0.2782473678654327,1.0012875
9063,0.2796105837069316,0.9987286
9064,0.28029219178638165,1.0003778
9065,0.28097379986582993,0.9999973
9066,0.28233701570732883,0.9998967
9067,0.2830186237867771,1.0001781
9068,0.284381839628276,0.9998161
9069,0.28506344770772607,1.0019522
9070,0.2857450554697767,0.9998152
9071,0.28710827162867325,1.0005642
9072,0.28778987939072387,0.9995321
9073,0.28847148747017215,1.0003544
9074,0.28983470331167105,0.99959
9075,0.29051631139111933,0.9991994
9076,0.29187952723262,1.0002788
9077,0.2925611353120683,1.0000981
9078,0.2932427430741189,0.999818
9079,0.29460595923301547,0.9995767
9080,0.2952875669950661,0.9993616
9081,0.2966507831539644,1.0002504
9082,0.29733239091601327,1.0003912
9083,0.2980139989954633,0.9993357
9084,0.2993772148369622,0.9997942
9085,0.3000588229164105,0.9995337
9086,0.3014220387579094,0.999529
9087,0.3021036468373577,0.9997347
9088,0.3027852545994083,0.9994872
9089,0.30414847075830664,0.9998025
9090,0.30483007852035726,1.0001531
9091,0.30551168659980554,1.0002683
9092,0.30687490244130444,1.0003625
9093,0.3075565105207527,1.0005518
9094,0.3089197263622516,0.9999871
9095,0.3096013344417017,1.0021516
9096,0.31028294252114996,0.9990085
9097,0.31164615836264886,0.9990337
9098,0.31232776644209714,1.0004517
9099,0.31369098228359604,0.999328
9100,0.31437259004564666,1.001043
9101,0.31505419812509494,1.0010582
9102,0.31641741396659384,0.9991308
9103,0.3170990220460439,1.0003707
9104,0.3184622378875428,1.0006586
9105,0.3191438459669911,0.9999677
9106,0.31982545404643936,1.0009118
9107,0.32118866988793826,0.9998571
9108,0.3218702779673883,0.9997614
9109,0.32255188572943716,0.9996559
9110,0.3239151018883355,0.9995813
9111,0.3245967096503861,0.99882
9112,0.325959925491885,1.000551
9113,0.3266415335713333,1.0003095
9114,0.3273231416507816,0.9991119
9115,0.32868635749228226,0.9999036
9116,0.32936796557173054,1.0001909
9117,0.3314127894926777,1.0000284
9118,0.33209439725472834,0.9987648
9119,0.3334576134136249,0.9998732
9120,0.3341392211756755,1.0005308
9121,0.33550243733457386,1.0007086
9122,0.3361840450966245,0.9989894
9123,0.33686565317607275,0.9993678
9124,0.33822886901757165,1.0007198
9125,0.33891047709701994,0.9993016
9126,0.33959208485907055,1.0016166
9127,0.3409553010179689,1.0004901
9128,0.34163690878001773,0.9993954
9129,0.3430001249389161,1.0001326
9130,0.3436817327009667,0.9996466
9131,0.344363340780415,0.9993979
9132,0.34572655662191387,0.9998307
9133,0.34640816470136215,0.9996635
9134,0.34777138054286283,0.9989759
9135,0.3484529886223111,0.9998097
9136,0.34913459638436173,1.0002467
9137,0.3504978125432583,1.0017356
9138,0.3511794203053089,0.9995543
9139,0.35254263646420725,1.0004772
9140,0.3532242442262561,1.0002207
9141,0.35390585230570615,0.9992018
9142,0.35526906814720505,0.9998299
9143,0.35595067622665333,0.9993662
9144,0.3566322843061016,0.9985445
9145,0.3579955001476005,0.9997403
9146,0.35867710822705057,0.999058
9147,0.36004032406854947,1.0006184
9148,0.36072193214799775,1.0001146
9149,0.36140353991004837,0.9998001
9150,0.36276675575154727,1.0003949
9151,0.36344836383099555,1.0007605
9152,0.36481157967249445,0.9991899
9153,0.3675380116728917,1.0005592
9154,0.36821961975233997,0.9997455
9155,0.36958283559383887,0.9991246
9156,0.37026444367328715,1.0008984
9157,0.37094605143533776,0.9996548
9158,0.3723092675942361,0.9994787
9159,0.3729908753562867,0.9999955
9160,0.373672483435735,1.0001643
9161,0.3750356992772339,0.9997301
9162,0.3757173073566822,0.9997292
9163,0.3770805231981811,1.0001294
9164,0.37776213127763114,1.0006335
9165,0.37844373903968,1.0005796
9166,0.3798069551985783,1.0004747
9167,0.38048856296062894,0.9999094
9168,0.3818517791195255,1.0003291
9169,0.3825333868815761,0.9993323
9170,0.3832149949610244,0.9995969
9171,0.3845782108025233,1.0012491
9172,0.38525981888197336,0.9997767
9173,0.38662303472347226,1.0000065
9174,0.38730464280292054,1.0003334
9175,0.38798625056497116,0.9992419
9176,0.3893494667238677,0.99909
9177,0.39003107448591834,1.0011783
9178,0.3907126825653684,0.999784
9179,0.3920758984068673,1.0003181
9180,0.3927575064863156,0.999184
9181,0.3941207223278145,1.0005549
9182,0.39480233040726276,1.0004619
9183,0.3954839384867128,1.0007474
9184,0.3968471543282117,1.000065
9185,0.39752876240766,1.0010226
9186,0.3988919782491589,1.000067
9187,0.3995735860112095,1.0002159
9188,0.4002551940906578,0.9992053
9189,0.4016184099321567,1.0001953
9190,0.402300018011605,0.9988534
9191,0.40366323385310565,0.999163
9192,0.40434484193255393,1.0000429
9193,0.4050264500120022,1.0011757
9194,0.4063896658535011,1.0003501
9195,0.4070712739329494,0.9988431
9196,0.407752881695,1.000552
9197,0.40911609785389835,0.9992696
9198,0.40979770561594897,0.9997882
9199,0.41116092145744787,0.9995374
9200,0.41184252953689615,1.0003945
9201,0.41252413761634443,0.9998442
9202,0.41388735345784333,0.9990936
9203,0.4145689615372934,0.9996985
9204,0.4159321773787923,0.9998202
9205,0.41661378545824057,0.9996703
9206,0.4172953932202912,0.9999601
9207,0.41865860937918775,1.0011702
9208,0.41934021714123837,0.9995279
9209,0.4207034333001367,1.001872
9210,0.42138504106218555,0.9990567
9211,0.4220666491416356,0.9998153
9212,0.4234298649831345,1.0001042
9213,0.4241114730625828,1.0004785
9214,0.4247930808246334,1.0009405
9215,0.42615629698352997,0.9999567
9216,0.4268379047455806,0.9988425
9217,0.4282011209044789,0.9992738
9218,0.42888272866652954,0.9998898
9219,0.4295643367459778,0.9991207
9220,0.4309275525874767,0.9998889
9221,0.431609160666925,0.9999928
9222,0.4329723765084239,0.999324
9223,0.43365398458787396,1.0008939
9224,0.4343355923499228,0.9996375
9225,0.43569880850882114,0.998623
9226,0.43638041627087176,0.9998199
9227,0.4377436324297683,0.9999045
9228,0.43842524019181894,0.999098
9229,0.4391068482712672,0.9987356
9230,0.4404700641127661,0.999736
9231,0.4411516721922162,0.9991431
9232,0.44183328027166446,0.9991376
9233,0.44319649611316336,0.9999751
9234,0.44387810419261164,1.0008479
9235,0.44524132003411054,0.9993397
9236,0.4459229281135606,1.0001623
9237,0.4466045358756112,1.0013513
9238,0.4479677517171101,1.0004122
9239,0.4486493597965584,1.0009284
9240,0.4500125756380573,1.0005535
9241,0.4506941837175056,0.9995658
9242,0.45137579179695564,0.9993324
9243,0.45273900763845454,0.9993201
9244,0.4534206157179028,1.0004757
9245,0.4547838315594017,1.000982
9246,0.45546543963885,1.0003077
9247,0.4561470474009006,1.0004891
9248,0.45751026355979896,0.9989533
9249,0.4581918713218478,0.9991278
9250,0.45887347940129786,0.9987736
9251,0.46023669524279676,1.0010805
9252,0.46091830332224504,1.0004163
9253,0.46228151916374394,1.0004148
9254,0.4629631272431922,0.9999664
9255,0.46364473500524284,0.9994642
9256,0.4650079511641412,1.0004719
9257,0.4656895589261918,0.9989166
9258,0.46705277508508836,0.9997517
9259,0.467734382847139,1.0007199
9260,0.46841599092658726,1.001875
9261,0.46977920676808615,1.0002432
9262,0.4704608148475362,0.9996781
9263,0.4718240306890351,0.999014
9264,0.4725056387684834,1.0001672
9265,0.473187246530534,0.9984317
9266,0.4745504626894306,1.0001215
9267,0.4752320704514812,0.9994565
9268,0.4759136785309295,0.9999878
9269,0.4772768943724284,0.9987284
9270,0.47795850245187843,1.000223
9271,0.47932171829337733,0.9995781
9272,0.4800033263728256,1.0003958
9273,0.4806849344522739,0.9996201
9274,0.4820481502937728,0.9994585
9275,0.48272975837322285,0.9997482
9276,0.48409297421472175,0.9998663
9277,0.48477458197677237,0.9989499
9278,0.48545619005622065,0.9998945
9279,0.48681940589771955,1.001166
9280,0.48750101397716783,1.0006732
9281,0.48886422981866673,1.0001981
9282,0.4895458378981168,1.0000672
9283,0.49022744597756507,0.9996566
9284,0.49159066181906397,1.0006715
9285,0.49227226989851225,0.9992652
9286,0.49295387766056287,0.9999884
9287,0.4943170938194612,0.9989949
9288,0.49499870158151005,0.999379
9289,0.49636191742300895,1.000037
9290,0.497043525502459,1.0002594
9291,0.4977251335819073,0.9996235
9292,0.4990883494234062,0.9993903
9293,0.49976995750285447,0.9998579
9294,-0.49886682665564663,0.9996296
9295,-0.4981852185761966,1.0000016
9296,-0.49750361081414773,1.0015194
9297,-0.4961403946552494,0.9998914
9298,-0.4954587868931988,0.999281
9299,-0.4940955707343022,0.9992614
9300,-0.4934139629722516,0.9998476
9301,-0.4927323548928033,0.9993241
9302,-0.49136913905130264,0.9995185
9303,-0.49068753097185436,0.9995218
9304,-0.49000592320980374,0.9993507
9305,-0.4886427070509072,1.0002815
9306,-0.48796109928885656,1.001
9307,-0.4865978831299582,1.0000549
9308,-0.4859162753679094,1.0007284
9309,-0.4852346672884593,0.9998615
9310,-0.4838714514469604,1.0006751
9311,-0.48318984336751214,0.9993572
9312,-0.48182662752601324,1.0001896
9313,-0.48114501944656496,1.0006599
9314,-0.48046341168451434,1.0006742
9315,-0.479100195525616,0.9998481
9316,-0.4784185877635654,0.9992711
9317,-0.4763737638426182,1.0007752
9318,-0.4756921557631699,0.9995462
9319,-0.474328939921671,1.0000822
9320,-0.47364733184222274,1.0000605
9321,-0.4729657237627727,1.0009856
9322,-0.4716025079212738,0.999566
9323,-0.4709208998418255,0.9998102
9324,-0.4695576840003266,0.9990841
9325,-0.4688760759208783,0.9996556
9326,-0.4681944681588277,0.9989883
9327,-0.4668312523173288,0.999785
9328,-0.46614964423787875,0.999598
9329,-0.46478642839637985,1.0003968
9330,-0.46410482031693157,0.9993553
9331,-0.4634232122374833,1.0000727
9332,-0.4620599963959844,1.0001707
9333,-0.4613783883165343,1.0005256
9334,-0.4600151724750354,1.0008809
9335,-0.45933356439558715,1.0001049
9336,-0.45865195663353653,0.9999189
9337,-0.45728874047463997,0.9996642
9338,-0.45660713271258935,1.0012284
9339,-0.45592552463314107,0.9988178
9340,-0.4545623087916404,0.9993699
9341,-0.4538807007121921,1.0004629
9342,-0.4525174848706932,0.9994813
9343,-0.45183587679124493,1.0003471
9344,-0.4511542690291943,1.0006504
9345,-0.44979105287029775,0.9999808
9346,-0.44910944510824713,0.9989935
9347,-0.4477462289493488,0.9996482
9348,-0.4470646211872982,0.9991888
9349,-0.4463830131078499,1.000299
9350,-0.445019797266351,1.0004205
9351,-0.4443381891869027,0.9992052
9352,-0.4429749733454038,1.0000997
9353,-0.44229336526595375,0.999586
9354,-0.4416117575039049,1.0003689
9355,-0.44024854134500657,1.0003944
9356,-0.43956693358295595,1.0004944
9357,-0.4388853255035077,1.00056
9358,-0.4375221096620088,1.0005685
9359,-0.4368405015825605,1.0001176
9360,-0.4354772857410598,1.0006953
9361,-0.43479567766161153,1.0005992
9362,-0.43411406958216325,0.9991589
9363,-0.43275085374066435,1.0006632
9364,-0.4320692456612161,0.9996886
9365,-0.4307060298197154,0.9997843
9366,-0.43002442205766656,0.9982376
9367,-0.4293428139782165,1.0004719
9368,-0.4279795981367176,0.9999505
9369,-0.4272979900572693,0.9999421
9370,-0.4259347742157704,1.0009342
9371,-0.42525316613632214,1.0005182
9372,-0.4245715580568721,1.0003338
9373,-0.4232083422153732,0.9992497
9374,-0.4225267341359249,1.000606
9375,-0.4218451263738743,1.0003468
9376,-0.4204819102149777,0.9990911
9377,-0.4198003024529271,1.0009459
9378,-0.4184370866114282,0.9993393
9379,-0.4177554785319799,0.9982425
9380,-0.41707387045252986,0.9994297
9381,-0.41571065461103096,0.9992264
9382,-0.4150290465315827,0.9998012
9383,-0.4136658306900838,0.9994005
9384,-0.4129842226106355,0.9996944
9385,-0.4123026148485849,1.0003591
9386,-0.41093939868968654,1.0009902
9387,-0.4102577909276359,1.0002003
9388,-0.40889457476873936,0.999468
9389,-0.40821296700668874,0.999391
9390,-0.40753135892724046,0.9997197
9391,-0.40616814308574156,0.9986014
9392,-0.4054865350062915,0.999749
9393,-0.40480492724424266,1.0012226
9394,-0.4034417110853443,0.9997874
9395,-0.4027601033232937,0.9982393
9396,-0.40139688716439714,0.9999973
9397,-0.4007152794023465,1.0008149
9398,-0.40003367132289824,0.9995013
9399,-0.39867045548139934,0.9994594
9400,-0.3979888474019493,0.9992394
9401,-0.3966256315604504,0.9995588
9402,-0.3959440234810021,0.9995817
9403,-0.3952624157189515,0.9982926
9404,-0.3938991995600549,1.0001274
9405,-0.3932175917980043,0.9997717
9406,-0.39185437563910597,0.9991592
9407,-0.39117276787705535,0.9992132
9408,-0.39049115979760707,1.0000383
9409,-0.38912794395610817,0.9996463
9410,-0.3884463358766599,0.9996089
9411,-0.38776472779720983,0.9995156
9412,-0.38640151195571093,1.0007101
9413,-0.38571990387626265,1.0011596
9414,-0.38435668803476375,0.9996063
9415,-0.38367507995531547,1.0003271
9416,-0.38299347219326485,0.9997044
9417,-0.38163025635176595,0.9983964
9418,-0.38094864827231767,0.9990409
9419,-0.379585432430817,0.9992061
9420,-0.3789038243513687,1.0000114
9421,-0.37822221627192043,0.9996294
9422,-0.37685900043042153,0.998236
9423,-0.37617739235097325,0.999673
9424,-0.37481417650947435,1.0012864
9425,-0.3741325684300243,1.0002273
9426,-0.3734509606679737,0.99796
9427,-0.3720877445090771,1.0019017
9428,-0.3714061367470265,1.0004149
9429,-0.3707245286675782,1.0002592
9430,-0.3693613128260793,0.9995376
9431,-0.36867970474662926,1.0008181
9432,-0.36731648890513036,1.0012431
9433,-0.3666348808256821,1.0004256
9434,-0.36595327306363146,1.00106
9435,-0.3645900569047349,1.0007566
9436,-0.3639084491426843,0.9994022
9437,-0.36254523298378594,1.0002729
9438,-0.3618636252217371,0.9990978
9439,-0.36118201714228704,1.0000558
9440,-0.35981880130078814,1.0012173
9441,-0.35913719322133986,1.0002424
9442,-0.35777397737984096,1.0002013
9443,-0.3570923693003927,1.0000784
9444,-0.35641076153834206,0.9994887
9445,-0.3550475453794437,0.9989503
9446,-0.3543659376173931,1.0005672
9447,-0.3536843295379448,1.0002554
9448,-0.3523211136964459,0.9988752
9449,-0.35163950561699764,1.0001843
9450,-0.35027628977549874,1.0011833
9451,-0.3495946816960487,0.9995783
9452,-0.3489130736166004,0.9999405
9453,-0.3475498577751015,0.999677
9454,-0.3468682496956532,1.0008747
9455,-0.3455050338541543,0.9994162
9456,-0.3448234260921037,1.0001595
9457,-0.3441418180126554,1.0003883
9458,-0.3427786021711565,0.9990634
9459,-0.34209699409170646,1.0003922
9460,-0.34073377825020756,0.999766
9461,-0.3400521701707593,1.0012959
9462,-0.339370562091311,1.0021317
9463,-0.33732573817036204,0.9998286
9464,-0.3366441304083114,0.9991582
9465,-0.33528091424941486,0.9991183
9466,-0.33459930648736425,1.0000896
9467,-0.33255448256641706,0.9993381
9468,-0.3318728744869688,0.9998942
9469,-0.3305096586454681,1.0004017
9470,-0.3298280505660198,0.9995461
9471,-0.3284648347245209,0.9993429
9472,-0.32778322664507265,1.0003389
9473,-0.327101618883022,0.9994376
9474,-0.3257384027241237,1.0004589
9475,-0.32505679496207485,1.0001665
9476,-0.3243751868826248,0.9989013
9477,-0.3230119710411259,1.0008279
9478,-0.3223303629616776,1.0001338
9479,-0.3209671471201787,1.0005149
9480,-0.3202855390407304,1.0013515
9481,-0.3196039312786798,1.0001201
9482,-0.31824071511978147,0.9999816
9483,-0.31755910735773085,0.9997122
9484,-0.3161958911988343,0.9995183
9485,-0.31551428343678367,1.0008211
9486,-0.3148326753573354,1.0000895
9487,-0.3134694595158365,0.9994142
9488,-0.31278785143638643,1.0003333
9489,-0.31142463559488753,1.0001515
9490,-0.31074302751543925,0.9997423
9491,-0.31006141975338863,1.0005685
9492,-0.30801659583244145,1.0000908
9493,-0.30733498775299317,1.000094
9494,-0.3059717719114943,1.0012316
9495,-0.3052901638320442,1.0004837
9496,-0.3039269479905453,0.9990231
9497,-0.30324533991109703,0.9995092
9498,-0.30256373183164875,0.9999345
9499,-0.30120051599014985,0.9987471
9500,-0.3005189079106998,1.0003262
9501,-0.2991556920692009,1.0000838
9502,-0.2984740839897526,0.9988063
9503,-0.297792476227702,0.9994969
9504,-0.2964292603862031,0.9993457
9505,-0.2957476523067548,0.9989805
9506,-0.2943844364652559,0.9991586
9507,-0.29370282838580586,0.9995114
9508,-0.2930212203063576,0.9999622
9509,-0.2916580044648587,1.0021678
9510,-0.2909763963854104,1.0000222
9511,-0.2902947886233598,1.0002821
9512,-0.28893157246446144,0.9984578
9513,-0.2882499647024126,0.9998283
9514,-0.28688674854351426,0.9991964
9515,-0.28620514078146364,0.9995207
9516,-0.28552353270201536,0.9991062
9517,-0.28416031686051646,0.998313
9518,-0.2834787087810682,0.9996779
9519,-0.2821154929395693,0.9992404
9520,-0.2814338848601192,0.9997566
9521,-0.2807522770980704,0.9997865
9522,-0.27938906093917204,1.0004536
9523,-0.2787074531771214,1.000757
9524,-0.27734423701822486,0.9999037
9525,-0.27598102117672596,0.999928
9526,-0.2746178053352253,1.0001699
9527,-0.273936197255777,0.9998897
9528,-0.2732545894937264,0.9993311
9529,-0.2718913733348298,0.9999255
9530,-0.2712097655727792,0.9996964
9531,-0.26984654941388087,1.0002082
9532,-0.269164941651832,0.9994984
9533,-0.26848333357238197,0.9998845
9534,-0.26712011773088307,1.0008757
9535,-0.2664385096514348,1.0014178
9536,-0.2650752938099359,0.9996802
9537,-0.2643936857304876,0.9991775
9538,-0.26371207765103755,1.0004938
9539,-0.26234886180953865,1.0009757
9540,-0.26166725373009037,1.0014726
9541,-0.25962243012654085,0.9994212
9542,-0.25757760620559367,0.9998789
9543,-0.2568959981261454,1.0007466
9544,-0.25621439004669533,0.9998865
9545,-0.25416956612574815,1.0001774
9546,-0.25212474220480097,1.0006691
9547,-0.25144313444275035,0.9999992
9548,-0.250079918283852,0.9999913
9549,-0.2493983105218014,0.9991094
9550,-0.2480350946803025,0.9994041
9551,-0.2473534866008542,1.0007232
9552,-0.24530866267990703,0.999216
9553,-0.24462705460045697,0.9997004
9554,-0.24326383875895807,0.9995749
9555,-0.2425822306795098,1.0000342
9556,-0.24190062291745917,0.9994958
9557,-0.239855798996512,0.9997002
9558,-0.2391741909170637,1.0002539
9559,-0.23099489523327144,0.9994719
9560,-0.23031328747122082,1.0008564
9561,-0.22963167939177254,0.9994617
9562,-0.22826846355027364,0.9996718
9563,-0.22758685547082536,0.9991771
9564,-0.22622363962932646,1.0008228
9565,-0.2255420315498764,1.000724
9566,-0.22486042378782756,1.0004549
9567,-0.22349720762892922,1.0001687
9568,-0.2228155998668786,1.00006
9569,-0.22213399178743032,1.0002929
9570,-0.22077077594593142,0.999096
9571,-0.22008916786648314,1.000936
9572,-0.21872595202498246,0.9991088
9573,-0.21804434394553418,0.9999266
9574,-0.2173627358660859,1.0000317
9575,-0.215999520024587,0.9992534
9576,-0.21531791194513872,1.0009679
9577,-0.21395469610363982,0.9992839
9578,-0.21327308802418976,0.9993619
9579,-0.21259148026213914,0.9996601
9580,-0.21122826442064024,0.9995546
9581,-0.21054665634119196,0.9999462
9582,-0.20918344049969306,1.0000072
9583,-0.20850183242024478,0.9998391
9584,-0.20782022434079472,0.9997834
9585,-0.20645700849929582,0.9996939
9586,-0.20577540041984754,1.0000201
9587,-0.20509379265779693,0.9999892
9588,-0.20373057649890036,0.9999084
9589,-0.20304896873684974,1.0003092
9590,-0.2016857525779514,0.9998967
9591,-0.20100414481590256,0.9996186
9592,-0.2003225367364525,1.0006754
9593,-0.1989593208949536,1.0011148
9594,-0.19827771281550532,0.9995697
9595,-0.19691449697400643,0.9997568
9596,-0.19623288889455814,1.0002546
9597,-0.19555128113250753,0.9998097
9598,-0.1941880649736092,0.9991537
9599,-0.19350645721155857,1.000465
9600,-0.192143241052662,1.0008424
9601,-0.1914616332906114,0.9991943
9602,-0.1907800252111631,1.000896
9603,-0.1894168093696642,0.9995469
9604,-0.18873520129021415,0.9990371
9605,-0.1880535935281653,1.001195
9606,-0.18669037736926697,1.0005534
9607,-0.18600876960721635,1.000042
9608,-0.1846455534483198,0.9997746
9609,-0.18396394568626917,1.0005102
9610,-0.1832823376068209,1.0003293
9611,-0.181919121765322,1.0005495
9612,-0.18123751368587193,1.0008049
9613,-0.17987429784437303,1.0002376
9614,-0.17919268976492475,1.0000165
9615,-0.17851108168547647,0.9996058
9616,-0.17714786584397757,0.9994078
9617,-0.1764662577645275,0.9995977
9618,-0.1751030419230286,0.999962
9619,-0.174421434160978,1.0018112
9620,-0.1737398260815297,0.9996372
9621,-0.17237661024003081,0.9992494
9622,-0.17169500216058253,1.0003602
9623,-0.17101339408113247,1.0002692
9624,-0.16965017823963358,0.9995476
9625,-0.1689685701601853,0.9995133
9626,-0.1676053543186864,1.0004055
9627,-0.1669237462392381,0.9996009
9628,-0.1662421384771875,1.00128
9629,-0.16487892231828916,1.0005614
9630,-0.16419731455624031,0.9996754
9631,-0.16283409871474142,1.0008436
9632,-0.16215249063529136,1.0000065
9633,-0.16147088255584308,1.0000364
9634,-0.16010766671434418,1.0002179
9635,-0.1594260586348959,0.9992262
9636,-0.158062842793397,1.0011603
9637,-0.15738123471394694,0.9998099
9638,-0.15669962695189632,1.001077
9639,-0.15533641079299976,0.999623
9640,-0.15465480303094914,0.9995741
9641,-0.15397319495150086,0.9996211
9642,-0.15260997911000196,1.0007064
9643,-0.1519283710305519,1.0002241
9644,-0.150565155189053,1.0007197
9645,-0.14988354710960472,0.9987515
9646,-0.1492019393475541,0.9986604
9647,-0.14783872318865754,0.9990978
9648,-0.14715711542660692,1.0003552
9649,-0.14579389926770858,1.0001128
9650,-0.14511229150565974,0.9998523
9651,-0.14443068342620968,0.9996977
9652,-0.14306746758471078,1.0004141
9653,-0.1423858595052625,0.9998131
9654,-0.1410226436637636,0.9995831
9655,-0.14034103558431532,0.9993883
9656,-0.1396594278222647,1.0006197
9657,-0.13829621166336636,1.0002414
9658,-0.13761460390131575,1.000581
9659,-0.13693299582186746,1.0004822
9660,-0.13556977998036857,0.9996832
9661,-0.13488817190092028,1.00035
9662,-0.13352495605942138,0.9996822
9663,-0.13284334797997133,1.0005524
9664,-0.13216173990052305,1.0001511
9665,-0.13079852405902415,0.9992877
9666,-0.13011691597957586,0.9998163
9667,-0.12875370013807697,1.0003044
9668,-0.1280720920586269,0.9999157
9669,-0.12739048429657807,0.9994386
9670,-0.12602726845507917,0.9996666
9671,-0.1253456603756291,0.999794
9672,-0.12398244453413021,1.0010542
9673,-0.12330083645468193,0.9995755
9674,-0.12261922837523365,0.999899
9675,-0.12125601253373475,1.0000234
9676,-0.12057440445428469,1.0001402
9677,-0.11989279669223407,0.9994385
9678,-0.11852958053333751,0.9998694
9679,-0.11784797277128689,0.9995884
9680,-0.11648475661239033,0.9998084
9681,-0.11580314885033971,0.999362
9682,-0.11512154077089143,0.9990035
9683,-0.11375832492939075,0.9996635
9684,-0.11307671684994247,1.0002155
9685,-0.11171350100844357,0.9991381
9686,-0.11103189292899529,0.9994725
9687,-0.11035028516694467,0.9985934
9688,-0.10898706900804633,1.0001848
9689,-0.10830546124599749,1.0022576
9690,-0.10694224508709915,0.9995143
9691,-0.10626063732504853,1.0006976
9692,-0.10557902924560025,1.0001859
9693,-0.10421581340410135,0.9997092
9694,-0.10353420532465307,0.9996524
9695,-0.10285259756260245,1.0005986
9696,-0.10148938140370412,0.9999863
9697,-0.1008077736416535,0.9999526
9698,-0.09944455748275693,0.9999856
9699,-0.09876294972070632,1.0006155
9700,-0.09808134164125804,0.9996027
9701,-0.09671812579975914,0.9997162
9702,-0.09603651772030908,0.9990407
9703,-0.09467330187881018,0.9998247
9704,-0.0939916937993619,1.0014914
9705,-0.09331008571991362,0.9995122
9706,-0.09194686987841472,0.9993919
9707,-0.09126526179896643,0.9997433
9708,-0.08990204595746576,1.0005452
9709,-0.08922043819541692,0.9993516
9710,-0.08853883011596686,1.0006715
9711,-0.08717561427446796,1.0001046
9712,-0.08649400619501968,1.0000552
9713,-0.0858123981155714,0.9998732
9714,-0.0844491822740725,1.0000507
9715,-0.08376757419462244,0.9999028
9716,-0.08240435835312354,0.9993941
9717,-0.08172275027367526,0.9996059
9718,-0.08104114251162464,0.9999641
9719,-0.07967792635272808,0.9994097
9720,-0.07899631859067746,1.000287
9721,-0.07763310274917856,1.0011201
9722,-0.0769514946697285,0.9990773
9723,-0.07626988659028022,1.0002823
9724,-0.07490667074878132,1.0009906
9725,-0.07422506266933304,0.9998455
9726,-0.07286184682783414,1.0000769
9727,-0.07218023874838586,1.0013947
9728,-0.07149863098633524,1.0008783
9729,-0.0701354148274369,0.9991074
9730,-0.06945380706538629,0.9992102
9731,-0.068772198985938,1.0000186
9732,-0.0674089831444391,1.0001558
9733,-0.06672737506499082,0.9988741
9734,-0.06536415922349192,0.9984161
9735,-0.06468255114404187,1.0000686
9736,-0.06400094338199303,1.0003052
9737,-0.06263772722309469,1.0003647
9738,-0.06195611946104407,0.9993329
9739,-0.060592903302147505,1.0002397
9740,-0.05991129554009689,0.9991751
9741,-0.059229687460648606,0.9994097
9742,-0.05786647161914793,0.998874
9743,-0.05718486353969965,0.9997065
9744,-0.05582164769820075,1.0002136
9745,-0.05514003961875247,1.0001232
9746,-0.05445843185670185,1.0011816
9747,-0.05309521569780351,1.0001077
9748,-0.05241360793575467,1.0000356
9749,-0.05173199985630461,1.0001524
9750,-0.05036878401480571,0.9998595
9751,-0.04968717593535743,1.0002883
9752,-0.04832396009385853,0.9996866
9753,-0.04764235201441025,1.000277
9754,-0.04696074393496019,1.0004439
9755,-0.04559752809346129,0.9996448
9756,-0.04491592001401301,0.9999985
9757,-0.04355270417251411,0.9997528
9758,-0.04287109609306583,1.0004416
9759,-0.04218948833101521,1.0011644
9760,-0.04082627248951631,0.9997423
9761,-0.04014466441006803,1.0009039
9762,-0.038781448568567356,0.9992724
9763,-0.038099840489119075,1.0001737
9764,-0.03741823240967079,1.0009923
9765,-0.036055016568171894,1.0013824
9766,-0.03537340848872361,0.9999768
9767,-0.034691800726672994,1.0010016
9768,-0.033328584567774655,0.9994712
9769,-0.03264697680572404,1.0008492
9770,-0.031283760646827474,1.0005658
9771,-0.030602152884776856,1.000449
9772,-0.029920544805328575,0.999391
9773,-0.028557328963829676,0.999689
9774,-0.027875720884379618,0.9999175
9775,-0.02651250504288072,0.9997649
9776,-0.025830896963432437,1.0003417
9777,-0.02514928920138182,1.0000294
9778,-0.023786073042485256,1.0002619
9779,-0.02310446528043464,1.0002685
9780,-0.0217412491215363,1.0002434
9781,-0.021059641359487458,0.9985599
9782,-0.0203780332800374,1.0007894
9783,-0.0190148174385385,1.0005634
9784,-0.01833320935909022,0.9995616
9785,-0.0176516015970396,1.0000224
9786,-0.016288385438143038,0.9996172
9787,-0.01560677767609242,1.0001696
9788,-0.014243561517194081,1.0006246
9789,-0.013561953755143463,0.9995777
9790,-0.012880345675695182,0.998887
9791,-0.011517129834196282,0.9991059
9792,-0.010835521754748001,0.9986326
9793,-0.009472305913249102,0.9978261
9794,-0.008790697833799044,0.9988371
9795,-0.008109089754350762,0.9982318
9796,-0.006745873912851863,0.9975662
9797,-0.0060642658334035815,0.9975736
9798,-0.004701049991904682,0.9995063
9799,-0.004019442229854064,0.9987017
9800,-0.003337834150405783,0.9982261
9801,-0.0019746183089051073,0.9978318
9802,-0.0012930102294568258,0.9991937
9803,-0.0006114021500085443,0.9984695
9804,0.000751813691490355,0.9993246
9805,0.0014334217709386365,0.9990846
9806,0.002796637612437536,0.9993593
9807,0.0034782456918875937,0.9989782
9808,0.0041598534539382115,0.9970748
9809,0.0055230696128347745,0.9974941
9810,0.006204677374885392,0.9979318
9811,0.007567893216384292,0.9996492
9812,0.008249501295832573,0.9992722
9813,0.008931109375282631,0.9992094
9814,0.01029432521678153,0.998757
9815,0.010975933296229812,0.9984089
9816,0.012339149137728711,0.9984173
9817,0.013020757217176993,0.9984193
9818,0.01370236497922761,0.9997328
9819,0.01506558113812595,1.0004878
9820,0.01574718890017479,0.9995137
9821,0.01642879697962485,0.9994821
9822,0.01779201282112375,1.0000928
9823,0.01847362090057203,0.9997565
9824,0.01983683674207093,0.9999451
9825,0.02051844482151921,1.0010041
9826,0.02120005258356983,0.9982518
9827,0.022563268742468168,0.9997198
9828,0.023244876504518786,0.9995309
9829,0.02460809266341535,0.999944
9830,0.025289700425465966,1.000917
9831,0.025971308504914248,1.0000916
9832,0.027334524346413147,1.0004231
9833,0.028016132425863205,0.9991435
9834,0.029379348267362104,1.0005176
9835,0.030060956346810386,1.0002726
9836,0.030742564108861004,0.9996
9837,0.03210578026775757,0.9998772
9838,0.032787388029808184,1.0000282
9839,0.033468996109256466,0.9994445
9840,0.034832211950755365,0.9996178
9841,0.03551382003020542,0.9994023
9842,0.03687703587170432,0.9989593
9843,0.037558643951152604,1.0000517
9844,0.038240252030600885,1.0001559
9845,0.039603467872099785,1.0002821
9846,0.04028507595154984,0.9993904
9847,0.04164829179304874,0.9994944
9848,0.04232989987249702,0.9989598
9849,0.04301150763454764,0.9993506
9850,0.04437472347604654,1.0004098
9851,0.04505633155549482,1.0000424
9852,0.04641954739699372,1.0002281
9853,0.04710115547644378,1.001065
9854,0.04778276355589206,0.9996751
9855,0.04914597939739096,0.9996826
9856,0.04982758747683924,1.0003085
9857,0.05050919523888986,1.0006652
9858,0.0518724113977882,0.9998087
9859,0.05255401915983704,0.9991541
9860,0.05391723531873538,1.0004589
9861,0.054598843080786,0.9999868
9862,0.05528045116023428,1.0003933
9863,0.05664366700173318,1.0007028
9864,0.05732527508118146,1.0004197
9865,0.05868849092268036,1.0003486
9866,0.059370099002130416,1.0003374
9867,0.060051706764181034,1.0005293
9868,0.0614149229230776,0.9996594
9869,0.062096530685128215,1.0006454
9870,0.06345974684402478,0.9997188
9871,0.0641413546060754,0.9999473
9872,0.06482296268552545,1.0005106
9873,0.06618617852702435,1.0005448
9874,0.06686778660647263,1.0003068
9875,0.06754939436852325,0.9998438
9876,0.06891261052741982,0.999864
9877,0.06959421828947043,1.0001499
9878,0.07095743444836877,0.9999819
9879,0.07163904221041761,1.0013076
9880,0.07232065028986767,0.9995897
9881,0.07368386613136657,1.0008351
9882,0.07436547421081485,0.9990731
9883,0.07572869005231375,0.9999503
9884,0.07641029813176203,0.9994245
9885,0.07709190621121209,1.0002257
9886,0.07845512205271099,0.9997293
9887,0.07913673013215927,0.9995017
9888,0.08049994597365817,1.0007606
9889,0.08118155373570879,0.9995528
9890,0.08186316181515707,1.0001088
9891,0.08322637765665597,1.0000257
9892,0.08390798573610603,0.9993169
9893,0.08458959381555431,1.0001274
9894,0.08595280965705321,1.0012512
9895,0.08663441773650149,0.9999212
9896,0.08799763357800039,0.9994408
9897,0.08867924165745045,1.0001517
9898,0.08936084941949929,1.0006701
9899,0.09072406557839763,1.0003584
9900,0.09140567334044825,1.0001482
9901,0.09276888918194715,0.99986
9902,0.09345049726139543,1.0003932
9903,0.09413210534084371,1.0006025
9904,0.09549532118234261,1.0002879
9905,0.09617692926179267,0.9996408
9906,0.09754014510329156,0.9999076
9907,0.09822175318273985,0.9999123
9908,0.09890336094479046,1.0007552
9909,0.10026657710368703,0.9993332
9910,0.10094818486573764,1.0000906
9911,0.10162979294518593,0.9989653
9912,0.1029930087866866,1.0003975
9913,0.10367461686613488,0.9994135
9914,0.10503783270763378,1.0002307
9915,0.10571944078708206,0.9994431
9916,0.10640104854913268,1.0004779
9917,0.10776426470803102,0.9998383
9918,0.10844587247007986,0.9993023
9919,0.1098090886289782,0.999855
9920,0.11049069639102882,1.0001701
9921,0.1111723044704771,1.0009809
9922,0.112535520311976,1.0014417
9923,0.11321712839142428,1.000002
9924,0.11458034423292318,1.0001428
9925,0.11526195231237324,0.9994559
9926,0.11594356007442386,0.999806
9927,0.11730677623332042,0.9999557
9928,0.11798838399537104,1.000957
9929,0.11866999207481932,0.9995891
9930,0.12003320791631822,1.0003522
9931,0.1207148159957665,0.9997588
9932,0.12207803183726718,0.999542
9933,0.12275963991671546,0.9997682
9934,0.12344124799616374,0.9999628
9935,0.12480446383766264,0.9997625
9936,0.12548607191711092,1.0001837
9937,0.1268492877586116,1.0006144
9938,0.12753089583805988,0.9995957
9939,0.1282125036001105,0.9995343
9940,0.1295757194416094,0.9997759
9941,0.13025732752105768,1.0007847
9942,0.13162054336255657,0.9997871
9943,0.13230215144200486,0.9989803
9944,0.13298375952145491,0.9989433
9945,0.1343469753629538,0.9996824
9946,0.1350285834424021,1.0000934
9947,0.1357101912044527,1.0002701
9948,0.13707340736334928,0.999232
9949,0.1377550151253999,0.9982707
9950,0.13911823128429823,1.0004369
9951,0.13979983904634885,1.0002035
9952,0.14048144712579713,0.9997526
9953,0.14184466296729603,1.0007523
9954,0.1425262710467443,1.0005778
9955,0.1438894868882432,1.000021
9956,0.1445710949676915,1.000238
9957,0.1452527027297421,0.9998364
9958,0.14661591888864045,0.999606
9959,0.14729752665069107,0.9993527
9960,0.14866074280958763,0.9988411
9961,0.14934235057163825,1.0001015
9962,0.15002395865108653,0.9996464
9963,0.15138717449258543,0.9997925
9964,0.1520687825720355,0.9993595
9965,0.15275039033408433,1.000298
9966,0.15411360649298267,1.0000439
9967,0.1547952142550333,0.9997509
9968,0.15615843041392985,0.9984337
9969,0.15684003817598047,1.0002604
9970,0.15752164625542875,1.0005718
9971,0.15888486209692942,0.9996616
9972,0.1595664701763777,0.9987451
9973,0.1609296860178766,1.0007408
9974,0.1616112940973249,0.9993055
9975,0.16229290217677317,1.0001321
9976,0.16365611801827384,1.0010807
9977,0.16433772609772213,1.000901
9978,0.16570094193922102,1.0005303
9979,0.16638254970127164,1.0003846
9980,0.16706415778071992,1.0004357
9981,0.16842737362221882,1.0006048
9982,0.1691089817016671,1.0006433
9983,0.16979058978111716,0.9998952
9984,0.17115380562261606,0.9993722
9985,0.17183541370206434,0.9996033
9986,0.17319862954356324,0.9998
9987,0.17388023762301152,0.9992704
9988,0.17456184538506214,1.0010867
9989,0.17592506154396048,0.9998647
9990,0.17660666930600932,1.0002182
9991,0.17796988514751,1.0005923
9992,0.17865149322695828,0.9997003
9993,0.17933310130640656,0.9999398
9994,0.18069631714790546,0.9995595
9995,0.18137792522735374,0.9999757
9996,0.18274114106885442,0.999638
9997,0.1834227491483027,1.0001676
9998,0.18410435691035332,1.000476
9999,0.18546757306924988,0.9993201
10000,0.1861491808313005,1.0005339
10001,0.18683078891074878,0.9994695
10002,0.18819400475224768,1.0001658
10003,0.18887561283169774,1.0003007
10004,0.19023882867319664,1.0009429
10005,0.19092043675264492,0.9996747
10006,0.19160204451469554,1.0001208
10007,0.1929652606735921,1.0000669
10008,0.19364686843564272,1.0005886
10009,0.19501008459454106,0.9997385
10010,0.1956916923565899,1.0002451
10011,0.19637330043603995,1.0008561
10012,0.19773651627753885,0.9989003
10013,0.19841812435698714,0.9995319
10014,0.19978134019848603,1.0000542
10015,0.20046294827793432,1.0006766
10016,0.20114455603998493,0.9999021
10017,0.20250777219888327,1.0002025
10018,0.2031893799609339,0.9994432
10019,0.20387098804038217,0.9992876
10020,0.20523420388188107,1.0002122
10021,0.20591581196132935,1.0000039
10022,0.20727902780282825,0.9998534
10023,0.2079606358822783,0.999686
10024,0.2086422439617266,1.0006188
10025,0.2100054598032255,1.0011825
10026,0.21068706788267377,0.9992834
10027,0.21205028372417267,0.9998403
10028,0.21273189180362273,0.9997591
10029,0.21341349956567157,0.999693
10030,0.21477671540717225,0.9999007
10031,0.21545832348662053,0.99998
10032,0.21682153932811943,0.9994743
10033,0.2175031474075677,0.999446
10034,0.218184755487016,0.9989259
10035,0.2195479713285149,0.9992352
10036,0.22022957940796495,1.0011967
10037,0.22091118717001557,0.9991953
10038,0.22227440332891213,1.0000543
10039,0.22295601109096275,0.9992356
10040,0.2243192272498593,0.9996981
10041,0.22500083501190993,0.9991512
10042,0.22568244309135999,0.9999619
10043,0.22704565893285888,0.9994302
10044,0.22772726701230717,1.0007355
10045,0.22909048285380607,0.9995955
10046,0.22977209093325435,1.0004949
10047,0.23045369869530496,1.0002438
10048,0.2318169148542033,1.0002974
10049,0.23249852261625215,0.9997572
10050,0.23386173877515049,0.9998502
10051,0.2345433465372011,0.9987122
10052,0.23522495461664938,1.0003305
10053,0.23658817045814828,1.0009945
10054,0.23726977853759657,1.0000958
10055,0.23795138629964718,1.0000569
10056,0.23931460245854552,0.9989155
10057,0.23999621022059614,1.0002145
10058,0.2413594263794927,0.9998018
10059,0.24204103414154332,1.0005929
10060,0.2427226422209916,0.9986764
10061,0.2440858580624905,0.9998295
10062,0.24476746614194056,0.9995152
10063,0.24613068198343946,0.9996762
10064,0.24681229006288774,0.9998228
10065,0.24749389814233602,0.9997143
10066,0.24885711398383492,1.0004287
10067,0.24953872206328498,0.9997318
10068,0.2509019379047839,1.0001311
10069,0.2515835456668327,0.9986758
10070,0.2522651537462828,1.0005168
10071,0.2536283695877817,0.9992786
10072,0.25430997766722996,1.0000257
10073,0.25499158574667824,0.9998565
10074,0.25635480158817714,1.0001618
10075,0.2570364096676272,1.0004292
10076,0.2583996255091261,0.9992913
10077,0.2590812335885744,0.9995805
10078,0.259762841350625,1.0023766
10079,0.26112605750952156,1.0007999
10080,0.2618076652715722,0.998079
10081,0.2631708811130711,1.0008983
10082,0.26385248919252113,0.9996986
10083,0.2645340972719694,0.9994644
10084,0.2658973131134683,1.0001585
10085,0.2665789211929166,1.0002623
10086,0.2679421370344155,1.0001169
10087,0.26862374511386555,0.9996583
10088,0.2693053528759144,0.9999839
10089,0.27066856903481273,0.9999447
10090,0.27135017679686335,1.0002283
10091,0.27203178487631163,1.0001896
10092,0.27339500071781053,1.0003436
10093,0.2740766087972588,0.9997354
10094,0.2754398246387577,1.0001828
10095,0.27612143271820777,0.9992597
10096,0.2768030404802584,0.9997277
10097,0.27816625663915495,1.0005249
10098,0.27884786440120557,1.0003436
10099,0.28021108056010213,0.9997163
10100,0.28089268832215275,0.9992751
10101,0.2815742964016028,0.9992445
10102,0.2829375122431017,0.9990521
10103,0.28361912032255,1.0009554
10104,0.2849823361640489,1.0004169
10105,0.28566394424349717,1.0005224
10106,0.2863455520055478,0.9995201
10107,0.2877087681644461,1.0005033
10108,0.28839037592649497,0.9999425
10109,0.289071984005945,1.0010303
10110,0.2904351998474439,0.9995032
10111,0.2911168079268922,0.9994745
10112,0.2924800237683911,1.0001531
10113,0.2931616318478394,0.9996072
10114,0.29384323992728945,1.0006255
10115,0.29520645576878835,0.9995631
10116,0.2958880638482366,1.0002658
10117,0.2972512796897355,1.000688
10118,0.2979328877691838,1.0000241
10119,0.2986144955312344,1.0013047
10120,0.2999777113727333,1.0006916
10121,0.3006593194521834,0.9996827
10122,0.3020225352936823,0.9999014
10123,0.30270414337313056,0.9997117
10124,0.30338575145257884,1.000612
10125,0.30474896729407774,0.999609
10126,0.3054305753735278,0.999117
10127,0.30611218313557664,0.9994834
10128,0.307475399294475,1.0004511
10129,0.3081570070565256,1.0000549
10130,0.30952022321542216,1.0005793
10131,0.3102018309774728,1.0002414
10132,0.31088343905692106,1.000494
10133,0.31224665489841996,0.9992382
10134,0.31292826297787,1.0006023
10135,0.3142914788193689,1.0004033
10136,0.3149730868988172,1.0000337
10137,0.3156546946608678,0.9996803
10138,0.3170179108197644,1.0006797
10139,0.317699518581815,1.000027
10140,0.31906273474071334,0.9995698
10141,0.31974434250276396,0.9990158
10142,0.32042595058221224,0.9990918
10143,0.32178916642371114,1.0001247
10144,0.3224707745031594,0.9999965
10145,0.32315238226521004,0.9984771
10146,0.3245155984241084,0.9997216
10147,0.3251972061861572,0.9993423
10148,0.32656042234505556,1.0002613
10149,0.3272420301071062,1.0007381
10150,0.32792363818655446,0.99888
10151,0.32928685402805336,1.0001887
10152,0.32996846210750164,0.9995504
10153,0.33133167794900054,0.9995556
10154,0.3320132860284506,0.9987367
10155,0.3326948941078989,1.0003499
10156,0.3340581099493978,0.9983407
10157,0.33473971802884606,1.0003823
10158,0.33610293387034496,0.9998026
10159,0.3367845416323956,1.0016347
10160,0.33746614971184385,1.0006615
10161,0.33882936555334453,1.0000576
10162,0.3395109736327928,1.0010704
10163,0.3401925817122411,1.0003721
10164,0.34155579755374,0.9992845
10165,0.3422374056331883,1.0001592
10166,0.34360062147468895,0.9993731
10167,0.34428222955413723,1.0006059
10168,0.34496383731618785,0.9993124
10169,0.3463270534750844,0.9993529
10170,0.34700866123713503,0.9993504
10171,0.34837187707863393,1.0009576
10172,0.3490534851580822,0.9997311
10173,0.34973509323753227,1.0004605
10174,0.35109830907903117,0.9999327
10175,0.35177991715847945,0.9989005
10176,0.35314313299997835,1.0011127
10177,0.35382474107942663,1.0004755
10178,0.35450634884147725,0.9987504
10179,0.3558695650003756,0.9990203
10180,0.3565511727624262,1.0015215
10181,0.3572327808418745,1.0001308
10182,0.3585959966833734,0.9997483
10183,0.35927760476282167,1.0007163
10184,0.36064082060432057,1.0008428
10185,0.36132242868376885,1.0008812
10186,0.36200403644581947,0.9995993
10187,0.3633672526047178,0.9987912
10188,0.3640488603667684,0.9994927
10189,0.365412076525665,0.9999125
10190,0.3660936842877156,1.001145
10191,0.3667752923671639,0.9992374
10192,0.3681385082086628,0.9998859
10193,0.36882011628811284,1.0001575
10194,0.37018333212961174,0.9992402
10195,0.37086494020906,0.9997923
10196,0.37154654797111064,0.9995849
10197,0.3729097641300072,1.0008708
10198,0.3735913718920578,1.0001783
10199,0.3742729799715061,0.9992469
10200,0.3756361958130068,1.0000939
10201,0.37631780389245506,1.0001126
10202,0.37768101973395396,0.9993231
10203,0.37836262781340224,0.9995271
10204,0.3790442358928505,0.9989823
10205,0.3804074517343494,1.0010955
10206,0.3810890598137995,0.9990385
10207,0.3824522756552984,1.0000469
10208,0.38313388373474666,0.9997621
10209,0.3838154914967973,1.000226
10210,0.3851787073382962,0.9990839
10211,0.38586031541774446,0.9986502
10212,0.38722353125924336,0.9995915
10213,0.3879051393386934,0.999288
10214,0.3885867474181417,1.000688
10215,0.3899499632596406,0.9996026
10216,0.3906315713390889,0.9999242
10217,0.3913131791011395,0.9987494
10218,0.39267639526003784,0.9994929
10219,0.3933580030220867,1.0006125
10220,0.394721219180985,1.0012717
10221,0.39540282694303563,0.9986947
10222,0.3960844350224839,1.0002093
10223,0.3974476508639828,0.9994753
10224,0.3981292589434311,1.0007439
10225,0.3994924747849318,1.00012
10226,0.40017408286438005,0.9997559
10227,0.40085569062643067,0.9990919
10228,0.40221890678532723,0.9990349
10229,0.40290051454737785,0.999878
10230,0.4042637307062744,1.0009211
10231,0.40494533846832503,0.9993415
10232,0.4056269465477751,1.0002884
10233,0.406990162389274,1.0004261
10234,0.40767177046872227,0.9997696
10235,0.4083533782307729,0.9994997
10236,0.40971659438966945,1.0001333
10237,0.41039820215172007,1.000362
10238,0.4117614183106184,1.0001439
10239,0.41244302607266725,1.0005728
10240,0.4131246341521173,1.0004771
10241,0.4144878499936162,1.000161
10242,0.4151694580730645,1.0004094
10243,0.4165326739145634,0.9999819
10244,0.41721428199401167,1.0001125
10245,0.41789589007346173,1.001798
10246,0.41925910591496063,0.9990957
10247,0.4199407139944089,0.9995531
10248,0.4213039298359078,1.0010428
10249,0.4219855375979584,0.9988644
10250,0.4226671456774067,0.9992246
10251,0.4240303615189056,0.9994902
10252,0.42471196959835567,1.0001896
10253,0.42539357767780395,1.0006628
10254,0.42675679351930285,0.9997879
10255,0.4274384015987511,0.9999615
10256,0.42880161744025,1.0001817
10257,0.4294832255197001,1.0004346
10258,0.4301648332817489,0.9985795
10259,0.43152804944064727,0.9990564
10260,0.4322096572026979,0.9992036
10261,0.4335728730441968,1.0000357
10262,0.43425448112364506,1.000591
10263,0.43493608920309335,1.0000298
10264,0.43629930504459224,0.9994521
10265,0.4369809131240423,1.0006199
10266,0.4383441289655412,0.9996797
10267,0.4390257370449895,0.9993456
10268,0.4397073448070401,0.9999759
10269,0.44107056096593666,0.9995818
10270,0.4417521687279873,0.9998555
10271,0.44243377680743734,1.0000057
10272,0.44379699264893624,0.9997276
10273,0.4444786007283845,0.9997657
10274,0.4458418165698834,1.0008921
10275,0.4465234246493317,0.9991014
10276,0.4472050324113823,1.0001254
10277,0.44856824857028066,0.999868
10278,0.4492498563323295,1.0001376
10279,0.45061307249122784,1.0020787
10280,0.45129468025327846,1.0005021
10281,0.45197628833272674,0.9988827
10282,0.45333950417422564,1.0014528
10283,0.4540211122536739,0.9997013
10284,0.4553843280951728,1.0008359
10285,0.4560659361746229,0.999645
10286,0.4567475439366735,1.000332
10287,0.45811076009557006,1.0000902
10288,0.4587923678576207,0.9995061
10289,0.45947397593706896,0.9998279
10290,0.46083719177856786,1.0001399
10291,0.4615187998580179,0.9995297
10292,0.4628820156995168,0.9997258
10293,0.4635636237789651,1.0012435
10294,0.4642452318584134,0.9991581
10295,0.4656084476999123,1.000628
10296,0.46629005577936233,1.0014847
10297,0.46765327162086123,0.998744
10298,0.4683348797003095,0.999669
10299,0.46901648746236013,0.9989899
10300,0.47037970330385903,1.0012496
10301,0.4710613113833073,0.9997889
10302,0.4724245272248062,0.9994332
10303,0.4731061353042545,1.0012083
10304,0.47378774338370455,0.999686
10305,0.47515095922520345,1.0000978
10306,0.47583256730465173,0.999999
10307,0.47651417506670235,1.0004837
10308,0.4778773912255989,0.9999175
10309,0.47855899898764953,1.0003894
10310,0.47992221514654787,0.9999349
10311,0.4806038229085985,0.9994971
10312,0.48128543098804677,0.9997835
10313,0.48264864682954567,1.0004431
10314,0.48333025490899395,0.9996055
10315,0.48469347075049285,1.0003997
10316,0.4853750788299429,0.999647
10317,0.48605668659199175,0.9994704
10318,0.4874199027508901,1.0015435
10319,0.4881015105129407,0.9987485
10320,0.48946472667183727,1.0003071
10321,0.4901463344338879,1.0001214
10322,0.49082794251333617,0.9992254
10323,0.49219115835483507,0.9997684
10324,0.4928727664342851,0.99952
10325,0.49355437419633574,1.0003021
10326,0.4949175903552323,1.0001332
10327,0.4955991981172829,0.9994082
10328,0.4969624142761795,1.0001379
10329,0.4976440220382301,0.999471
10330,0.4983256301176784,0.9996928
10331,0.49968884595917906,0.9992554
10332,-0.49962954596137266,1.0003468
10333,-0.49826633011987376,0.9990302
10334,-0.4975847220404255,0.9996868
10335,-0.4969031139609772,1.0006467
10336,-0.4955398981194765,0.999748
10337,-0.49485829004002824,1.0009336
10338,-0.49349507419852934,0.9992188
10339,-0.4928134664364787,0.9994988
10340,-0.49213185835703044,1.000848
10341,-0.49076864251553154,0.9996944
10342,-0.49008703443608326,1.000554
10343,-0.4894054263566332,0.9984682
10344,-0.4880422105151343,0.9996736
10345,-0.487360602435686,1.0001201
10346,-0.4859973865941871,0.9999219
10347,-0.48531577851473884,1.0001365
10348,-0.4846341707526882,0.9993926
10349,-0.4832709545937899,1.0003086
10350,-0.48258934683173926,0.9987447
10351,-0.48122613099024036,1.0000148
10352,-0.4805445229107921,0.9990133
10353,-0.4798629148313438,0.9997498
10354,-0.4784996989898449,0.9998519
10355,-0.4778180909103966,1.0003027
10356,-0.47645487506889594,0.9998328
10357,-0.47577326698944766,1.0003344
10358,-0.47509165922739705,1.0000059
10359,-0.4737284430685005,0.9999219
10360,-0.47304683530644986,0.9993805
10361,-0.4723652272270016,1.0000111
10362,-0.4710020113855027,1.0001781
10363,-0.4703204033060526,1.0000243
10364,-0.4689571874645537,0.9996766
10365,-0.46827557938510544,0.9989868
10366,-0.4675939716230548,0.9992597
10367,-0.46623075546415826,1.0001046
10368,-0.46554914770210765,0.9993897
10369,-0.4641859315432093,0.9991074
10370,-0.4635043237811587,1.0006513
10371,-0.4628227157017104,1.0009882
10372,-0.4614594998602115,0.9997916
10373,-0.4607778917807632,0.9996204
10374,-0.4594146759392643,1.0003524
10375,-0.45873306785981427,1.0000513
10376,-0.45805146009776543,0.9999778
10377,-0.4566882439388671,1.0002251
10378,-0.45600663617681647,0.9997231
10379,-0.4553250280973682,1.0006945
10380,-0.4539618122558693,0.9995016
10381,-0.453280204176421,1.0000664
10382,-0.4519169883349221,1.0012696
10383,-0.45123538025547205,0.9997988
10384,-0.45055377217602377,0.9998801
10385,-0.44919055633452487,0.9995792
10386,-0.4485089482550766,0.9994787
10387,-0.4471457324135777,0.9997012
10388,-0.44646412433412763,1.0004746
10389,-0.4457825165720788,0.9989764
10390,-0.4444193007305781,1.0000768
10391,-0.44373769265112983,1.0005731
10392,-0.44237447680963093,1.0009983
10393,-0.44169286873018265,0.9997121
10394,-0.44101126065073437,0.9986944
10395,-0.4396480448092337,1.001091
10396,-0.4389664367297854,1.0003169
10397,-0.4382848289677348,1.0013052
10398,-0.43692161280883823,0.9995201
10399,-0.4362400050467876,0.9991495
10400,-0.4348767888878893,1.000159
10401,-0.43419518112584043,1.0005235
10402,-0.4335135730463904,0.9998491
10403,-0.4321503572048915,0.9988968
10404,-0.4314687491254432,1.0005783
10405,-0.4301055332839443,1.0002224
10406,-0.429423925204496,0.9995115
10407,-0.4287423174424454,1.0001723
10408,-0.42737910128354706,0.9991459
10409,-0.4266974935214982,0.9995414
10410,-0.4253342773625999,0.9999193
10411,-0.42465266960054926,1.0006257
10412,-0.423971061521101,1.0000601
10413,-0.4226078456796021,0.9997437
10414,-0.4219262376001538,0.9995751
10415,-0.4212446298381032,0.9997582
10416,-0.41988141367920484,1.0003454
10417,-0.4191998059171542,0.9996499
10418,-0.41783658975825766,1.0001658
10419,-0.41715498199620704,0.9997859
10420,-0.41647337391675876,1.0009201
10421,-0.41511015807525986,0.9999414
10422,-0.4144285499958098,0.9994694
10423,-0.4130653341543109,0.9997771
10424,-0.4123837260748626,0.9998239
10425,-0.41170211799541434,0.9995723
10426,-0.41033890215391544,1.0010645
10427,-0.4096572940744654,0.9995436
10428,-0.4082940782329665,1.000086
10429,-0.40761247047091587,0.9993276
10430,-0.4069308623914676,1.0014353
10431,-0.4055676465499687,0.9990534
10432,-0.4048860384705204,1.0001933
10433,-0.4042044303910721,1.0006541
10434,-0.4028412145495732,1.0006282
10435,-0.40215960647012317,1.0003083
10436,-0.40079639062862427,1.0003568
10437,-0.400114782549176,1.0002706
10438,-0.39943317478712537,1.0004905
10439,-0.3980699586282288,0.9993611
10440,-0.3973883508661782,1.0003763
10441,-0.3960251350246793,1.0001523
10442,-0.39534352694522923,0.9999284
10443,-0.39466191886578095,0.9993235
10444,-0.39329870302428205,1.0005393
10445,-0.39261709494483377,1.0002889
10446,-0.39125387910333487,1.0003882
10447,-0.3905722710238848,0.9997683
10448,-0.38989066326183597,0.9996254
10449,-0.38852744710293763,0.9994993
10450,-0.387845839340887,0.9990096
10451,-0.38716423126143873,1.000968
10452,-0.38580101541993983,0.9995681
10453,-0.38511940734049155,0.9997665
10454,-0.3837561914989909,1.0005439
10455,-0.3830745834195426,1.0003419
10456,-0.382392975657492,1.0004099
10457,-0.3810297594985954,1.0005984
10458,-0.3803481517365448,1.0007368
10459,-0.37898493557764823,0.999397
10460,-0.3783033278155976,0.9997398
10461,-0.37762171973614755,0.9992351
10462,-0.37625850389464865,1.00085
10463,-0.3755768958152004,0.9988564
10464,-0.3742136799737015,0.9992262
10465,-0.3735320718942532,0.9999943
10466,-0.3728504641322026,0.9993545
10467,-0.37148724797330424,1.000556
10468,-0.3708056402112554,0.9999644
10469,-0.37012403213180534,0.9995101
10470,-0.36876081629030644,0.9990475
10471,-0.36807920821085816,0.9998694
10472,-0.36671599236935926,0.9992393
10473,-0.366034384289911,0.9994582
10474,-0.3653527762104609,0.9996291
10475,-0.363989560368962,1.0020792
10476,-0.36330795228951374,1.0012643
10477,-0.36194473644801484,0.9996949
10478,-0.36126312836856656,0.9999686
10479,-0.36058152060651594,1.0005689
10480,-0.35921830476501704,1.0003999
10481,-0.358536696685567,1.0011424
10482,-0.3571734808440681,0.9997019
10483,-0.3564918727646198,1.0004871
10484,-0.3558102646851715,0.9997247
10485,-0.3544470488436726,0.9996896
10486,-0.35376544076422256,1.0002902
10487,-0.3530838330021737,1.0004997
10488,-0.3517206168432754,0.9997941
10489,-0.35103900908122476,1.0003617
10490,-0.3496757929223282,0.9993625
10491,-0.3489941851602776,1.0007884
10492,-0.3483125770808293,1.000349
10493,-0.3469493612393304,1.001859
10494,-0.34626775315988034,0.9997552
10495,-0.34490453731838144,0.9996157
10496,-0.34422292923893316,0.9999413
10497,-0.34354132147688254,1.0003687
10498,-0.342178105317986,0.9998024
10499,-0.34149649755593536,0.9991368
10500,-0.340133281397037,0.9996245
10501,-0.3394516736349864,1.0002598
10502,-0.3387700655555381,1.0001471
10503,-0.3374068497140392,0.9998321
10504,-0.33672524163459094,1.0003445
10505,-0.3360436338725403,0.9992574
10506,-0.334680417713642,1.0013041
10507,-0.33399880995159315,1.000016
10508,-0.3326355937926948,1.0005416
10509,-0.3319539860306442,0.9994818
10510,-0.3312723779511959,0.9996869
10511,-0.329909162109697,1.0007538
10512,-0.3292275540302487,0.9989251
10513,-0.3278643381887498,1.0011033
10514,-0.32718273010929977,1.0002218
10515,-0.3265011220298515,0.9999045
10516,-0.3251379061883526,0.9998932
10517,-0.3244562981089043,1.0005263
10518,-0.3230930822674054,1.000759
10519,-0.3224114745053548,1.0004557
10520,-0.32172986642590473,0.9993373
10521,-0.32036665058440583,1.0001149
10522,-0.31968504250495755,1.0006431
10523,-0.31900343442550927,1.0012302
10524,-0.31764021858401037,0.99977
10525,-0.3169586105045603,0.9998501
10526,-0.3155953946630614,0.9990279
10527,-0.31491378658361313,1.0000606
10528,-0.3142321788215625,0.9994358
10529,-0.31286896266266595,0.9996335
10530,-0.31218735490061533,0.9998611
10531,-0.31082413905911643,1.0004054
10532,-0.31014253097966815,0.9993756
10533,-0.3094609229002181,1.0000234
10534,-0.3080977070587192,1.0000274
10535,-0.3074160989792709,0.999099
10536,-0.306052883137772,1.0001477
10537,-0.30537127505832373,1.0003254
10538,-0.3046896672962731,0.9996398
10539,-0.3033264511373748,1.0005172
10540,-0.30264484337532416,0.9997101
10541,-0.3019632352958759,0.9997618
10542,-0.300600019454377,0.999188
10543,-0.2999184113749287,1.0002738
10544,-0.2985551955334298,0.9994006
10545,-0.29787358745397974,0.9992534
10546,-0.2971919796919309,0.9999518
10547,-0.29582876353303256,1.0006888
10548,-0.29514715577098194,0.9992618
10549,-0.2937839396120854,0.9990908
10550,-0.29310233185003476,0.9994524
10551,-0.2924207237705865,1.0009419
10552,-0.2910575079290876,0.9995085
10553,-0.2903758998496375,0.9998016
10554,-0.2890126840081386,1.0007637
10555,-0.28833107592869034,0.9995399
10556,-0.2876494681666397,1.0006239
10557,-0.28628625200774316,1.0001332
10558,-0.28560464424569254,1.0006908
10559,-0.28492303616624426,1.0004593
10560,-0.2835598203247436,0.9992677
10561,-0.2828782122452953,0.9997891
10562,-0.2815149964037964,0.9999565
10563,-0.2808333883243481,0.9996094
10564,-0.28015178024489984,0.999734
10565,-0.27878856440339916,1.0003798
10566,-0.2781069563239509,0.9987256
10567,-0.276743740482452,0.9996732
10568,-0.2760621324030037,0.9993843
10569,-0.2753805246409531,1.0003109
10570,-0.2740173087994542,0.9997009
10571,-0.2733357007200059,1.0000599
10572,-0.271972484878507,0.9992254
10573,-0.27129087679905695,1.0003772
10574,-0.27060926871960866,1.0006022
10575,-0.26924605287810977,0.999749
10576,-0.2685644447986615,0.9999269
10577,-0.26788283703661087,0.9991909
10578,-0.2665196208777125,0.9997085
10579,-0.2658380131156619,1.0000488
10580,-0.26447479695676535,0.9989178
10581,-0.26379318919471473,0.9999447
10582,-0.26311158111526645,0.9992908
10583,-0.26174836527376755,1.0005314
10584,-0.26106675719431927,0.9993754
10585,-0.2597035413528186,1.0006528
10586,-0.2590219332733703,1.0002274
10587,-0.2583403255113197,0.9990289
10588,-0.2569771093524231,1.0003791
10589,-0.2562955015903725,0.999204
10590,-0.25493228543147417,1.0001679
10591,-0.25425067766942533,0.9998754
10592,-0.25356906958997527,1.0000456
10593,-0.25220585374847637,1.0009057
10594,-0.2515242456690281,1.0001116
10595,-0.2508426379069775,0.999901
10596,-0.2494794217480809,0.9992332
10597,-0.2487978139860303,1.0002746
10598,-0.24743459782713195,0.9997631
10599,-0.24675299006508133,0.9997835
10600,-0.24607138198563305,1.000182
10601,-0.24470816614413415,1.0001002
10602,-0.24402655806468587,0.9988788
10603,-0.24266334222318697,1.0003996
10604,-0.24198173414373692,0.9996733
10605,-0.24130012606428863,0.9994815
10606,-0.23993691022278973,0.9999673
10607,-0.23925530214334145,1.0000943
10608,-0.23789208630184255,1.0000667
10609,-0.23721047853979194,1.0002085
10610,-0.23652887046034365,0.9991195
10611,-0.23516565461884475,0.9998508
10612,-0.2344840465393947,1.0001692
10613,-0.23380243845994642,0.9985783
10614,-0.23243922261844752,0.9994513
10615,-0.23175761453899923,0.9999037
10616,-0.23039439869750034,1.0004708
10617,-0.22971279061805028,1.0010697
10618,-0.22903118285600144,1.0006954
10619,-0.2276679666971031,1.0004351
10620,-0.22698635893505248,0.999825
10621,-0.22562314309355358,0.9998372
10622,-0.2249415350141053,0.9993735
10623,-0.22425992693465702,1.0005641
10624,-0.22289671109315634,0.9999117
10625,-0.22221510301370806,0.9997632
10626,-0.22085188717220916,0.9993939
10627,-0.22017027909276088,0.9998423
10628,-0.21948867133071026,0.9993939
10629,-0.2181254551718137,0.9991651
10630,-0.21744384740976308,0.9998234
10631,-0.21676223933031302,0.9997435
10632,-0.21539902348881412,1.0002977
10633,-0.21471741540936584,0.9994382
10634,-0.21335419956786694,1.0010483
10635,-0.21267259148841866,1.0006445
10636,-0.21199098372636804,1.0005118
10637,-0.2106277675674697,1.0012302
10638,-0.20994615980542086,1.001392
10639,-0.20858294364652252,1.0003733
10640,-0.2079013358844719,0.9997231
10641,-0.20721972780502362,0.999801
10642,-0.20585651196352472,0.9989277
10643,-0.20517490388407644,0.9994225
10644,-0.20381168804257577,1.000826
10645,-0.20313007996312749,0.9997232
10646,-0.20244847220107687,0.9999089
10647,-0.2010852560421803,0.9995603
10648,-0.2004036482801297,1.0004354
10649,-0.1997220402006814,1.0001954
10650,-0.1983588243591825,1.0002284
10651,-0.19767721627973245,0.9989541
10652,-0.19631400043823355,1.000415
10653,-0.19563239235878527,0.9999031
10654,-0.19495078427933699,0.9995167
10655,-0.1935875684378381,1.0006883
10656,-0.19290596035838803,1.00038
10657,-0.19154274451688913,0.9996411
10658,-0.19086113643744085,1.0006566
10659,-0.19017952867539023,1.0004568
10660,-0.18881631283389133,1.0003694
10661,-0.18813470475444305,0.9997764
10662,-0.18677148891294415,0.9996616
10663,-0.18608988083349587,0.9996343
10664,-0.1854082727540458,1.0000538
10665,-0.1840450569125469,1.0003887
10666,-0.18336344883309863,1.0000212
10667,-0.182681841071048,1.0003366
10668,-0.18131862491215145,1.0001136
10669,-0.18063701715010083,1.0001751
10670,-0.1792738009912025,0.9993492
10671,-0.17859219322915187,1.0001198
10672,-0.1779105851497036,0.9999082
10673,-0.1765473693082047,1.0002163
10674,-0.1758657612287564,1.000561
10675,-0.1745025453872575,1.0001007
10676,-0.17382093730780745,1.000558
10677,-0.1731393295457586,1.000465
10678,-0.17177611338686027,0.9995167
10679,-0.17109450562480966,1.0012965
10680,-0.1697312894659131,0.998534
10681,-0.16904968170386248,0.998909
10682,-0.1683680736244142,1.0004826
10683,-0.1670048577829153,0.9993928
10684,-0.16632324970346524,0.9993408
10685,-0.16564164194141462,0.9994814
10686,-0.16427842578251806,0.9999191
10687,-0.16359681802046744,1.0003071
10688,-0.16223360186157088,1.0003614
10689,-0.16155199409952026,1.0000531
10690,-0.1608703860200702,0.9997033
10691,-0.1595071701785713,1.0008657
10692,-0.15882556209912302,1.0000489
10693,-0.15746234625762412,1.0005063
10694,-0.15678073817817584,0.9983049
10695,-0.15609913009872578,0.9999109
10696,-0.15473591425722688,1.0003146
10697,-0.1540543061777786,0.9988515
10698,-0.1526910903362797,0.999329
10699,-0.15200948257422908,1.0000235
10700,-0.1513278744947808,0.999798
10701,-0.1499646586532819,0.9999138
10702,-0.14928305057383362,1.0005995
10703,-0.14860144249438356,0.9997442
10704,-0.14723822665288466,0.9998034
10705,-0.14655661857343638,0.9989873
10706,-0.14519340273193748,1.001128
10707,-0.1445117946524892,0.9999499
10708,-0.14383018689043858,0.9992422
10709,-0.14246697073154024,1.0008028
10710,-0.14178536296948963,1.0003968
10711,-0.14042214712799073,0.999829
10712,-0.13974053904854244,1.0001881
10713,-0.13905893096909416,1.0012099
10714,-0.13769571512759526,1.0002387
10715,-0.1370141070481452,0.9983122
10716,-0.1356508912066463,1.0000966
10717,-0.13496928312719803,0.9993348
10718,-0.1342876753651474,1.0000338
10719,-0.13292445920625084,1.0004029
10720,-0.13224285144420023,0.9995989
10721,-0.13156124336475195,1.0006292
10722,-0.13019802752325305,1.0001895
10723,-0.129516419443803,1.0009036
10724,-0.1281532036023041,0.9999117
10725,-0.1274715955228558,1.0004503
10726,-0.1267899877608052,0.9994921
10727,-0.12542677160190863,0.9997774
10728,-0.12474516383985801,0.9996102
10729,-0.12338194768095967,0.9998584
10730,-0.12270033991890905,0.9992425
10731,-0.12201873183946077,0.999809
10732,-0.12065551599796187,1.0003214
10733,-0.11997390791851359,1.000408
10734,-0.11861069207701469,1.0007198
10735,-0.11792908399756463,0.9995446
10736,-0.11724747623551579,0.9993425
10737,-0.11588426007661745,0.9991294
10738,-0.11520265231456683,0.9999604
10739,-0.11452104423511855,1.0004532
10740,-0.11315782839361965,0.9996799
10741,-0.11247622031417137,0.9996353
10742,-0.11111300447267247,1.0004384
10743,-0.11043139639322241,1.0001129
10744,-0.10974978831377413,1.0006042
10745,-0.10838657247227523,0.9989374
10746,-0.10770496439282695,1.0000462
10747,-0.10634174855132805,0.9993192
10748,-0.105660140471878,0.9999103
10749,-0.10497853270982738,0.9996461
10750,-0.10361531686832848,1.0007893
10751,-0.1029337087888802,0.9990719
10752,-0.1015704929473813,1.0005942
10753,-0.10088888486793302,1.0006167
10754,-0.10020727678848296,1.0008928
10755,-0.09884406094698406,1.000123
10756,-0.09816245286753578,1.0003658
10757,-0.09748084510548516,1.0001317
10758,-0.0961176289465886,0.9999366
10759,-0.09543602118453798,1.0002281
10760,-0.09407280502563964,0.9998146
10761,-0.0933911972635908,0.9993874
10762,-0.09270958918414074,1.0012728
10763,-0.09134637334264184,1.0000163
10764,-0.09066476526319356,0.9996083
10765,-0.08930154942169466,0.9999771
10766,-0.08861994134224638,1.0000424
10767,-0.08793833358019576,0.9995849
10768,-0.08657511742129742,1.0006649
10769,-0.0858935096592468,1.0002023
10770,-0.08453029350035024,0.9993095
10771,-0.08384868573829962,1.0006225
10772,-0.08316707765885134,1.0003389
10773,-0.08180386181735244,1.000414
10774,-0.08112225373790238,1.0008003
10775,-0.08044064597585354,0.9997212
10776,-0.0790774298169552,0.9999539
10777,-0.07839582205490458,0.99944
10778,-0.07703260589600802,0.9994285
10779,-0.0763509981339574,0.9998083
10780,-0.07566939005450912,1.0004407
10781,-0.07430617421301022,1.0001787
10782,-0.07362456613356017,0.9996919
10783,-0.07226135029206127,0.9997322
10784,-0.07157974221261298,1.0000891
10785,-0.0708981341331647,1.0002909
10786,-0.0695349182916658,0.9994165
10787,-0.06885331021221575,0.999897
10788,-0.06749009437071685,1.0003144
10789,-0.06680848660866623,0.9998858
10790,-0.06612687852921795,0.9998921
10791,-0.06476366268771905,0.9994655
10792,-0.06408205460827077,0.9995142
10793,-0.06340044652882248,1.001226
10794,-0.06203723068732181,0.9991608
10795,-0.06135562260787353,0.9997967
10796,-0.05999240676637463,0.9998568
10797,-0.05931079868692635,0.9990251
10798,-0.05862919092487573,0.9998581
10799,-0.05726597476597739,0.9992804
10800,-0.05658436700392855,1.0002679
10801,-0.05522115116242965,1.0008099
10802,-0.05453954308297959,1.0004288
10803,-0.05385793500353131,1.0000671
10804,-0.05249471916203241,1.0004729
10805,-0.05181311108258413,1.000072
10806,-0.05044989524108523,1.0006027
10807,-0.04976828716163517,1.0006587
10808,-0.04908667939958633,0.9995072
10809,-0.04772346324068799,1.0001961
10810,-0.04704185547863737,1.00017
10811,-0.04636024739918909,0.9995702
10812,-0.04499703155769019,1.0003467
10813,-0.04431542347824191,1.0010909
10814,-0.042952207636741235,1.0001143
10815,-0.042270599557292954,0.9992817
10816,-0.041588991795242336,1.0009402
10817,-0.04022577563634577,1.0014897
10818,-0.039544167874295155,1.0002823
10819,-0.038180951715396816,0.9999652
10820,-0.037499343953347974,0.9995809
10821,-0.03681773587389792,1.0004452
10822,-0.03545452003239902,0.9992383
10823,-0.034772911952950736,1.0000969
10824,-0.033409696111451836,1.0010637
10825,-0.032728088032003555,1.0001406
10826,-0.03204648026995294,0.9995832
10827,-0.030683264111054598,0.9997976
10828,-0.03000165634900398,1.0002237
10829,-0.0293200482695557,0.9996301
10830,-0.0279568324280568,1.0004715
10831,-0.027275224348608518,0.998933
10832,-0.02591200850710962,1.000039
10833,-0.025230400427661337,1.0002475
10834,-0.02454879234821128,1.0001171
10835,-0.02318557650671238,0.999683
10836,-0.0225039684272641,1.0004816
10837,-0.0211407525857652,1.0006037
10838,-0.020459144506316918,0.999089
10839,-0.0197775367442663,0.9997331
10840,-0.0184143209027674,1.0016219
10841,-0.017732712823317343,1.0004519
10842,-0.016369496981818443,1.0003456
10843,-0.015687888902370162,1.000155
10844,-0.01500628082292188,1.0000478
10845,-0.013643064981422981,0.9992423
10846,-0.012961456901972923,0.9993507
10847,-0.012279849139924082,0.998053
10848,-0.010916632981025742,0.9987488
10849,-0.010235025218975125,0.9986808
10850,-0.008871809060078562,0.9978076
10851,-0.008190201298027944,0.9980575
10852,-0.007508593218579662,0.9983471
10853,-0.006145377377078987,0.9981521
10854,-0.005463769297630705,0.9991077
10855,-0.004100553456131806,0.9993205
10856,-0.0034189453766835243,0.9988801
10857,-0.0027373376146329065,0.9983011
10858,-0.0013741214557363435,0.9970288
10859,-0.0006925136936857257,0.9987174
10860,0.0006707024652126137,0.997942
10861,0.0013523102272632315,0.9994015
10862,0.002033918306711513,0.9985377
10863,0.0033971341482104123,0.9986029
10864,0.004078742227658694,0.9980021
10865,0.0047603499897093116,0.9994272
10866,0.006123566148607651,0.9982039
10867,0.006805173910656492,0.9980317
10868,0.008168390069554832,0.9986801
10869,0.00884999783160545,0.9983833
10870,0.009531605911053731,0.9981114
10871,0.01089482175255263,0.9985215
10872,0.011576429832000912,0.9986415
10873,0.012939645673501587,1.0004243
10874,0.013621253752949869,1.0016046
10875,0.01430286183239815,1.0001984
10876,0.01566607767389705,0.9994697
10877,0.01634768575334533,1.000166
10878,0.017710901594846007,1.0000272
10879,0.01839250935689485,1.000875
10880,0.019074117436344906,0.9998108
10881,0.020437333277843805,0.9998429
10882,0.021118941357292087,0.9998106
10883,0.02180054943674037,1.0002832
10884,0.023163765278239268,1.0006165
10885,0.023845373357689326,1.0004794
10886,0.025208589199188225,0.9997999
10887,0.025890197278636506,0.9997222
10888,0.026571805040687124,0.9995501
10889,0.027935021199583687,0.9996255
10890,0.028616628961634305,1.0004022
10891,0.029979844803133204,0.9992328
10892,0.030661452882581486,0.9999908
10893,0.031343060962031544,1.0001041
10894,0.03270627680353044,1.0012063
10895,0.033387884882978724,0.9988677
10896,0.034751100724477624,1.0011131
10897,0.035432708803925905,0.9990527
10898,0.03611431656597652,1.0003825
10899,0.03747753272487486,1.0003802
10900,0.03815914048692548,0.9992359
10901,0.03884074856637376,0.9992525
10902,0.04020396440787266,1.0000032
10903,0.04088557248732094,0.9995866
10904,0.04224878832881984,0.999217
10905,0.0429303964082699,1.0001447
10906,0.04361200417031874,0.9997034
10907,0.04497522032921708,0.9995787
10908,0.0456568280912677,1.0007723
10909,0.04702004425016426,0.9997456
10910,0.04770165201221488,0.9997012
10911,0.04838326009166316,0.9992921
10912,0.04974647593316206,0.9997016
10913,0.05042808401261212,1.000297
10914,0.05179129985411102,1.0005162
10915,0.0524729079335593,0.9998826
10916,0.053154515695609916,0.999848
10917,0.05451773185450648,1.0000312
10918,0.0551993396165571,1.0001313
10919,0.055880947696007155,1.000048
10920,0.057244163537506054,0.9995882
10921,0.057925771616954336,1.0004848
10922,0.059288987458453235,0.9990011
10923,0.05997059553790152,0.9993888
10924,0.060652203617351574,1.0002886
10925,0.062015419458850474,1.0000183
10926,0.06269702753829876,0.9996812
10927,0.06406024337979765,0.9990469
10928,0.06474185145924594,1.0007517
10929,0.06542345922129655,1.0000537
10930,0.06678667506279545,0.9999425
10931,0.06746828314224373,0.9995192
10932,0.06883149898374441,0.9999211
10933,0.06951310706319269,0.9999775
10934,0.07019471514264097,0.9999974
10935,0.07155793098413987,1.0003892
10936,0.07223953906358815,1.0010925
10937,0.07292114682563877,0.9999058
10938,0.07428436298453711,0.9994605
10939,0.07496597074658773,0.9995274
10940,0.07632918690548429,0.9997958
10941,0.07701079466753491,0.9993879
10942,0.07769240274698319,0.9989675
10943,0.07905561858848209,1.000122
10944,0.07973722666793215,0.9993133
10945,0.08110044250943105,1.000276
10946,0.08178205058887933,0.9992991
10947,0.08246365835092995,1.0001596
10948,0.08382687450982651,0.9994351
10949,0.08450848227187713,0.9989555
10950,0.08587169843077547,1.0017554
10951,0.08655330619282431,0.9989817
10952,0.08723491427227437,1.0000146
10953,0.08859813011377327,1.0002788
10954,0.08927973819322155,1.0002892
10955,0.08996134595527217,0.9997181
10956,0.09132456211416873,1.0007035
10957,0.09200616987621935,0.9993768
10958,0.09336938603511769,1.0003286
10959,0.0940509937971683,1.0000817
10960,0.09473260187661658,0.9999968
10961,0.09609581771811548,1.000102
10962,0.09677742579756377,1.000284
10963,0.09814064163906266,1.0000193
10964,0.09882224971851272,0.9998728
10965,0.099503857797961,0.9997943
10966,0.1008670736394599,1.000054
10967,0.10154868171890818,1.0000518
10968,0.10291189756040708,0.9987938
10969,0.1035935053224577,1.0002953
10970,0.10427511340190598,0.9999744
10971,0.10563832924340488,0.9994838
10972,0.10631993732285494,0.9997858
10973,0.10700154540230322,1.0008652
10974,0.10836476124380212,1.0003822
10975,0.1090463693232504,0.9994318
10976,0.1104095851647493,1.0001455
10977,0.11109119324419936,0.9998309
10978,0.11177280100624998,1.0003932
10979,0.11313601716514654,0.9999913
10980,0.11381762492719716,0.9986282
10981,0.11518084076869606,0.9996902
10982,0.11586244884814434,0.9993089
10983,0.11654405692759262,0.9995392
10984,0.1179072727690933,0.9997151
10985,0.11858888084854158,1.0002616
10986,0.11995209669004048,1.0000379
10987,0.12063370476948876,0.9995845
10988,0.12131531253153938,0.9994081
10989,0.12267852869043772,1.000628
10990,0.12336013645248656,0.9999117
10991,0.12404174453193662,0.999608
10992,0.12540496037343551,0.999048
10993,0.1260865684528838,1.0003804
10994,0.1274497842943827,0.9998686
10995,0.12813139237383098,1.0004248
10996,0.1288130001358816,1.0003093
10997,0.13017621629477993,0.9998235
10998,0.13085782405683055,1.0007083
10999,0.13222104021572711,0.9983891
11000,0.13290264797777773,1.0000644
11001,0.13358425605722601,0.9999589
11002,0.1349474718987249,1.0002865
11003,0.13562907997817497,0.9998194
11004,0.13699229581967387,1.0009661
11005,0.13767390389912215,0.9992426
11006,0.13835551166117277,1.0001695
11007,0.13971872782006933,1.0004741
11008,0.14040033558211995,0.9991674
11009,0.14108194366156823,1.0012905
11010,0.14244515950306713,0.9997482
11011,0.1431267675825172,0.9995284
11012,0.1444899834240161,1.00071
11013,0.14517159150346437,0.9993572
11014,0.14585319958291265,1.0008111
11015,0.14721641542441155,1.0011324
11016,0.1478980235038616,1.0007042
11017,0.1492612393453605,0.999208
11018,0.1499428474248088,1.0001257
11019,0.1506244551868594,1.0006694
11020,0.1519876710283583,1.0008599
11021,0.1526692791078066,1.0000036
11022,0.1540324949493055,1.0002201
11023,0.15471410302875555,1.0004139
11024,0.15539571110820383,1.0002962
11025,0.15675892694970273,0.9997611
11026,0.157440535029151,1.0006696
11027,0.15812214279120163,1.0009975
11028,0.15948535895009996,1.0000829
11029,0.1601669667121488,0.9995343
11030,0.16153018287104715,1.0000796
11031,0.16221179063309776,1.000462
11032,0.16289339871254604,0.9997269
11033,0.16425661455404494,0.9998412
11034,0.16493822263349323,0.9996532
11035,0.16630143847499212,1.0002882
11036,0.16698304655444218,1.0005683
11037,0.16766465431649102,0.9999555
11038,0.16902787047538936,0.9998428
11039,0.16970947823743998,0.9989808
11040,0.17107269439633654,0.9996505
11041,0.17175430215838716,1.0010282
11042,0.17243591023783544,0.9995854
11043,0.17379912607933612,0.9990113
11044,0.1744807341587844,1.0003982
11045,0.17516234192083502,0.9993199
11046,0.17652555807973158,0.9993279
11047,0.1772071658417822,0.9999044
11048,0.17857038200068054,1.0021061
11049,0.17993359784217944,1.0000823
11050,0.18129681368367834,0.9982771
11051,0.18197842176312662,0.9997319
11052,0.18334163760462552,1.0008072
11053,0.1840232456840738,0.9996291
11054,0.18470485376352386,0.9986569
11055,0.18606806960502276,0.9995904
11056,0.18674967768447104,1.0003166
11057,0.18811289352596994,0.9990414
11058,0.18879450128802056,1.0005447
11059,0.18947610936746884,1.0008769
11060,0.19083932520896774,0.9998677
11061,0.19152093328841602,1.0000471
11062,0.19220254136786608,0.9990995
11063,0.19356575720936497,0.9996341
11064,0.19424736528881326,0.9993717
11065,0.19561058113031216,1.0003449
11066,0.19629218920976044,0.9998957
11067,0.19697379697181105,0.9989554
11068,0.1983370131307094,1.0003903
11069,0.19901862089276,1.00044
11070,0.2003818367342589,0.9989259
11071,0.2010634448137072,1.0004224
11072,0.20174505289315547,1.0003706
11073,0.20310826873465437,1.00047
11074,0.20378987681410443,1.0009275
11075,0.20515309265560333,1.0000847
11076,0.2058347007350516,1.0001782
11077,0.20651630849710223,0.9999969
11078,0.2078795246559988,0.9996738
11079,0.2085611324180494,1.0001606
11080,0.2092427404974977,0.9999635
11081,0.21060595633899837,0.999392
11082,0.21128756441844665,1.0004102
11083,0.21265078025994555,1.0006529
11084,0.21333238833939383,0.9993916
11085,0.21401399610144445,1.0009773
11086,0.215377212260341,0.9996786
11087,0.21605882002239163,0.9985416
11088,0.21742203618128997,1.0010877
11089,0.21810364394334059,1.0009256
11090,0.21878525202278887,1.0003812
11091,0.22014846786428777,0.9997806
11092,0.22083007594373605,0.9996824
11093,0.22219329178523495,0.9988491
11094,0.222874899864685,0.9997403
11095,0.22355650762673385,1.0003646
11096,0.2249197237856322,1.0003833
11097,0.2256013315476828,1.0005779
11098,0.22628293962713109,1.0003085
11099,0.22764615546862998,0.9997713
11100,0.22832776354807827,1.0003963
11101,0.22969097938957894,0.9999877
11102,0.23037258746902722,0.9999575
11103,0.2310541955484755,1.0002843
11104,0.2324174113899744,1.0000691
11105,0.23309901946942269,1.0000401
11106,0.23446223531092159,0.9988984
11107,0.23514384339037164,0.9997114
11108,0.23582545115242226,1.0002571
11109,0.23718866699392116,0.999903
11110,0.23787027507336944,1.0004142
11111,0.23923349091486834,1.0010874
11112,0.23991509899431662,1.0008817
11113,0.24059670707376668,0.9992576
11114,0.24195992291526558,0.9997026
11115,0.24264153099471386,1.0014088
11116,0.24332313875676448,0.999975
11117,0.24468635491566104,1.0000841
11118,0.24536796267771166,1.0003568
11119,0.24673117883661,0.9994408
11120,0.24741278659865884,0.9998548
11121,0.2480943946781089,1.0007507
11122,0.2494576105196078,0.9993834
11123,0.2501392185990561,1.0012664
11124,0.251502434440555,1.0000187
11125,0.25218404252000326,1.0005824
11126,0.2528656502820539,0.9997008
11127,0.2542288664409522,0.9998636
11128,0.25491047420300283,1.0000046
11129,0.2562736903618994,0.9992051
11130,0.25695529812395,0.9990836
11131,0.2576369062033983,1.0007408
11132,0.2590001220448972,0.9997983
11133,0.25968173012434725,0.9998877
11134,0.2603633378863961,0.9992863
11135,0.26172655404529444,0.9990693
11136,0.26240816180734505,1.0005931
11137,0.2637713779662416,1.000394
11138,0.26445298572829223,0.9998432
11139,0.2651345938077405,0.9988561
11140,0.2664978096492394,0.999216
11141,0.2671794177286895,0.9995544
11142,0.26854263357018837,0.9998318
11143,0.26922424164963665,0.9999047
11144,0.26990584972908493,1.0004438
11145,0.27126906557058383,0.9993587
11146,0.2719506736500339,0.9997623
11147,0.2733138894915328,1.0006157
11148,0.2739954972535834,1.0003184
11149,0.2746771053330317,0.9992779
11150,0.2760403211745306,1.0003294
11151,0.27672192925397887,0.9997065
11152,0.27740353733342893,1.0008889
11153,0.27876675317492783,0.9991516
11154,0.2794483612543761,0.9996018
11155,0.280811577095875,1.0005781
11156,0.2814931851753233,1.0002998
11157,0.2821747929373739,0.9990491
11158,0.28353800909627225,0.9996913
11159,0.28558283269982,1.0010043
11160,0.28626444077927005,0.999758
11161,0.28694604885871833,0.9995286
11162,0.2883092647002172,1.001329
11163,0.2889908727796655,0.9991418
11164,0.2903540886211644,1.0000059
11165,0.29103569670061447,0.999399
11166,0.2917173044626651,0.9989054
11167,0.29308052062156165,1.0003173
11168,0.29376212838361226,1.000915
11169,0.29444373646306055,1.0000057
11170,0.29580695230455945,1.0004571
11171,0.2964885603840095,0.9994971
11172,0.2978517762255084,0.9996316
11173,0.2985333843049567,0.9993785
11174,0.2992149920670073,0.9996696
11175,0.30057820822590386,0.9997728
11176,0.3012598159879545,0.9995995
11177,0.3026230321468528,1.0002435
11178,0.30330463990890166,1.001104
11179,0.3039862479883517,0.9996385
11180,0.3053494638298506,0.9996181
11181,0.3060310719092989,1.0011122
11182,0.3073942877507978,1.0005048
11183,0.3080758958302461,1.0000875
11184,0.3087575035922967,0.9996035
11185,0.31012071975119504,1.0000333
11186,0.31080232751324566,1.0003568
11187,0.31148393559269394,0.9995713
11188,0.31284715143419284,0.9990509
11189,0.3135287595136411,0.9997433
11190,0.31489197535514,0.9998686
11191,0.3155735834345901,1.0000149
11192,0.31625519151403836,1.0003514
11193,0.31761840735553726,1.0002043
11194,0.31830001543498554,1.0003419
11195,0.31966323127648444,0.9991284
11196,0.3203448393559345,1.0001795
11197,0.32102644711798334,0.999603
11198,0.32238966295948224,0.9987264
11199,0.3230712710389323,1.0001858
11200,0.3244344868804312,0.9998169
11201,0.3251160949598795,0.9998735
11202,0.32579770303932776,0.9995508
11203,0.32716091888082666,1.0004142
11204,0.3278425269602767,1.0006556
11205,0.32852413472232733,1.0004388
11206,0.3298873508812239,0.9997087
11207,0.3319321748021711,1.0004546
11208,0.3326137825642217,1.0001836
11209,0.33329539064367,0.9999764
11210,0.33465860648517065,1.0001336
11211,0.33534021456461893,1.0004819
11212,0.33670343040611783,1.0003461
11213,0.3373850384855661,0.9996537
11214,0.33806664624761673,0.9993304
11215,0.33942986240651507,0.9994699
11216,0.3401114701685639,0.9994837
11217,0.34147468632746225,0.9999807
11218,0.34215629408951287,1.0002726
11219,0.34283790216896115,0.9993009
11220,0.34420111801046005,0.9991864
11221,0.34488272608990833,1.0004765
11222,0.34556433385195895,1.0005256
11223,0.3469275500108573,1.0001416
11224,0.3476091577729079,1.0007568
11225,0.34897237393180447,1.0008581
11226,0.3496539816938551,1.0002818
11227,0.35033558977330337,0.9985937
11228,0.35169880561480227,0.9996027
11229,0.3523804136942523,1.0000746
11230,0.3537436295357512,1.0003136
11231,0.3544252376151995,1.0004064
11232,0.3551068456946478,0.9994275
11233,0.3564700615361467,0.9985024
11234,0.35715166961559497,0.9986247
11235,0.35851488545709564,0.9998677
11236,0.3591964932191445,0.9993634
11237,0.35987810129859454,1.0000916
11238,0.36124131714009344,0.999469
11239,0.3619229252195417,1.000431
11240,0.36260453329899,0.99949
11241,0.3639677491404889,1.0001247
11242,0.36464935721993896,1.0009261
11243,0.36601257306143786,1.0012382
11244,0.36669418114088614,1.0012963
11245,0.36737578890293676,0.9998657
11246,0.3687390050618333,1.0010116
11247,0.36942061282388394,1.0001921
11248,0.37078382866538284,1.0001042
11249,0.3714654367448329,0.9999786
11250,0.3721470448242812,1.0001371
11251,0.3735102606657801,0.9999894
11252,0.37419186874522836,1.0002081
11253,0.37555508458672726,1.0002487
11254,0.37623669266617554,0.9995479
11255,0.37691830042822616,1.00006
11256,0.3782815165871245,0.9995954
11257,0.3789631243491751,0.9987693
11258,0.3796447324286234,0.9999039
11259,0.3810079482701223,0.9994661
11260,0.3816895563495706,0.9998379
11261,0.3830527721910695,1.0008531
11262,0.38373438027051954,0.9986282
11263,0.3844159880325684,1.0000575
11264,0.3857792041914667,1.0002662
11265,0.38646081195351734,0.9997695
11266,0.3878240281124139,0.9996552
11267,0.3885056358744645,1.0001339
11268,0.3891872439539128,0.9998916
11269,0.3905504597954135,1.0003643
11270,0.39123206787486176,0.9998937
11271,0.39259528371636065,1.0008281
11272,0.39327689179580894,1.0008919
11273,0.39395849955785955,0.9999026
11274,0.3953217157167579,0.9994404
11275,0.39600332347880673,0.9998602
11276,0.3966849315582568,0.9994709
11277,0.3980481473997557,0.9998469
11278,0.398729755479204,1.0000465
11279,0.4000929713207029,0.9991318
11280,0.40077457940015115,0.9997919
11281,0.4014561874796012,1.0003392
11282,0.4028194033211001,0.9996188
11283,0.4035010114005484,0.999577
11284,0.4048642272420473,0.9998838
11285,0.4055458353214956,0.9998133
11286,0.4062274430835462,0.9999091
11287,0.4075906589250451,0.9999148
11288,0.40827226700449337,0.9992572
11289,0.40963548284599405,0.9998753
11290,0.41031709092544233,0.9994674
11291,0.4109986990048906,0.9998795
11292,0.4123619148463895,0.9996979
11293,0.4130435229258378,1.001024
11294,0.4137251306878884,0.9998624
11295,0.41508834684678675,0.9997994
11296,0.41576995460883737,0.9990465
11297,0.41713317076773393,0.999174
11298,0.41781477852978455,0.999649
11299,0.41849638660923283,0.9995328
11300,0.41985960245073173,1.0003563
11301,0.4205412105301818,0.999624
11302,0.4219044263716807,0.9997685
11303,0.42258603445112897,0.9992371
11304,0.4232676422131796,1.0000111
11305,0.42463085837207615,1.0004545
11306,0.42531246613412677,1.0001444
11307,0.42599407421357505,0.9991708
11308,0.42735729005507395,0.9993699
11309,0.428038898134524,0.9998147
11310,0.4294021139760229,0.9987379
11311,0.4300837220554712,1.0000205
11312,0.4307653298175218,1.0002089
11313,0.43212854597641837,1.0015798
11314,0.432810153738469,0.9990479
11315,0.4341733698973673,1.0003306
11316,0.43485497765941794,1.0005066
11317,0.4355365857388662,1.0003413
11318,0.4368998015803651,0.9995101
11319,0.4375814096598134,1.0007982
11320,0.4389446255013123,0.9994603
11321,0.43962623358076236,0.9992713
11322,0.44030784166021064,0.9998556
11323,0.44167105750170954,1.0014366
11324,0.4423526655811578,1.0001912
11325,0.44303427334320844,0.9994754
11326,0.44439748918470734,0.999944
11327,0.4450790972641556,0.9997066
11328,0.4464423131056563,0.9998125
11329,0.4471239211851046,0.9995426
11330,0.44780552926455286,1.0008335
11331,0.44916874510605176,1.0003176
11332,0.44985035318550004,1.0004222
11333,0.45121356902699894,0.9990889
11334,0.451895177106449,1.000035
11335,0.4525767848684996,1.0002905
11336,0.4539400010273962,0.9998013
11337,0.4546216087894468,1.0007061
11338,0.4559848246309457,1.0002624
11339,0.456666432710394,0.99888
11340,0.45734804078984403,0.9993746
11341,0.45871125663134293,0.9987122
11342,0.4593928647107912,1.0003596
11343,0.46007447247284183,1.0002033
11344,0.4614376886317384,0.9985758
11345,0.462119296393789,1.0003602
11346,0.46348251255268735,0.9999925
11347,0.4641641203147362,0.9999849
11348,0.46484572839418625,0.9993645
11349,0.46620894423568515,0.9991168
11350,0.46689055231513343,0.9986951
11351,0.46825376815663233,1.0010003
11352,0.4689353762360806,1.0000503
11353,0.46961698399813123,1.0000143
11354,0.47098020015702957,1.000828
11355,0.4716618079190802,1.0000066
11356,0.47302502407797675,0.9998083
11357,0.47370663184002737,0.9991853
11358,0.47438823991947565,1.0002139
11359,0.47575145576097455,0.9995234
11360,0.4764330638404246,1.0006537
11361,0.4771146719198729,0.9996068
11362,0.4784778877613718,0.9997578
11363,0.4791594955234224,1.001507
11364,0.48052271168231897,1.0000122
11365,0.4812043194443696,0.9982951
11366,0.48188592752381787,0.9999553
11367,0.48324914336531677,1.0002384
11368,0.4839307514447668,0.9999578
11369,0.4852939672862657,1.0000289
11370,0.485975575365714,1.0005908
11371,0.4866571834451623,1.0001154
11372,0.4880203992866612,0.9996831
11373,0.48870200736611125,0.9994737
11374,0.49006522320761015,0.9997232
11375,0.4907468312870584,1.0018305
11376,0.49142843904910904,1.0004615
11377,0.4934732629700562,1.00009
11378,0.4941548710495063,0.9994148
11379,0.4955180868910052,1.0006674
11380,0.49619969497045346,0.9999737
11381,0.49756291081195236,1.0001318
11382,0.49824451889140065,0.9991918
11383,0.49892612665345126,0.9996476
11384,-0.4997106571876504,1.0008969
11385,-0.49902904942560156,1.0012874
11386,-0.4976658332667032,1.0001631
11387,-0.4969842255046526,1.0001252
11388,-0.4963026174252043,0.9999304
11389,-0.4949394015837054,1.0000145
11390,-0.49425779350425714,1.0001119
11391,-0.49289457766275824,0.9996913
11392,-0.4922129695833082,0.9995895
11393,-0.49153136182125756,0.999926
11394,-0.490168145662361,0.9988755
11395,-0.4894865379003104,0.9994057
11396,-0.4888049298208621,1.00062
11397,-0.4874417139793632,0.9995171
11398,-0.48676010589991314,1.000078
11399,-0.48539689005841424,0.9997942
11400,-0.48471528197896596,0.9995257
11401,-0.48403367421691534,1.0004349
11402,-0.4826704580580188,1.0001972
11403,-0.48198885029596816,1.0001354
11404,-0.4806256341370698,1.0001018
11405,-0.479944026375021,1.0006459
11406,-0.4792624182955709,1.0001713
11407,-0.477899202454072,0.9996858
11408,-0.47721759437462374,0.9995147
11409,-0.47585437853312484,1.0000176
11410,-0.47517277045367656,1.0004992
11411,-0.4744911623742265,1.0000122
11412,-0.4731279465327276,1.0001534
11413,-0.4724463384532793,0.9995891
11414,-0.4717647306912287,1.0000056
11415,-0.4704015148497298,1.0003858
11416,-0.4697199067702815,1.0001218
11417,-0.4683566909287826,1.000064
11418,-0.46767508284933257,1.0005321
11419,-0.4669934747698843,0.9993353
11420,-0.4656302589283854,1.0005723
11421,-0.4649486508489371,0.9994343
11422,-0.4635854350074382,1.0003825
11423,-0.46290382692798815,1.000094
11424,-0.4622222191659393,1.0005212
11425,-0.46085900300704097,0.999819
11426,-0.46017739524499035,0.9992222
11427,-0.45881417940349145,1.0004616
11428,-0.45813257132404317,1.0003948
11429,-0.4574509632445949,1.0009549
11430,-0.456087747403096,0.9996552
11431,-0.45540613932364593,1.0002552
11432,-0.4547245315615971,0.9996533
11433,-0.45336131540269875,1.0008893
11434,-0.45267970764064813,0.9996552
11435,-0.45131649148175157,0.9994196
11436,-0.45063488371970095,0.9992188
11437,-0.44995327564025267,0.9989673
11438,-0.448590059798752,0.9998752
11439,-0.4479084517193037,0.9998846
11440,-0.4465452358778048,1.0007491
11441,-0.44586362779835653,1.0003453
11442,-0.4451820200363059,1.0004261
11443,-0.4438188038774076,0.9997351
11444,-0.44313719611535873,0.9999738
11445,-0.4417739799564604,0.9996858
11446,-0.4410923721944098,0.9999772
11447,-0.4404107641149615,1.0004408
11448,-0.4390475482734626,1.0001036
11449,-0.4383659401940143,1.0003062
11450,-0.43768433211456426,0.9995166
11451,-0.43632111627306536,0.9996242
11452,-0.43563950851101474,0.9997999
11453,-0.4342762923521182,0.998893
11454,-0.43359468459006756,1.0008174
11455,-0.4329130765106193,0.9999468
11456,-0.4315498606691204,1.0001854
11457,-0.4308682525896721,0.998915
11458,-0.4295050367481714,1.0005622
11459,-0.42882342866872314,1.0002702
11460,-0.42814182058927486,0.9998713
11461,-0.42677860474777596,0.9994738
11462,-0.4260969966683277,0.9996471
11463,-0.424733780826827,0.9988006
11464,-0.4240521727473787,0.9999353
11465,-0.4233705649853281,1.0003793
11466,-0.4220073491438292,0.9995443
11467,-0.4213257410643809,1.0000206
11468,-0.42064413298493264,0.9992286
11469,-0.41928091714343374,0.9997528
11470,-0.4185993090639837,0.9999533
11471,-0.4172360932224848,0.9996386
11472,-0.4165544851430365,1.0003058
11473,-0.4158728773809859,0.9994031
11474,-0.4145096612220893,0.9984818
11475,-0.4138280534600387,0.9995405
11476,-0.41246483730114036,1.0005127
11477,-0.41178322953908975,0.9989742
11478,-0.41110162145964146,0.99962
11479,-0.40973840561814256,0.9993775
11480,-0.4090567975386943,0.9998221
11481,-0.4076935816971954,1.0001431
11482,-0.4070119736177471,1.0000973
11483,-0.4063303658556965,1.0002734
11484,-0.40496714969679815,0.9999359
11485,-0.4042855419347475,0.9996976
11486,-0.40360393385529925,1.0005849
11487,-0.40224071801380035,1.0004909
11488,-0.40155910993435207,0.9998213
11489,-0.40019589409285317,0.9995843
11490,-0.3995142860134031,0.9990803
11491,-0.39883267825135427,0.9995589
11492,-0.3974694620924559,0.9992255
11493,-0.3967878543304053,0.9997598
11494,-0.39542463817150875,0.9991399
11495,-0.39474303040945813,0.9997108
11496,-0.39406142233000985,1.0004959
11497,-0.39269820648850917,0.9991532
11498,-0.3920165984090609,1.0003514
11499,-0.390653382567562,0.9980375
11500,-0.3899717744881137,1.0014469
11501,-0.38929016640866543,1.0002135
11502,-0.38792695056716475,0.9996658
11503,-0.38724534248771647,0.9987706
11504,-0.38656373472566585,0.9998201
11505,-0.38520051888416695,0.9989301
11506,-0.38451891080471867,1.0000382
11507,-0.3831556949632198,0.9996688
11508,-0.3824740868837715,0.9996039
11509,-0.38179247880432143,1.0000827
11510,-0.38042926296282253,1.0009163
11511,-0.37974765488337425,1.0006711
11512,-0.37838443904187535,0.9999828
11513,-0.37770283096242707,0.998302
11514,-0.37702122320037645,1.0004461
11515,-0.3756580070414781,0.9998618
11516,-0.3749763992794293,1.0005477
11517,-0.3736131834379286,0.9988228
11518,-0.3729315753584803,0.9996028
11519,-0.37224996727903203,1.0004306
11520,-0.37088675143753314,0.9984855
11521,-0.37020514335808485,0.9993225
11522,-0.36952353559603424,0.9999325
11523,-0.3681603194371359,0.9996777
11524,-0.3674787116750853,0.9980672
11525,-0.3661154955161887,1.0002069
11526,-0.3654338877541381,1.0004313
11527,-0.3647522796746898,0.9996627
11528,-0.3633890638331909,0.9999404
11529,-0.36270745575374086,0.9999029
11530,-0.36134423991224196,1.0004962
11531,-0.3606626318327937,0.9998679
11532,-0.35998102407074306,1.0003301
11533,-0.3586178079118465,1.0006898
11534,-0.3579362001497959,1.0007284
11535,-0.35657298399089754,1.0005054
11536,-0.3558913762288487,0.9990147
11537,-0.35520976814939864,0.9997387
11538,-0.35384655230789974,0.9996908
11539,-0.35316494422845146,1.0005251
11540,-0.3524833361490032,1.0006902
11541,-0.3511201203075043,1.0011673
11542,-0.35043851254545366,1.0005252
11543,-0.3490752963865553,0.9996706
11544,-0.3483936886245047,1.0004489
11545,-0.3477120805450564,0.9989628
11546,-0.3463488647035575,1.0015687
11547,-0.34566725662410924,1.0005445
11548,-0.34430404078261034,1.0009928
11549,-0.3436224327031603,0.9993638
11550,-0.342940824623712,0.9998011
11551,-0.3415776087822131,0.999515
11552,-0.3408960007027648,1.0000695
11553,-0.3395327848612659,1.0009073
11554,-0.33885117678181587,1.000843
11555,-0.338169569019767,1.0008111
11556,-0.33680635317826635,0.9996082
11557,-0.33612474509881807,0.9992043
11558,-0.3354431370193698,1.0005317
11559,-0.3340799211778709,1.000124
11560,-0.3333983130984226,1.0017224
11561,-0.3320350972569237,1.0000216
11562,-0.33135348917747365,1.0004158
11563,-0.33067188141542303,1.0006157
11564,-0.32930866525652647,1.000009
11565,-0.32862705749447585,1.0000871
11566,-0.3272638413355793,0.9997338
11567,-0.32658223357352867,0.9993124
11568,-0.3259006254940786,1.0010148
11569,-0.3245374096525797,1.0005317
11570,-0.32385580157313143,0.9996045
11571,-0.32249258573163253,1.0005967
11572,-0.32181097765218425,0.9996945
11573,-0.32112936989013363,0.9996212
11574,-0.3197661537312353,0.999987
11575,-0.31908454596918645,0.9998962
11576,-0.3184029378897364,1.0004019
11577,-0.3170397220482375,0.9983909
11578,-0.3163581139687892,1.0002342
11579,-0.3149948981272903,1.0001295
11580,-0.31431329004784203,1.0001828
11581,-0.3136316822857914,1.0006323
11582,-0.3122684661268931,1.0000354
11583,-0.31158685836484246,0.9989663
11584,-0.3102236422059459,0.9995946
11585,-0.3095420344438953,0.9993667
11586,-0.308860426364447,0.9997276
11587,-0.3074972105229481,1.000146
11588,-0.30681560244349804,0.9998543
11589,-0.30545238660199914,0.9995258
11590,-0.30477077852255086,0.9998983
11591,-0.3040891704431026,0.9993453
11592,-0.3027259546016037,0.9986474
11593,-0.3020443465221536,1.0019049
11594,-0.3013627387601048,1.0005859
11595,-0.2999995229186059,0.9997106
11596,-0.2993179148391558,1.0001492
11597,-0.2979546989976569,1.0005964
11598,-0.29727309091820864,1.0001515
11599,-0.29659148283876036,1.0001053
11600,-0.29522826699726146,1.0003894
11601,-0.2945466589178114,1.0009175
11602,-0.2931834430763125,0.9994172
11603,-0.2925018349968642,1.000309
11604,-0.2918202272348136,0.9998036
11605,-0.29045701107591704,0.9993075
11606,-0.2897754033138664,1.0005723
11607,-0.2884121874723675,1.0008407
11608,-0.28773057939291746,1.0000787
11609,-0.2870489713134692,0.9986143
11610,-0.2856857554719703,0.9996372
11611,-0.285004147392522,1.0008056
11612,-0.2843225396304714,1.0000604
11613,-0.28295932347157304,1.0003919
11614,-0.2822777157095242,0.9994294
11615,-0.28091449955062586,0.9993251
11616,-0.28023289178857524,1.0003883
11617,-0.27955128370912696,0.9994088
11618,-0.27818806786762806,1.0004283
11619,-0.2775064597881798,0.9993756
11620,-0.2761432439466809,1.000531
11621,-0.2754616358672308,0.9994328
11622,-0.2747800281051802,1.0007375
11623,-0.27341681194628364,1.0008932
11624,-0.272735204184233,0.999337
11625,-0.27137198802533646,1.0000266
11626,-0.27069038026328585,1.0004845
11627,-0.2700087721838358,1.0003671
11628,-0.2686455563423369,0.9998828
11629,-0.2679639482628886,1.0004936
11630,-0.2672823401834403,1.0002807
11631,-0.2659191243419414,0.9998321
11632,-0.2652375165798908,1.0004572
11633,-0.26387430042099247,1.0012604
11634,-0.2631926926589436,0.9987652
11635,-0.26251108457949357,0.9997437
11636,-0.26114786873799467,1.0001951
11637,-0.2604662606585464,1.0001626
11638,-0.2591030448170475,0.9996085
11639,-0.2584214367375992,0.9992848
11640,-0.25773982865814915,0.9995011
11641,-0.25637661281665025,0.9998578
11642,-0.25569500473720197,1.0008176
11643,-0.25433178889570307,0.9992868
11644,-0.2536501808162548,0.9997247
11645,-0.25296857305420417,1.0004256
11646,-0.25160535721270527,0.9997671
11647,-0.2509237491332552,0.9995619
11648,-0.25024214105380693,0.9995407
11649,-0.24887892521230803,1.000224
11650,-0.24819731713285975,0.9997371
11651,-0.24683410129136085,0.9993186
11652,-0.2461524932119108,0.9996507
11653,-0.24547088544986195,0.9988518
11654,-0.2441076692909636,0.9996301
11655,-0.243426061528913,0.9994265
11656,-0.24206284537001643,1.0000082
11657,-0.24138123760796582,1.0001481
11658,-0.24069962952851753,0.9999024
11659,-0.23933641368701863,0.999386
11660,-0.23865480560756858,0.9999915
11661,-0.23729158976606968,0.9994311
11662,-0.2366099816866214,0.9996551
11663,-0.23592837392457078,1.0012573
11664,-0.23456515776567421,0.9996696
11665,-0.2338835500036236,1.0008563
11666,-0.23320194192417532,1.0004195
11667,-0.23183872608267464,1.0008939
11668,-0.23115711800322636,1.0000434
11669,-0.22979390216172746,0.9992671
11670,-0.22911229408227918,1.0001985
11671,-0.22843068632022856,0.9994968
11672,-0.22706747016133022,1.0001739
11673,-0.22638586239928138,0.9998731
11674,-0.22502264624038304,1.0002366
11675,-0.22434103847833242,1.0006399
11676,-0.22365943039888414,1.0006004
11677,-0.22229621455738524,0.999108
11678,-0.22161460647793696,0.9990865
11679,-0.22025139063643806,0.9999837
11680,-0.219569782556988,1.0004722
11681,-0.21888817447753972,0.9999412
11682,-0.21752495863604082,0.9992847
11683,-0.21684335055659254,0.9996734
11684,-0.21616174279454192,1.0002673
11685,-0.21479852695304302,1.000107
11686,-0.21411691887359474,0.9995274
11687,-0.21275370303209407,0.9991981
11688,-0.21207209495264578,1.0004568
11689,-0.2113904868731975,0.9994493
11690,-0.2100272710316986,1.0008695
11691,-0.20934566295225032,0.9989538
11692,-0.20798244711074965,0.9993422
11693,-0.20730083903130136,1.0003614
11694,-0.20661923126925075,1.0001514
11695,-0.20525601511035418,0.9995317
11696,-0.20457440734830357,0.9996412
11697,-0.20321119150680467,0.9995984
11698,-0.20252958342735639,1.0005319
11699,-0.20184797534790633,1.0000658
11700,-0.20048475950640743,1.0006935
11701,-0.19980315142695915,0.9999135
11702,-0.19912154366490853,1.0004294
11703,-0.19775832750601197,0.998652
11704,-0.19707671974396135,1.0000732
11705,-0.195713503585063,1.0000385
11706,-0.19503189582301417,1.0004018
11707,-0.1943502877435641,0.9990993
11708,-0.1929870719020652,0.9998703
11709,-0.19230546382261693,1.0000252
11710,-0.19094224798111803,1.0010748
11711,-0.19026063990166975,0.9995977
11712,-0.18957903213961913,0.9991019
11713,-0.1882158159807208,1.0008489
11714,-0.18753420821867017,1.0006451
11715,-0.1861709920597736,0.9994095
11716,-0.185489384297723,0.9992529
11717,-0.1848077762182747,1.001356
11718,-0.1834445603767758,0.9994929
11719,-0.18276295229732575,1.0002442
11720,-0.18208134421787747,0.9997543
11721,-0.18071812837637857,0.9995783
11722,-0.18003652061432796,1.0000662
11723,-0.1786733044554314,0.9999896
11724,-0.17799169669338077,0.9996224
11725,-0.1773100886139325,0.9998312
11726,-0.17594687277243182,1.0001541
11727,-0.17526526469298354,1.0003416
11728,-0.17390204885148464,0.9998567
11729,-0.17322044077203635,0.9997074
11730,-0.17253883269258807,1.0014955
11731,-0.17117561685108917,0.9996872
11732,-0.17049400877163912,1.0006232
11733,-0.16913079293014022,1.0002221
11734,-0.16844918485069194,0.9994811
11735,-0.16776757708864132,1.0016275
11736,-0.16640436124714242,0.9994644
11737,-0.16572275316769414,1.0000741
11738,-0.16504114508824408,0.9996321
11739,-0.16367792924674518,0.9999533
11740,-0.1629963211672969,1.0005496
11741,-0.161633105325798,0.9994078
11742,-0.16095149724634972,1.001582
11743,-0.1602698894842991,0.999055
11744,-0.15890667332540076,0.9998615
11745,-0.15822506556335192,1.0011772
11746,-0.15686184940445358,0.9995839
11747,-0.15618024164240296,0.9996336
11748,-0.15549863356295468,0.9993131
11749,-0.15413541772145578,0.9996829
11750,-0.1534538096420075,0.9993092
11751,-0.15209059380050682,0.9995004
11752,-0.15140898572105854,1.0001401
11753,-0.15072737795900792,0.9998914
11754,-0.14936416180011136,1.0002206
11755,-0.14868255403806074,0.9994745
11756,-0.14800094595861246,1.0008874
11757,-0.14663773011711356,1.0002479
11758,-0.1459561220376635,0.998792
11759,-0.1445929061961646,1.0000905
11760,-0.14391129811671632,1.0003373
11761,-0.1432296903546657,0.9999735
11762,-0.14186647419576914,1.0003278
11763,-0.14118486643371853,0.9994166
11764,-0.1398216502748202,0.9989639
11765,-0.13914004251277134,0.9993675
11766,-0.1384584344333213,0.9991741
11767,-0.1370952185918224,1.001234
11768,-0.1364136105123741,0.9999425
11769,-0.1350503946708752,1.0008519
11770,-0.13436878659142693,0.998462
11771,-0.13368717851197687,1.0009088
11772,-0.13232396267047797,1.0003755
11773,-0.1316423545910297,0.9994238
11774,-0.13096074682897907,1.0002363
11775,-0.12959753098748017,0.9991851
11776,-0.1289159229080319,1.0001324
11777,-0.127552707066533,0.99997
11778,-0.12687109898708293,1.0015696
11779,-0.12618949090763465,1.0000671
11780,-0.12482627506613575,0.9999014
11781,-0.12414466698668747,1.0002872
11782,-0.12278145114518857,0.9990357
11783,-0.12209984306573851,1.0004623
11784,-0.12141823530368967,0.9994555
11785,-0.12005501914479133,0.9999027
11786,-0.11937341138274071,1.0011621
11787,-0.11801019554124181,0.9991943
11788,-0.11732858746179353,0.999677
11789,-0.11664697938234525,1.0006027
11790,-0.11528376354084635,1.0002657
11791,-0.1146021554613963,0.999185
11792,-0.11392054769934568,0.9991048
11793,-0.11255733154044911,1.0000304
11794,-0.1118757237783985,1.0002007
11795,-0.11051250761950193,0.9993552
11796,-0.10983089985745131,1.0001381
11797,-0.10914929177800126,1.000331
11798,-0.10778607593650236,0.9996011
11799,-0.10710446785705408,0.9993782
11800,-0.10574125201555518,1.0008715
11801,-0.1050596439361069,1.0004688
11802,-0.10437803617405628,0.9992111
11803,-0.10301482001515794,1.0010956
11804,-0.1023332122531091,0.9995735
11805,-0.10096999609421076,1.0007932
11806,-0.10028838833216014,1.0004242
11807,-0.09960678025271186,1.0001826
11808,-0.09824356441121296,0.9992137
11809,-0.09756195633176468,0.999094
11810,-0.09688034825231462,1.0003265
11811,-0.09551713241081572,0.9993168
11812,-0.0948355246487651,0.999754
11813,-0.09347230848986854,0.9996822
11814,-0.09279070072781792,1.0002979
11815,-0.09210909264836964,1.0005529
11816,-0.09074587680687074,1.0010518
11817,-0.09006426872742068,1.0001793
11818,-0.08870105288592178,0.9998262
11819,-0.0880194448064735,1.0004437
11820,-0.08733783672702522,1.0001486
11821,-0.08597462088552632,1.0000843
11822,-0.08529301280607626,1.0009801
11823,-0.08392979696457736,1.0007765
11824,-0.08324818888512908,0.9995648
11825,-0.08256658112307846,1.0007856
11826,-0.08120336528157956,1.000646
11827,-0.08052175720213128,0.9991814
11828,-0.079840149122683,0.9998063
11829,-0.0784769332811841,0.999482
11830,-0.07779532520173404,0.9993318
11831,-0.07643210936023515,1.0000385
11832,-0.07575050128078686,1.0001746
11833,-0.07506889351873625,1.0004727
11834,-0.07370567735983968,0.9993069
11835,-0.07302406959778907,0.9994322
11836,-0.07166085343889073,0.9994298
11837,-0.07097924567684011,1.0004187
11838,-0.07029763759739183,0.9999038
11839,-0.06893442175589293,0.9990426
11840,-0.06825281367644465,0.9994359
11841,-0.06688959783494575,0.9998967
11842,-0.06620798975549569,0.9998609
11843,-0.06552638199344685,1.0002051
11844,-0.06416316583454851,0.9999481
11845,-0.06348155807249789,1.0004229
11846,-0.06279994999304961,1.0001067
11847,-0.06143673415155071,1.0010212
11848,-0.06075512607210243,1.0004348
11849,-0.05939191023060353,0.9999753
11850,-0.05871030215115347,0.9998937
11851,-0.05802869438910285,0.9998943
11852,-0.05666547823020629,1.0010616
11853,-0.05598387046815567,0.9999075
11854,-0.05462065430925911,0.99984
11855,-0.05393904654720849,0.9997609
11856,-0.05325743846776021,0.9990018
11857,-0.051894222626259534,0.9999624
11858,-0.05121261454681125,0.9994444
11859,-0.04984939870531235,0.9995033
11860,-0.04916779062586407,1.0005103
11861,-0.04848618254641579,0.9996812
11862,-0.047122966704915115,0.9997321
11863,-0.04644135862546683,1.0003744
11864,-0.045759750863416215,0.999811
11865,-0.044396535021917316,1.0007774
11866,-0.043714926942469035,0.9997193
11867,-0.042351711100970135,0.9995808
11868,-0.041670103021521854,0.9998978
11869,-0.040988494942071796,0.999624
11870,-0.0396252791005729,0.9990977
11871,-0.038943671021124615,1.0001174
11872,-0.037580455179625716,0.998966
11873,-0.036898847100177434,1.0001851
11874,-0.036217239338126817,0.9999168
11875,-0.03485402317922848,1.0011117
11876,-0.03417241541717786,1.0006164
11877,-0.03280919957567896,1.0002728
11878,-0.03212759149623068,1.0020516
11879,-0.030082767575283498,0.9991772
11880,-0.029401159495835216,1.0004682
11881,-0.0287195517337846,1.0002896
11882,-0.02735633557488626,1.0001286
11883,-0.02667472781283564,1.0001386
11884,-0.02531151165393908,0.9999302
11885,-0.02462990389188846,0.9987787
11886,-0.02394829581244018,0.9995613
11887,-0.02258507997094128,1.0006696
11888,-0.021903471891491222,0.9999796
11889,-0.020540256049992323,1.0001091
11890,-0.01985864797054404,0.9999382
11891,-0.019177040208493423,1.000411
11892,-0.01781382404959686,0.9995248
11893,-0.017132216287546242,0.9997962
11894,-0.015769000128647903,1.0003738
11895,-0.015087392366597285,0.9990213
11896,-0.014405784287149004,1.0002166
11897,-0.013042568445650105,0.9986232
11898,-0.012360960366201823,0.999089
11899,-0.011679352286753542,0.9992746
11900,-0.010316136445252866,0.9988978
11901,-0.009634528683204024,0.9985017
11902,-0.008271312524305685,0.9987986
11903,-0.007589704762255067,0.9975555
11904,-0.006908096682806786,0.9991481
11905,-0.0055448808413078865,0.998213
11906,-0.004863272761859605,0.9979409
11907,-0.0035000569203607057,0.9981812
11908,-0.002818448840910648,0.9984361
11909,-0.0021368407614623663,0.998422
11910,-0.000773624919963467,0.9986701
11911,-9.201684051518555e-05,0.9978949
11912,0.0012711990009837137,0.9982863
11913,0.0019528070804337716,0.998309
11914,0.002634414842482613,0.9974052
11915,0.003997630683983289,0.9981869
11916,0.00467923876343157,0.9987164
11917,0.005360846842879852,0.9976178
11918,0.006724062684378751,0.9984413
11919,0.0074056707638270325,0.9981025
11920,0.008768886605327708,0.9979886
11921,0.00945049468477599,0.9982773
11922,0.010132102446826607,0.9984744
11923,0.01149531860572317,0.9982551
11924,0.012176926367773788,0.9995623
11925,0.013540142526672128,0.9983597
11926,0.014221750288720969,0.9995598
11927,0.014903358368171027,0.9996362
11928,0.016266574209669926,1.0002855
11929,0.016948182289118208,1.0002362
11930,0.018311398130617107,0.9998434
11931,0.01899300621006539,0.9998897
11932,0.019674613972116006,0.9995038
11933,0.021037830131014346,1.0004064
11934,0.021719437893063187,1.0001263
11935,0.022401045972513245,1.0006596
11936,0.023764261814012144,0.9996709
11937,0.024445869893460426,0.9996379
11938,0.025809085734959325,0.999179
11939,0.026490693814407607,0.999591
11940,0.027172301576458224,0.9994531
11941,0.028535517735356564,1.00034
11942,0.02921712549740718,0.999475
11943,0.030580341656303744,1.0000422
11944,0.03126194941835436,1.0001537
11945,0.031943557497802644,1.000735
11946,0.03330677333930154,1.0000308
11947,0.0339883814187516,1.0000367
11948,0.0353515972602505,0.9993234
11949,0.03603320533969878,0.9997514
11950,0.03671481341914706,0.9995825
11951,0.03807802926064596,0.9991963
11952,0.03875963734009602,0.9994994
11953,0.03944124510214486,1.0005704
11954,0.04080446094364554,1.0001356
11955,0.04148606902309382,1.0003064
11956,0.04284928486459272,0.9996355
11957,0.043530892944041,0.9997388
11958,0.04421250102348928,0.9994932
11959,0.04557571686498818,1.0003121
11960,0.04625732494443824,1.0003813
11961,0.04762054078593714,0.9999249
11962,0.04830214886538542,1.0010057
11963,0.04898375662743604,0.9984275
11964,0.0503469727863326,1.0000315
11965,0.05102858054838322,0.9993928
11966,0.05239179638988212,0.9996069
11967,0.053073404469332175,1.0002217
11968,0.053755012548780456,1.0003724
11969,0.055118228390279356,0.9984797
11970,0.05579983646972764,1.0012419
11971,0.056481444231778255,0.9995673
11972,0.057844660390676594,0.9993036
11973,0.058526268152725436,0.9998028
11974,0.059889484311623775,1.0003731
11975,0.06057109207367439,1.0001501
11976,0.061252700153122674,1.0005776
11977,0.06261591599462157,1.0010671
11978,0.06329752407406986,1.0014406
11979,0.06466073991557053,1.0000963
11980,0.06534234799501881,0.9994948
11981,0.06602395575706943,0.9995672
11982,0.067387171915966,1.0002784
11983,0.06806877967801661,0.999287
11984,0.06943199583691317,0.9995671
11985,0.07011360359896379,1.000774
11986,0.07079521167841385,0.9992895
11987,0.07215842751991275,1.0008529
11988,0.07284003559936103,1.0003769
11989,0.07352164367880931,1.0000901
11990,0.07488485952030821,0.9999889
11991,0.07556646728235883,1.0006515
11992,0.07692968344125717,1.0004127
11993,0.07761129120330601,1.0005321
11994,0.07829289928275607,1.0003388
11995,0.07965611512425497,0.9992318
11996,0.08033772320370325,1.0000023
11997,0.08170093904520215,1.0004242
11998,0.08238254712465043,1.0005664
11999,0.08306415520410049,1.0006198
12000,0.08442737104559939,0.9990319
12001,0.08510897912504767,0.9998799
12002,0.08647219496654657,1.0000603
12003,0.08715380304599485,1.0002581
12004,0.08783541080804547,1.0003883
12005,0.08919862664954437,1.0005634
12006,0.08988023472899442,1.0003948
12007,0.0905618428084427,0.9996078
12008,0.0919250586499416,1.0005628
12009,0.09260666672938989,0.9987637
12010,0.09396988257088879,1.0014118
12011,0.09465149065033884,0.9993841
12012,0.09533309841238768,1.0004181
12013,0.09669631457128602,0.9999437
12014,0.09737792233333664,0.999851
12015,0.0987411384922332,0.9997286
12016,0.09942274625428382,1.000916
12017,0.1001043543337321,0.9995445
12018,0.101467570175231,0.9996847
12019,0.10214917825468106,1.0007063
12020,0.10351239409617996,1.0010081
12021,0.10419400217562824,0.9996892
12022,0.10487560993767886,1.0002051
12023,0.10623882609657542,0.9997602
12024,0.10692043385862604,1.0002307
12025,0.1076020419380761,0.9998601
12026,0.108965257779575,0.9993023
12027,0.10964686585902328,0.9994762
12028,0.11101008170052218,1.0003162
12029,0.11169168977997046,1.0006693
12030,0.11237329754202108,0.9992217
12031,0.11373651370091942,0.9997861
12032,0.11441812146296826,0.9995553
12033,0.1157813376218666,0.9991063
12034,0.11646294538391722,0.9992536
12035,0.1171445534633655,0.9989829
12036,0.1185077693048644,0.999129
12037,0.11918937738431268,0.9998938
12038,0.12055259322581158,1.000463
12039,0.12123420130526164,1.0001628
12040,0.12191580938470992,0.9997046
12041,0.12327902522620882,1.0003999
12042,0.1239606333056571,1.0012534
12043,0.12464224106770772,0.9996559
12044,0.12600545690920661,1.0000417
12045,0.12668706498865667,1.0006024
12046,0.12805028083015557,0.9994939
12047,0.12873188890960385,1.000854
12048,0.12941349698905213,1.0007211
12049,0.13077671283055103,1.0006142
12050,0.1314583209100011,1.0001515
12051,0.1328215367515,1.0001518
12052,0.13350314483094827,1.0000497
12053,0.1341847525929989,1.0004175
12054,0.13554796875189545,0.999831
12055,0.13622957651394607,1.0009672
12056,0.13759279235544497,1.0000578
12057,0.13827440043489325,0.9993932
12058,0.1389560085143433,0.9987747
12059,0.1403192243558422,0.9992819
12060,0.1410008324352905,0.9994703
12061,0.1416824401973411,0.9993366
12062,0.14304565635623767,1.0000777
12063,0.1437272641182883,1.0001034
12064,0.14509048027718663,1.0001757
12065,0.14577208803923725,0.998877
12066,0.14645369611868553,1.0004479
12067,0.14781691196018443,0.9998262
12068,0.1484985200396327,0.999538
12069,0.1498617358811316,0.9997198
12070,0.15054334396058167,0.9994831
12071,0.1512249517226305,1.0001975
12072,0.15258816788152885,1.0005023
12073,0.15326977564357946,0.9995359
12074,0.15463299180247603,1.0002915
12075,0.15531459956452665,0.9998639
12076,0.15599620764397493,0.9994235
12077,0.15735942348547383,0.999892
12078,0.15804103156492388,0.9998059
12079,0.15872263964437217,1.0008974
12080,0.16008585548587106,0.9996025
12081,0.16076746324792168,1.0002501
12082,0.16213067940681825,0.9995416
12083,0.16281228716886886,1.0001261
12084,0.16349389524831714,1.0002706
12085,0.16485711108981782,0.9992046
12086,0.1655387191692661,0.9997507
12087,0.166901935010765,0.9995694
12088,0.16758354309021328,0.9992366
12089,0.16826515116966156,0.9987072
12090,0.16962836701116224,0.9996835
12091,0.17030997509061052,0.9994925
12092,0.17167319093210942,1.0003838
12093,0.1723547990115577,1.0006841
12094,0.17303640677360832,0.9997616
12095,0.17439962261510722,0.9990701
12096,0.1750812306945555,1.0007086
12097,0.17576283877400556,1.0000465
12098,0.17712605461550446,1.0011337
12099,0.17780766269495274,0.9999571
12100,0.17917087853645164,1.0000277
12101,0.17985248661589992,1.0005853
12102,0.18053409437795054,0.999918
12103,0.18189731053684888,0.9992511
12104,0.1825789182988995,1.0002412
12105,0.18394213445779606,0.9991801
12106,0.18462374221984668,0.9997281
12107,0.18530535029929496,1.0007164
12108,0.18666856614079386,0.9995682
12109,0.18735017422024214,1.0002201
12110,0.18871339006174281,1.0005816
12111,0.1893949981411911,0.9993198
12112,0.1900766059032417,1.0006061
12113,0.19143982206213828,1.0003087
12114,0.1921214298241889,0.9990255
12115,0.19280303790363718,0.9998207
12116,0.19416625374513607,0.999852
12117,0.19484786182458613,1.000493
12118,0.19621107766608503,1.0006094
12119,0.1968926857455333,1.0001041
12120,0.19757429350758393,1.0002584
12121,0.1989375096664805,1.0003267
12122,0.1996191174285311,1.0004107
12123,0.20098233358742945,0.998979
12124,0.20166394134948007,1.0001424
12125,0.20234554942892835,0.9994601
12126,0.20370876527042725,1.0003848
12127,0.20439037334987553,1.0004779
12128,0.20575358919137443,0.999781
12129,0.2064351972708245,0.9989164
12130,0.20711680535027277,0.9994664
12131,0.20848002119177167,1.0008234
12132,0.20916162927121995,1.000291
12133,0.20984323703327057,0.9997197
12134,0.21120645287476947,1.0003936
12135,0.21188806095421775,1.0000645
12136,0.21325127679571665,1.0002958
12137,0.2139328848751667,0.9998929
12138,0.214614492954615,1.0005648
12139,0.2159777087961139,0.9990421
12140,0.21665931687556217,0.9999986
12141,0.21802253271706107,0.9990838
12142,0.21870414079651113,0.9990236
12143,0.21938574855855997,0.9989213
12144,0.2207489647174583,1.0001619
12145,0.22143057247950892,1.0009241
12146,0.22279378832100782,1.0002725
12147,0.2234753964004561,1.000355
12148,0.2241570044799044,0.9997759
12149,0.22552022032140506,0.9996646
12150,0.22620182840085334,0.9998724
12151,0.22688343616290396,1.0006798
12152,0.22824665232180052,0.999832
12153,0.22892826008385114,0.998952
12154,0.2302914762427477,0.9999777
12155,0.23097308400479832,1.0016155
12156,0.23165469208424838,1.0001634
12157,0.23301790792574728,0.9993882
12158,0.23369951600519556,0.9994155
12159,0.23506273184669446,0.9995892
12160,0.23574433992614274,1.0001246
12161,0.23642594768819336,0.9998386
12162,0.2377891638470917,0.9994263
12163,0.23847077160914054,1.0001802
12164,0.23983398776803888,1.0005335
12165,0.2405155955300895,0.9995538
12166,0.24119720360953778,1.000129
12167,0.24256041945103668,1.0001828
12168,0.24324202753048496,0.9999429
12169,0.24392363560993502,1.000462
12170,0.24528685145143392,1.0007199
12171,0.24596845921348454,1.0000541
12172,0.2473316753723811,1.0009338
12173,0.24801328313443172,0.9995007
12174,0.24869489121388,1.0006488
12175,0.2500581070553789,0.9999798
12176,0.25073971513482896,1.0011411
12177,0.25210293097632785,1.0004599
12178,0.25278453905577614,1.0009717
12179,0.2534661471352244,1.0006167
12180,0.2548293629767233,0.9998814
12181,0.2555109710561734,1.0004207
12182,0.2568741868976723,1.0003471
12183,0.25755579497712056,0.9996859
12184,0.2582374027391712,1.000264
12185,0.2596006185806701,1.0002111
12186,0.26028222666011835,0.9996611
12187,0.26096383473956664,1.0010942
12188,0.26232705058106554,0.9997404
12189,0.2630086586605156,1.0010436
12190,0.2643718745020145,0.9997999
12191,0.2650534825814628,0.9989478
12192,0.2657350903435134,1.0002741
12193,0.26709830650240995,0.9987723
12194,0.2677799142644606,1.0001066
12195,0.2691431304233589,0.9997207
12196,0.26982473818540953,0.9994007
12197,0.2705063462648578,0.9996637
12198,0.2718695621063567,1.0006147
12199,0.272551170185805,0.999016
12200,0.2739143860273039,1.0007789
12201,0.27459599410675395,0.9996614
12202,0.2752776018688028,1.0003
12203,0.27664081802770113,1.0003258
12204,0.27732242578975175,0.9997682
12205,0.27800403386920003,1.0000549
12206,0.27936724971069893,0.9999653
12207,0.2800488577901472,0.9997415
12208,0.2814120736316461,0.9998765
12209,0.28209368171109617,1.0001748
12210,0.2827752894731468,1.0017101
12211,0.28413850563204335,0.9990131
12212,0.28482011339409397,0.9998638
12213,0.28618332955299053,0.9999194
12214,0.28686493731504115,1.0000261
12215,0.2875465453944912,1.0006304
12216,0.2889097612359901,1.0006339
12217,0.2895913693154384,1.0000052
12218,0.2909545851569373,1.0001752
12219,0.29163619323638557,1.0008713
12220,0.2923178013158356,0.9991822
12221,0.2936810171573345,1.0003285
12222,0.2943626252367828,1.0006396
12223,0.2950442329988334,1.001262
12224,0.2964074488403323,1.0001438
12225,0.2970890569197806,0.9998464
12226,0.2984522727612795,0.9996779
12227,0.2991338808407278,0.9996786
12228,0.29981548892017784,0.9996186
12229,0.30117870476167674,0.9996085
12230,0.301860312841125,0.9997767
12231,0.3032235286826239,0.9999827
12232,0.3039051367620722,0.9991001
12233,0.3045867445241228,1.0017399
12234,0.30594996068302116,1.0005589
12235,0.3066315684450718,1.0006829
12236,0.3079947842865707,0.9990815
12237,0.30867639236601896,1.0008259
12238,0.30935800044546724,0.9987509
12239,0.31072121628696614,1.0006277
12240,0.3114028243664162,0.9995333
12241,0.31208443212846504,0.9992978
12242,0.3134476482873634,0.999741
12243,0.314129256049414,0.9999983
12244,0.31549247220831056,1.0002694
12245,0.3161740799703612,1.0004656
12246,0.31685568804980946,1.0000852
12247,0.31821890389130836,1.0000221
12248,0.3189005119707584,0.9993808
12249,0.3202637278122573,1.0003833
12250,0.3209453358917056,0.9996038
12251,0.3216269436537562,0.9992596
12252,0.3229901598126528,1.0010316
12253,0.3236717675747034,0.9996483
12254,0.32503498373360173,0.9995564
12255,0.32571659149565235,0.9999297
12256,0.32639819957510063,0.9998946
12257,0.32776141541659953,0.999611
12258,0.3284430234960478,0.9990941
12259,0.3291246315754961,1.000637
12260,0.33048784741699677,1.0004266
12261,0.3311694551790456,0.9998265
12262,0.33253267133794395,0.9991056
12263,0.33321427909999457,1.0006232
12264,0.33389588717944285,0.9997265
12265,0.33525910302094175,0.9989277
12266,0.33594071110039003,1.0004134
12267,0.33730392694188893,0.9989722
12268,0.337985535021339,0.999256
12269,0.33866714310078727,1.0008338
12270,0.34003035894228617,0.9999039
12271,0.34071196702173445,1.0000865
12272,0.34207518286323335,0.9996189
12273,0.3427567909426834,1.0001384
12274,0.343438398704734,0.9995075
12275,0.3448016145462329,1.0001965
12276,0.3454832226256812,1.000344
12277,0.3461648307051295,1.0003517
12278,0.3475280465466284,1.0003586
12279,0.34820965462607845,0.9991023
12280,0.34957287046757735,1.0001274
12281,0.3502544785470256,1.0001224
12282,0.35093608630907625,1.0000657
12283,0.3522993024679728,0.9992139
12284,0.3529809102300234,0.9996222
12285,0.35434412638892177,0.9993176
12286,0.3550257341509706,1.0001415
12287,0.35570734223042066,0.9993453
12288,0.35707055807191956,1.0003855
12289,0.35775216615136785,1.0003648
12290,0.35911538199286674,0.9994157
12291,0.359796990072315,0.9991012
12292,0.36047859783436564,1.0001024
12293,0.361841813993264,1.0009809
12294,0.3625234217553146,0.9995254
12295,0.3632050298347629,1.0009863
12296,0.3645682456762618,0.9993327
12297,0.36524985375571006,1.0000446
12298,0.36661306959720896,0.9999144
12299,0.367294677676659,1.0007443
12300,0.36797628543870786,1.0001489
12301,0.3693395015976062,1.0001141
12302,0.3700211093596568,1.000569
12303,0.3713843255185534,0.9992218
12304,0.372065933280604,0.99976
12305,0.3727475413600523,0.9996015
12306,0.3741107572015512,1.000727
12307,0.37479236528100124,0.9999911
12308,0.37615558112250014,0.9996083
12309,0.3768371892019484,1.0006979
12310,0.3775187972813967,1.0012922
12311,0.3788820131228956,0.9990749
12312,0.37956362120234566,0.9994123
12313,0.3802452289643945,0.9992998
12314,0.3816084448058952,1.0012188
12315,0.38229005288534346,0.9993508
12316,0.38365326872684236,0.9999438
12317,0.38433487680629064,0.9996836
12318,0.3850164848857389,1.0008173
12319,0.3863797007272396,1.0001363
12320,0.3870613088066879,0.9992461
12321,0.3884245246481868,1.0002012
12322,0.38910613272763506,0.9998585
12323,0.3897877404896857,1.0003441
12324,0.391150956648584,1.0003218
12325,0.39183256441063286,0.9989478
12326,0.39319578025213175,1.0000309
12327,0.3938773883315818,1.000118
12328,0.3945589964110301,0.9994326
12329,0.395922212252529,1.0003846
12330,0.3966038203319773,0.9999457
12331,0.3972854280940279,0.9990986
12332,0.39864864425292623,0.9987497
12333,0.3993302520149751,0.9990087
12334,0.4006934681738734,1.000983
12335,0.40137507593592403,1.001205
12336,0.4020566840153723,1.0011965
12337,0.4034198998568712,1.0002827
12338,0.4041015079363195,0.9993381
12339,0.40546472377782017,0.9989189
12340,0.40614633185726845,1.0001782
12341,0.40682793961931907,0.999845
12342,0.40819115577821563,1.0000589
12343,0.40887276354026625,1.0003217
12344,0.4102359796991646,1.0002977
12345,0.41091758746121343,1.0001269
12346,0.4115991955406635,1.0001108
12347,0.4129624113821624,1.0004641
12348,0.41364401946161067,1.0003334
12349,0.41432562754105895,0.9999389
12350,0.41568884338255785,1.0007731
12351,0.41637045114460847,1.0000749
12352,0.4177336673035068,0.999697
12353,0.4184152750655574,0.9995854
12354,0.4190968831450057,0.9988407
12355,0.4204600989865046,0.9997217
12356,0.4211417070659529,0.9990559
12357,0.4225049229074518,0.999908
12358,0.42318653098690007,1.0009696
12359,0.4238681390663501,0.9996552
12360,0.425231354907849,0.9997622
12361,0.4259129629872973,0.9991098
12362,0.4272761788287962,0.9997466
12363,0.4279577869082445,0.9994766
12364,0.4286393946702951,1.0000146
12365,0.430002610511794,0.9991014
12366,0.43068421859124406,0.9999273
12367,0.43136582667069234,0.9998149
12368,0.43272904251219124,0.9996278
12369,0.4334106505916395,0.9997777
12370,0.4347738664331384,0.9996662
12371,0.4354554745125885,0.9998534
12372,0.4361370822746373,0.9991492
12373,0.43750029843353566,1.0002026
12374,0.4381819061955863,0.9997235
12375,0.43954512235448284,1.000558
12376,0.44022673011653346,1.00021
12377,0.44090833819598174,0.9997189
12378,0.4422715540374824,0.9999366
12379,0.4429531621169307,0.9994672
12380,0.4443163779584296,0.9993091
12381,0.4449979860378779,0.9997929
12382,0.4456795937999285,0.9999748
12383,0.44704280995882506,1.0000244
12384,0.4477244177208757,1.0008257
12385,0.44840602580032574,1.0002966
12386,0.44976924164182464,1.000308
12387,0.4504508497212729,0.9999179
12388,0.4518140655627718,0.9993953
12389,0.4524956736422201,0.9998083
12390,0.4531772814042707,1.0006308
12391,0.45454049756316905,0.9997413
12392,0.4552221053252179,0.9999495
12393,0.45658532148411624,1.0007319
12394,0.45726692924616685,0.9997254
12395,0.45794853732561513,1.0011668
12396,0.45931175316711403,0.9995811
12397,0.4599933612465623,0.9991875
12398,0.461356577088063,1.0004445
12399,0.4620381851675113,0.9996288
12400,0.46271979324695955,0.9991596
12401,0.46408300908845845,1.0000691
12402,0.46476461716790674,0.9993389
12403,0.46544622492995735,1.000817
12404,0.46680944077145625,1.0004597
12405,0.4674910488509063,0.999324
12406,0.4688542646924052,1.0003041
12407,0.4695358727718535,0.9998739
12408,0.4702174808513018,1.0008052
12409,0.47158069669280067,1.0000338
12410,0.47226230477225073,1.0004705
12411,0.47362552061374963,0.9994171
12412,0.4743071286931979,1.0003914
12413,0.47498873645524853,1.001517
12414,0.4763519526141451,1.0009003
12415,0.4770335603761957,1.0002316
12416,0.4783967762176946,0.9993489
12417,0.4790783842971429,1.0021693
12418,0.47975999237659295,1.0010444
12419,0.48112320821809185,1.0001686
12420,0.48180481629754013,1.0003387
12421,0.48248642405959075,1.0000804
12422,0.4838496402184873,1.0004822
12423,0.4845312479805379,0.9995909
12424,0.48589446413943627,0.9996061
12425,0.4865760719014869,1.0004954
12426,0.48725767998093517,0.9999927
12427,0.48862089582243406,0.999082
12428,0.48930250390188235,0.9995538
12429,0.49066571974338125,1.0006484
12430,0.4913473278228313,0.9993669
12431,0.49202893558488014,0.9994334
12432,0.4933921517437785,1.000766
12433,0.4940737595058291,1.0004797
12434,0.49543697566472567,0.999842
12435,0.4961185834267763,0.9997798
12436,0.49680019150622456,0.9994546
12437,0.49816340734772346,0.9997597
12438,0.4988450154271735,0.9999923
12439,0.4995266235066218,0.9998341
12440,-0.4991101606518793,1.0001736
12441,-0.4984285528898287,1.0005914
12442,-0.4970653367309321,0.9990598
12443,-0.4963837289688815,1.000381
12444,-0.49570212088943144,0.999095
12445,-0.49433890504793254,0.9990504
12446,-0.49365729696848426,0.9996313
12447,-0.49229408112698536,0.9998613
12448,-0.4916124730475371,1.0011372
12449,-0.490930864968087,1.00083
12450,-0.4895676491265881,1.0001182
12451,-0.48888604104713984,1.0000243
12452,-0.48752282520564094,0.9990887
12453,-0.48684121712619266,0.9999618
12454,-0.48615960936414204,0.9991591
12455,-0.48479639352264314,0.9998566
12456,-0.48411478544319486,1.0002853
12457,-0.4834331773637448,0.9995286
12458,-0.4820699615222459,0.9999832
12459,-0.4813883534427976,1.000296
12460,-0.4800251376012987,0.9994758
12461,-0.47934352952185044,0.9998212
12462,-0.4786619217597998,0.9999348
12463,-0.4772987056009015,0.999568
12464,-0.47661709783885087,1.0002388
12465,-0.4752538816799543,1.0001167
12466,-0.4745722739179037,0.9996876
12467,-0.4738906658384554,1.0004083
12468,-0.4725274499969565,0.9999692
12469,-0.47184584191750645,0.9999991
12470,-0.47048262607600755,0.9990745
12471,-0.46980101799655927,1.0002349
12472,-0.46911941023450865,0.9994027
12473,-0.4677561940756121,1.0006753
12474,-0.46707458631356147,0.9999013
12475,-0.4663929782341132,0.99956
12476,-0.4650297623926143,0.9994576
12477,-0.46434815431316423,0.9997405
12478,-0.46298493847166533,0.9992708
12479,-0.46230333039221705,1.0004995
12480,-0.46162172263016643,1.0008909
12481,-0.46025850647126987,0.9999664
12482,-0.45957689870921925,0.9995186
12483,-0.4582136825503209,0.999487
12484,-0.4575320747882703,0.9993942
12485,-0.456850466708822,0.9998588
12486,-0.4554872508673231,0.9997041
12487,-0.45480564278787483,1.0002496
12488,-0.45344242694637593,0.9999465
12489,-0.4527608188669259,0.9999481
12490,-0.4520792107874776,0.9996011
12491,-0.4507159949459787,0.9992444
12492,-0.4500343868665304,1.0001366
12493,-0.4493527791044798,1.0007262
12494,-0.4479895632629809,0.9994682
12495,-0.4473079551835326,1.0000388
12496,-0.4459447393420337,0.99807
12497,-0.44526313126258366,0.9993716
12498,-0.4445815231831354,0.9993264
12499,-0.4432183073416365,1.0003762
12500,-0.4425366992621882,0.9990183
12501,-0.4411734834206893,1.001455
12502,-0.44049187534123924,0.999925
12503,-0.4398102675791886,1.00013
12504,-0.43844705142029206,0.9993389
12505,-0.43776544365824144,1.0001843
12506,-0.43640222781674254,1.00007
12507,-0.43572061973729426,0.9998717
12508,-0.435039011657846,1.0000875
12509,-0.4336757958163453,0.9999902
12510,-0.432994187736897,0.9996923
12511,-0.4323125799748464,1.0016962
12512,-0.43094936381594984,1.0005633
12513,-0.4302677560538992,1.0000883
12514,-0.4289045398950009,0.9999424
12515,-0.42822293213295204,1.0005403
12516,-0.427541324053502,1.0003408
12517,-0.4261781082120031,1.0004572
12518,-0.4254965001325548,0.999775
12519,-0.4241332842910559,0.9998828
12520,-0.4234516762116076,1.0003092
12521,-0.422770068449557,1.0001851
12522,-0.42140685229065866,1.00082
12523,-0.42072524452860804,0.999312
12524,-0.4193620283697115,1.0004262
12525,-0.41868042060766086,0.9996264
12526,-0.4179988125282126,1.0021789
12527,-0.4166355966867137,1.0020053
12528,-0.4159539886072636,1.000292
12529,-0.41527238052781534,1.0007328
12530,-0.41390916468631644,1.0002089
12531,-0.4132275569242658,0.9986831
12532,-0.41186434076536926,0.9997172
12533,-0.41118273300331865,1.0004413
12534,-0.41050112492387036,1.0006261
12535,-0.40913790908237146,0.9993891
12536,-0.4084563010029214,1.0001718
12537,-0.4070930851614225,1.0008235
12538,-0.4064114770819742,0.9996626
12539,-0.40572986900252594,1.0004313
12540,-0.40436665316102705,1.0005352
12541,-0.403685045081577,1.0006464
12542,-0.4023218292400781,0.9992026
12543,-0.4016402211606298,1.0002338
12544,-0.4009586133985792,1.0001328
12545,-0.3995953975570803,0.9995822
12546,-0.398913789477632,1.0004076
12547,-0.3982321813981837,0.9990344
12548,-0.39686896555668305,1.0002864
12549,-0.39618735747723477,1.0003311
12550,-0.39482414163573587,0.9999783
12551,-0.3941425335562876,1.0000214
12552,-0.39346092579423697,0.9991895
12553,-0.39209770963533863,0.999485
12554,-0.3914161018732898,0.999871
12555,-0.39005288571439145,1.0003279
12556,-0.38937127795234083,1.0007179
12557,-0.38868966987289255,1.0002554
12558,-0.38732645403139365,1.0001902
12559,-0.38664484595194537,1.0004334
12560,-0.38528163011044647,0.9996273
12561,-0.3846000220309964,0.9987736
12562,-0.38391841426894757,1.0003202
12563,-0.38255519811004923,0.999668
12564,-0.3818735903479986,1.0002021
12565,-0.38119198226855033,1.0000468
12566,-0.37982876642705143,1.0011622
12567,-0.37914715834760315,0.9996343
12568,-0.3777839425061025,1.0004136
12569,-0.3771023344266542,0.9990469
12570,-0.3764207266646036,0.9987552
12571,-0.375057510505707,0.9999549
12572,-0.3743759027436564,1.000319
12573,-0.3723310788227092,1.0005439
12574,-0.37164947074325916,1.0002336
12575,-0.37028625490176026,1.0006405
12576,-0.369604646822312,0.9997261
12577,-0.3682414309808131,0.9997
12578,-0.3675598229013648,0.9995841
12579,-0.36687821482191474,1.0007819
12580,-0.36551499898041584,1.0000513
12581,-0.36483339090096756,0.9997712
12582,-0.36415178313891694,1.000751
12583,-0.36278856729741804,0.9993965
12584,-0.36210695921796976,0.9996884
12585,-0.36074374337647086,1.0002221
12586,-0.3600621352970226,1.0008198
12587,-0.3593805272175725,0.9999458
12588,-0.3580173113760736,0.9998745
12589,-0.35733570329662534,0.9992045
12590,-0.35597248745512644,0.9992546
12591,-0.35529087937567816,1.0008545
12592,-0.35460927161362754,1.0008721
12593,-0.3532460554547292,1.0000258
12594,-0.3525644476926786,1.0005494
12595,-0.3512012318511797,1.0004209
12596,-0.3505196237717314,0.9999158
12597,-0.3498380156922831,0.9994557
12598,-0.3484747998507842,0.9987925
12599,-0.34779319177133416,1.0001056
12600,-0.3471115840092853,0.9997633
12601,-0.345748367850387,0.9995414
12602,-0.34506676008833637,0.9990044
12603,-0.3437035439294398,1.0010319
12604,-0.3430219361673892,0.9987396
12605,-0.3423403280879409,0.9993311
12606,-0.34097711224644023,1.0007934
12607,-0.34029550416699195,1.0006376
12608,-0.33893228832549305,1.0003789
12609,-0.33825068024604477,0.9998609
12610,-0.33756907248399415,1.0016389
12611,-0.3362058563250976,0.9997177
12612,-0.33552424856304697,1.000593
12613,-0.33416103240414863,0.9990058
12614,-0.333479424642098,0.9996513
12615,-0.33279781656264973,0.9999077
12616,-0.33143460072115083,1.000098
12617,-0.33075299264170255,1.0007051
12618,-0.3300713845622525,0.9998779
12619,-0.3287081687207536,0.9984176
12620,-0.32802656095870475,0.9992578
12621,-0.3266633447998064,0.9997786
12622,-0.3259817370377558,0.999806
12623,-0.3253001289583075,1.0005362
12624,-0.3239369131168086,0.9994522
12625,-0.32325530503736033,0.9997385
12626,-0.32189208919585965,0.9994871
12627,-0.3212104811164114,0.9998321
12628,-0.3205288730369631,0.9995654
12629,-0.3191656571954642,0.9995091
12630,-0.3184840491160159,0.999894
12631,-0.317120833274517,0.9996805
12632,-0.31643922519506695,0.9988502
12633,-0.31575761743301634,0.9996802
12634,-0.31439440159151744,0.9994752
12635,-0.31371279351206915,1.0002756
12636,-0.3130311854326209,0.999899
12637,-0.311667969591122,0.9996341
12638,-0.3109863615116719,0.9990764
12639,-0.309623145670173,1.000273
12640,-0.30894153759072474,0.9996899
12641,-0.3082599298286741,0.9993505
12642,-0.30689671366977755,0.9997854
12643,-0.30621510590772694,1.0000108
12644,-0.3048518897488286,0.9999671
12645,-0.30417028198677976,1.0007406
12646,-0.3034886739073297,0.9998381
12647,-0.3021254580658308,1.0013193
12648,-0.3014438499863825,0.9995308
12649,-0.3000806341448836,0.999565
12650,-0.29939902606543534,1.0001789
12651,-0.2987174183033847,1.0012004
12652,-0.2973542021444864,0.9994816
12653,-0.29667259438243576,1.0004565
12654,-0.2946277704614886,0.9991214
12655,-0.2939461623820403,0.9993298
12656,-0.2925829465405414,0.9998823
12657,-0.29190133846109134,0.9997413
12658,-0.2912197306990425,1.0009223
12659,-0.28985651454014416,0.9996175
12660,-0.28917490677809354,1.0001196
12661,-0.287811690619197,1.0001117
12662,-0.28713008285714636,1.0003761
12663,-0.2864484747776981,1.0004806
12664,-0.2850852589361992,1.0001804
12665,-0.2844036508567491,1.0006053
12666,-0.2830404350152502,0.9998152
12667,-0.28235882693580194,1.0001084
12668,-0.28167721885635366,1.0019974
12669,-0.28031400301485476,1.0005487
12670,-0.2796323949354047,1.0008674
12671,-0.2789507871733541,0.9997023
12672,-0.2775875713318552,1.0002773
12673,-0.2769059632524069,0.9993072
12674,-0.275542747410908,0.9996551
12675,-0.2748611393314597,0.9997129
12676,-0.27417953125200967,1.0000977
12677,-0.27281631541051077,0.9993394
12678,-0.2721347073310625,0.9998023
12679,-0.2707714914895636,1.0000432
12680,-0.2700898834101153,0.9998908
12681,-0.2694082756480647,0.9987428
12682,-0.26804505948916635,0.9999133
12683,-0.2673634517271175,0.9995761
12684,-0.2660002358856186,1.0004264
12685,-0.26531862780616855,0.9992935
12686,-0.26463701972672027,0.999227
12687,-0.26327380388522137,1.0003092
12688,-0.2625921958057731,1.000383
12689,-0.26191058804372247,0.9998725
12690,-0.26054737188482413,0.9997076
12691,-0.2598657641227735,0.999606
12692,-0.25850254796387695,0.9996933
12693,-0.25782094020182633,0.9997797
12694,-0.25713933212237805,1.0003692
12695,-0.25577611628087915,0.9995999
12696,-0.2537312923599302,0.9995672
12697,-0.2530496842804819,0.9997087
12698,-0.2523680765184313,1.0003061
12699,-0.25100486035953473,0.999721
12700,-0.2503232525974841,0.9988853
12701,-0.24896003643858577,0.9991342
12702,-0.24827842867653693,0.999113
12703,-0.24759682059708688,1.0002143
12704,-0.24623360475558798,1.0003659
12705,-0.2455519966761397,0.9987405
12706,-0.2448703885966914,0.999984
12707,-0.2435071727551925,0.9987819
12708,-0.2428255649931419,1.000533
12709,-0.24146234883424356,1.0000942
12710,-0.24078074107219294,0.9985951
12711,-0.24009913299274466,0.9999155
12712,-0.23873591715124576,1.000021
12713,-0.23805430907179748,1.0000557
12714,-0.23669109323029858,1.0000189
12715,-0.23600948515084852,0.9995746
12716,-0.23532787707140024,1.0000778
12717,-0.23396466122990134,1.0004779
12718,-0.23328305315045306,1.0005308
12719,-0.23191983730895416,0.9989143
12720,-0.2312382292295041,1.0008247
12721,-0.23055662146745526,0.999525
12722,-0.22919340562595636,0.9989975
12723,-0.2285117975465063,0.9996022
12724,-0.22783018946705802,0.9988347
12725,-0.22646697362555912,0.9996284
12726,-0.22578536554611084,1.0009139
12727,-0.22442214970461194,0.999532
12728,-0.22374054162516188,0.999922
12729,-0.22305893386311126,0.9996192
12730,-0.2216957177042147,0.9987535
12731,-0.22101410994216408,0.9987475
12732,-0.21965089378326752,1.0001368
12733,-0.2189692860212169,0.9987953
12734,-0.21828767794176862,0.9998477
12735,-0.21692446210026795,0.9995521
12736,-0.21624285402081966,1.0001413
12737,-0.21487963817932076,1.0009846
12738,-0.21419803009987248,1.0008935
12739,-0.21351642233782187,1.0000081
12740,-0.21215320617892353,1.0005994
12741,-0.21147159841687468,0.9993576
12742,-0.21078999033742463,1.0007122
12743,-0.20942677449592573,0.9995418
12744,-0.20874516641647745,0.9996471
12745,-0.20738195057497855,1.0008006
12746,-0.20670034249553026,1.0008392
12747,-0.20601873473347965,1.00082
12748,-0.2046555185745813,1.0000778
12749,-0.2039739108125307,1.000086
12750,-0.20261069465363413,0.9998798
12751,-0.2019290868915835,1.0005875
12752,-0.20124747881213523,1.0003437
12753,-0.19988426297063633,0.9997211
12754,-0.19920265489118627,1.0003409
12755,-0.19783943904968737,1.0004976
12756,-0.1971578309702391,0.9996426
12757,-0.1964762228907908,0.9997283
12758,-0.1951130070492919,0.9991833
12759,-0.19443139896984363,1.0008553
12760,-0.193749791207793,0.9994675
12761,-0.1923865753662941,1.000098
12762,-0.19170496728684405,1.000389
12763,-0.19034175144534515,1.0003514
12764,-0.18966014336589687,1.000031
12765,-0.1889785352864486,0.99977
12766,-0.1876153194449497,1.0000103
12767,-0.18693371136549963,1.0001921
12768,-0.18557049552400073,0.9999839
12769,-0.18488888744455245,1.0007869
12770,-0.18420727968250183,1.000499
12771,-0.18284406352360527,0.9990418
12772,-0.18216245576155465,0.9992881
12773,-0.18079923992005575,1.0005148
12774,-0.1801176318406057,0.9989671
12775,-0.17943602376115741,0.9992012
12776,-0.17807280791965852,0.9994778
12777,-0.17739119984021023,0.9983576
12778,-0.17670959207815962,1.0001778
12779,-0.17534637591926305,0.9991093
12780,-0.17466476815721244,1.0006289
12781,-0.1733015519983141,0.9996199
12782,-0.17261994423626348,1.0006911
12783,-0.1719383361568152,0.9994599
12784,-0.1705751203153163,1.0004212
12785,-0.16989351223586802,0.9995973
12786,-0.16853029639436912,0.9996876
12787,-0.16784868831491906,0.999021
12788,-0.16716708055287022,1.0025541
12789,-0.16580386439397188,0.9996892
12790,-0.16512225663192126,0.9992162
12791,-0.1637590404730247,1.0009105
12792,-0.16307743271097408,0.9989439
12793,-0.1623958246315258,0.999992
12794,-0.16103260879002512,1.0003527
12795,-0.16035100071057684,1.0000361
12796,-0.15966939263112856,1.0000928
12797,-0.15830617678962966,1.0017813
12798,-0.15762456902757904,0.9999348
12799,-0.1562613528686807,0.9994459
12800,-0.15557974510663186,0.999659
12801,-0.1548981370271818,0.9998834
12802,-0.1535349211856829,0.9998549
12803,-0.15285331310623462,0.9994113
12804,-0.15149009726473572,0.9994442
12805,-0.15080848918528744,0.9995102
12806,-0.15012688110583738,1.0006477
12807,-0.14876366526433848,0.9995759
12808,-0.1480820571848902,0.9999607
12809,-0.14740044942283959,0.9998691
12810,-0.14603723326394302,0.999826
12811,-0.1453556255018924,0.9991462
12812,-0.1439924096603935,1.0009664
12813,-0.14331080158094522,0.9993767
12814,-0.14262919350149517,1.0001582
12815,-0.14126597765999627,1.0003095
12816,-0.14058436958054799,1.0013777
12817,-0.13922115373904909,0.9998749
12818,-0.1385395456596008,0.999814
12819,-0.1378579378975502,0.999812
12820,-0.13649472173865185,1.0002354
12821,-0.13581311397660123,0.9995593
12822,-0.13444989781770467,1.0000567
12823,-0.13376829005565405,0.9998947
12824,-0.13308668197620577,1.0004337
12825,-0.13172346613470687,1.0009321
12826,-0.1310418580552568,1.0003817
12827,-0.13036025029320797,0.9998197
12828,-0.12899703413430963,0.9995077
12829,-0.128315426372259,1.0000151
12830,-0.12695221021336245,0.9993913
12831,-0.12627060245131183,1.0018174
12832,-0.12558899437186355,0.9991547
12833,-0.12422577853036465,1.0007891
12834,-0.12354417045091459,0.999001
12835,-0.12218095460941569,1.000107
12836,-0.12149934652996741,1.0007562
12837,-0.1208177387679168,1.0007072
12838,-0.11945452260902023,1.0005491
12839,-0.11877291484696961,0.99905
12840,-0.11740969868807127,1.0002015
12841,-0.11672809092602066,1.0000436
12842,-0.11604648284657237,0.9995089
12843,-0.11468326700507347,1.0003324
12844,-0.1140016589256252,0.9991991
12845,-0.11332005084617514,0.9998114
12846,-0.11195683500467624,1.0002421
12847,-0.11127522692522795,1.0000912
12848,-0.10991201108372906,1.0003959
12849,-0.10923040300428077,1.0006807
12850,-0.10854879524223016,1.0000067
12851,-0.10718557940073126,1.0005826
12852,-0.10650397132128298,1.0000691
12853,-0.1051407554797823,0.9997473
12854,-0.10445914740033402,1.000367
12855,-0.10377753932088574,0.9997343
12856,-0.10241432347938684,0.9993273
12857,-0.10173271539993856,1.0004388
12858,-0.10036949955843966,1.0006994
12859,-0.0996878914789896,1.0009881
12860,-0.09900628371693898,0.9992916
12861,-0.09764306755804242,0.9991361
12862,-0.0969614597959918,0.9995352
12863,-0.09627985171654352,0.9996489
12864,-0.09491663587504462,0.9998929
12865,-0.09423502779559456,0.9997259
12866,-0.09287181195409566,0.99949
12867,-0.09219020387464738,1.000149
12868,-0.09150859611259676,1.0003971
12869,-0.0901453799537002,0.9998773
12870,-0.08946377219164958,0.9996856
12871,-0.08810055603275124,0.9996655
12872,-0.0874189482707024,1.0000602
12873,-0.08673734019125234,0.9998886
12874,-0.08537412434975344,1.0001712
12875,-0.08469251627030516,0.9994346
12876,-0.08332930042880626,1.0014719
12877,-0.08264769234935798,1.0001115
12878,-0.08196608458730736,1.0009636
12879,-0.08060286842840902,0.9996666
12880,-0.0799212606663584,1.0005975
12881,-0.07923965258691013,0.9989
12882,-0.07787643674541123,0.9997429
12883,-0.07719482866596294,1.0007894
12884,-0.07583161282446405,1.0001559
12885,-0.07515000474501399,0.9992154
12886,-0.0744683966655657,1.0006161
12887,-0.0731051808240668,1.0004578
12888,-0.07242357306201619,1.0003421
12889,-0.07106035690311963,0.9992619
12890,-0.07037874914106901,1.0008746
12891,-0.06969714106162073,1.0007821
12892,-0.06833392522012183,1.0004148
12893,-0.06765231714067177,1.0003912
12894,-0.06628910129917287,0.9999673
12895,-0.06560749321972459,1.0004316
12896,-0.06492588514027631,0.9984987
12897,-0.06356266929877741,1.0001658
12898,-0.06288106121932735,0.999932
12899,-0.06219945345727673,0.9996852
12900,-0.06083623729838017,0.9995333
12901,-0.06015462953632955,1.0007314
12902,-0.05879141369483065,0.9985628
12903,-0.05810980561538237,1.0007277
12904,-0.05742819753593409,0.999898
12905,-0.05606498169443341,1.0002802
12906,-0.05538337361498513,1.0009199
12907,-0.05402015777348623,1.0002445
12908,-0.05333854969403795,0.999337
12909,-0.05265694193198733,1.0000005
12910,-0.051293725773088994,1.0006221
12911,-0.05061211801104015,0.9994001
12912,-0.04924890185214181,1.0009092
12913,-0.048567294090091195,1.0001946
12914,-0.047885686010642914,0.9994448
12915,-0.046522470169144015,1.0000466
12916,-0.04584086208969573,1.0008993
12917,-0.045159254327645115,0.9990663
12918,-0.043796038168746776,0.9998903
12919,-0.04311443040669616,0.9993086
12920,-0.041751214247799595,0.9996106
12921,-0.04106960648574898,1.0002085
12922,-0.040387998406300696,0.9996553
12923,-0.039024782564801797,0.9996393
12924,-0.03834317448535174,0.9997545
12925,-0.03697995864385284,0.9991344
12926,-0.03629835056440456,0.9999829
12927,-0.03561674280235394,1.0001135
12928,-0.03425352664345738,0.9994026
12929,-0.03357191888140676,1.0002921
12930,-0.03220870272250842,1.0000541
12931,-0.03152709496045958,1.0001591
12932,-0.03084548688100952,1.0001211
12933,-0.02948227103951062,1.0011366
12934,-0.02880066296006234,1.0007039
12935,-0.02811905488061406,0.9996947
12936,-0.02675583903911516,1.0006492
12937,-0.0260742309596651,0.9989541
12938,-0.024711015118166202,0.9998593
12939,-0.02402940703871792,1.0004466
12940,-0.023347799276667303,0.9994557
12941,-0.021984583435168403,0.999811
12942,-0.021302975355720122,0.9999133
12943,-0.019939759514221223,0.9999145
12944,-0.019258151434771165,1.0001877
12945,-0.018576543355322883,1.0000478
12946,-0.017213327513823984,0.9993989
12947,-0.016531719434375702,0.9998101
12948,-0.015168503592876803,1.0001185
12949,-0.014486895513426745,1.0009529
12950,-0.013805287751377904,0.9994551
12951,-0.012442071592479564,0.9983925
12952,-0.011760463830428947,0.9987319
12953,-0.011078855750980665,0.9977121
12954,-0.009715639909481766,0.9989494
12955,-0.009034031830033484,0.9982418
12956,-0.007670815988534585,0.9976675
12957,-0.006989207909084527,0.9984234
12958,-0.006307600147035686,0.9984987
12959,-0.004944383988137346,0.9988353
12960,-0.004262776226086729,0.9983383
12961,-0.0028995600671901656,0.9977614
12962,-0.0022179523051395478,0.9984164
12963,-0.0015363442256912663,0.9971174
12964,-0.00017312838419059062,0.9980271
12965,0.0005084796952559145,0.9971412
12966,0.0018716955367565902,0.9982165
12967,0.002553303616206648,0.9983977
12968,0.003234911378257266,0.9983899
12969,0.004598127537153829,0.9994748
12970,0.005279735299204447,0.9984672
12971,0.005961343378650952,0.9981171
12972,0.007324559220151627,0.9986182
12973,0.008006167299598133,0.9981239
12974,0.009369383141098808,0.9993065
12975,0.010050991220548866,0.9994074
12976,0.010732599299995371,0.9994685
12977,0.012095815141496047,0.9981545
12978,0.012777422903546665,0.9981971
12979,0.014140639062443228,0.99947
12980,0.014822246824493845,0.9993149
12981,0.015503854903943903,1.0001441
12982,0.016867070745441026,0.9995461
12983,0.017548678824891084,0.9991323
12984,0.018911894666388207,0.9990089
12985,0.019593502745838265,1.0008734
12986,0.020275110825288323,0.9999813
12987,0.021638326666785446,0.9997295
12988,0.022319934746235504,0.9995816
12989,0.02300154250828612,0.9999822
12990,0.024364758667182684,0.9995242
12991,0.025046366429233302,1.0003161
12992,0.026409582270730425,1.0005528
12993,0.027091190350180483,1.0010446
12994,0.02777279842963054,0.9997893
12995,0.029136014271127664,1.0013709
12996,0.02981762235057772,1.0008194
12997,0.031180838192074845,0.9993468
12998,0.0318624462715249,1.0000389
12999,0.03254405403357552,0.9986813
13000,0.03390727019247208,1.000391
13001,0.0345888779545227,0.9992102
13002,0.035952094113419264,0.9999926
13003,0.03663370187546988,0.9999028
13004,0.03731530995491994,1.0001617
13005,0.03867852579641706,1.0002812
13006,0.03936013387586712,0.9999191
13007,0.04004174163791774,0.9996916
13008,0.0414049577968143,0.9992162
13009,0.04208656555886492,0.9986677
13010,0.04344978171776148,0.9990288
13011,0.0441313894798121,1.0009253
13012,0.04481299755926216,1.0013766
13013,0.04617621340076283,1.0001505
13014,0.04685782148020934,0.998896
13015,0.048221037321710014,1.000386
13016,0.04890264540115652,0.9996306
13017,0.04958425316320714,0.9995841
13018,0.0509474693221037,1.0008056
13019,0.05162907708415432,0.9993772
13020,0.052992293243054434,1.0007529
13021,0.05367390100510505,0.9986068
13022,0.054355509084551556,1.0007647
13023,0.05571872492605223,1.0002353
13024,0.05640033300549874,0.999515
13025,0.057081941084948795,1.0002326
13026,0.05844515692644947,0.9999644
13027,0.059126765005895976,0.9987295
13028,0.06048998084739665,1.0003849
13029,0.06117158892684316,0.9996816
13030,0.061853196688893775,0.9997528
13031,0.06321641253039445,1.0000198
13032,0.06389802060984096,0.9995942
13033,0.06526123645134163,1.0002064
13034,0.06594284453079169,0.9999397
13035,0.0666244526102382,1.0001355
13036,0.06798766845173887,1.000733
13037,0.06866927653118537,0.9989464
13038,0.07003249237268605,1.0007951
13039,0.07071410045213611,0.9994249
13040,0.07139570821418673,1.0002488
13041,0.07275892437308329,1.0004829
13042,0.0734405321351339,1.0000086
13043,0.07412214021458041,0.9988427
13044,0.07548535605608109,0.9994162
13045,0.07616696413553115,0.9999701
13046,0.07753017997702827,0.9996054
13047,0.07821178805647833,0.9998487
13048,0.07889339581852894,1.0004838
13049,0.08025661197742551,1.0001227
13050,0.08093821973947612,1.0002755
13051,0.08230143589837269,1.0009863
13052,0.0829830436604233,1.0001318
13053,0.08366465173987336,1.001089
13054,0.08502786758137049,1.0000207
13055,0.08570947566082054,1.0005244
13056,0.08707269150231767,0.9995125
13057,0.08775429958176773,0.9987447
13058,0.08843590734381834,1.0001781
13059,0.0897991235027149,1.0001179
13060,0.09048073126476552,1.0001036
13061,0.09116233934421558,1.0001483
13062,0.0925255551857127,0.9994805
13063,0.09320716326516276,1.0000788
13064,0.09457037910665989,0.999498
13065,0.09525198718610994,0.9993191
13066,0.09593359526556,1.0011569
13067,0.09729681110705712,1.000814
13068,0.09797841886910774,0.9989657
13069,0.0993416350280043,0.9994934
13070,0.10002324279005492,0.9997961
13071,0.10070485086950498,0.9999962
13072,0.1020680667110021,1.0011507
13073,0.10274967479045216,1.0003239
13074,0.10411289063195284,1.0005075
13075,0.10479449871139934,1.0007982
13076,0.1054761067908494,1.0002731
13077,0.10683932263234652,1.000093
13078,0.10752093071179658,0.9994584
13079,0.1082025384738472,1.000076
13080,0.10956575463274376,0.9998791
13081,0.11024736239479438,1.0003981
13082,0.11161057823629505,1.0007512
13083,0.11229218631574156,0.9999762
13084,0.11297379439519162,1.000307
13085,0.1143370102366923,0.9991048
13086,0.1150186183161388,0.9986321
13087,0.11638183415763947,0.9992406
13088,0.11706344223708598,1.0001
13089,0.1177450499991366,0.9994875
13090,0.11910826615803671,0.9996339
13091,0.11978987392008378,1.0002829
13092,0.1211530900789839,1.0008327
13093,0.12183469784103451,0.9995401
13094,0.12251630592048102,0.999703
13095,0.12387952176198169,0.999769
13096,0.1245611298414282,1.0006542
13097,0.12524273760347882,1.0000571
13098,0.12660595376237893,1.0020338
13099,0.12728756152442955,0.9996983
13100,0.1286507776833261,0.999611
13101,0.12933238544537673,1.0004038
13102,0.13001399352482323,0.9990692
13103,0.1313772093663239,0.9991859
13104,0.1334220332872711,0.9987262
13105,0.13410364136672115,0.9998282
13106,0.13478524912877177,0.9995649
13107,0.13614846528766833,0.9996237
13108,0.13683007304971895,0.9992379
13109,0.1381932892086155,1.0006173
13110,0.13887489697066613,0.9993731
13111,0.1395565050501162,0.9997783
13112,0.1409197208916133,1.0002516
13113,0.14160132897106337,0.9998931
13114,0.14228293705050987,1.0006653
13115,0.14364615289201055,0.9994165
13116,0.1443277609714606,1.000735
13117,0.14569097681295773,1.0000645
13118,0.1463725848924078,1.0003557
13119,0.1470541926544584,0.9999156
13120,0.14841740849595553,0.9993721
13121,0.14909901657540559,0.9997299
13122,0.1504622324169027,0.9999862
13123,0.15114384049635277,0.9999885
13124,0.15182544857580282,0.9996975
13125,0.15318866441729995,0.9991656
13126,0.15387027249675,1.0007395
13127,0.15523348833824713,1.0001291
13128,0.15591509641769719,1.000929
13129,0.1565967041797478,0.9991183
13130,0.15795992033864437,1.0008775
13131,0.15864152810069498,0.9995407
13132,0.15932313618014504,1.0000641
13133,0.16068635202164216,1.000298
13134,0.16136796010109222,0.9999949
13135,0.16273117594258935,1.0000321
13136,0.1634127840220394,1.000911
13137,0.16409439178409002,0.9995612
13138,0.16545760794298658,1.0000206
13139,0.16750243186393377,0.9992929
13140,0.16818403962598438,1.0000194
